0	α φωνῆεν (cf h v) πο20. 1456b27. — θήλεα ὅσα εἰς α ἐπεκ-
1	τεινόμενον τελευτᾷ πο21. 1458a12. — αἱ ἀπὸ τȣ͂ α ἀπο-
2	φάσεις ποσαχῶς Μδ22. 1022b32, διχῶς, τῷ μὴ ἔχειν, τῷ
3	φαύλως ἔχειν Αγ12. 77b24. σχεδὸν ἐπὶ ἐναντίοις λέγονται
4	gismorum fgura Aα 4 al.
5	ἀάζειν θερμόν μβ8. 367b2. opp φυσᾶν πλδ7. 964a11. ὁ
6	ἀάζων ἀθρόον ἐκπνεῖ τὸν ἀέρα πλδ7. 964a16.
7	ἀασμός, ἀθρόȣ (ἀέρος) ἔκπνευσις πλδ 7. 964a18.
8	σθησαν f 559. 1570a36, 38.
9	ἀβαρές, opp τὸ ἔχον βάρος Οα8. 277b19. Μγ2.1004b14.
10	ἀβατώτατος τόπος οἱ τάφοι πκ 12. 924a5.
11	Ἀβδηρίτης. Δημόκριτος ὁ Ἀ. Ογ4. 303a4. μβ7. 365a19.
12	αν 2. 470b28. Ζγβ6. 742b20. δ1. 764a7.
13	ἀβέβαιος φιλία, opp βέβαιος ηεη2. 1236b9. ἀβέβαιοι Ηι12.
14	1172a9.  λεία σὰρξ ϗ̀ εὐφυέα ϗ̀ ἀβέβαιον σημαίνει φ2.
15	806b23. — φαντάσματα ἀβέβαια (veluti λαμπάδες, δοκί-
16	δες, πίθοι) κ4. 395b15. ὀφθαλμὸς ἀβέβαιος Ζια10. 492a12.
17	νηρία ρ5. 1426b32, 30. δεισιδαίμων ἄνευ ἀβελτηρίας (ἀβελ-
18	τερίας Bk) Πε11. 1315a3. hoc loco et οβ1352b8 ἀβελ-
19	τηρία cum codd Bk scripsit.
20	ἀβέλτερος ρ5. 1426b36. — ὅσοι ἐξόφθαλμοι, ἀβέλτεροι
21	φ 6. 811b23.
22	ἀβίαστος συστέλλεται ἡ τȣ͂ πνεύματος φύσις Ζκ10. 703a21.
23	ἀβλαβης. act ὅσα ἀβλαβῆ τῶν ἡδέων, χαρὰ ἀβλαβής Πθ5.
24	1339b25. 7. 1342a16. — περιττώματα ὑδαρῇ γίνεται ϗ̀
25	ἀβλαβῆ πκη1. 949b1. — pass σκληρόδερμα ὄντα τὰ ὅμ-
26	βεῖς τȣς νεανίσκȣς κ6. 400b5.
27	ἄβολος ἵπτπος (i e ὁ μήπω βεβληκὼς τȣ̀ς ὀδόντας) Ζιζ22.
28	576b15.
29	ἄβρωτος θ 144. 845a20. χυμοὶ ἄβρωτοι ϗ̀ ἄποτοι μδ 3.
30	ι28. 618a1. Ζμδ5. 681a5. καρποὶ κατὰ συμβεβηκὸς ἄβρω-
31	τοι φτα 5. 820b4. διὰ τί τὰ μὲν ἄβρωτα τὰ δὲ βρωτά
32	πκ 6. 923a25.
33	Αβυδος θ31. 832b17. eius res publicae Πε 6. 1305b28,
34	οβ 1349a3.
35	ἀγαθοδαιμονιαστής ηεγ6. 1233b3 (ἀγαθοδαιμονιστής 
36	cod Mb Fr).
37	Ἀγαθοκλῆς, βασιλεὺς Σικελιωτῶν θ 110. 840b23.
38	κράτιστος v s h v).
39	τὸ ἀγαθόν 1. πο. καλῶς ἀπεφήναντο τἀγαθόν, ȣ̔͂ πάντ’
40	ἐφίεται· τὸ αὐτȣ͂ ἕνεκα ϗ̀ μὴ ἄλλȣ αἱρετόν, τὸ ȣ̔ ἕνεκα ϗ̀
41	τὸ τέλος sim Ηα1. 1094a3. 5. 1097a18, 20. ε7. 1131b23.
42	ημβ7. 1205b35. ηεα8. 1218b6. Ρα6. 1362a22, 1363a9.
43	7. 1363b13, 1364b17, 25. Πα2. 1252b34. β8. 1269a4.
44	γ12. 1282b15. ΜΑ3. 983a32 Bz. 7. 988b9. β2. 996a24.
45	κ1. 1050a36. λ10. 1075a37. τγ1. 116a19 al. ὅντος τινὸς
46	θείȣ ϗ̀ ἀγαθȣ͂ ϗ̀ ἐφετȣ͂ Φα9. 191a17. Ζκ6. 700b25. τἀ-
47	γαθὸν ϗ̀ τὸ εὖ Ηα6. 1097b27. ȣ̓δεὶς ὑπολαμβάνων πράττει
48	παρὰ τὸ βέλτιστον Ηη3. 1145b26. ὀρεκτόν ἐστιν ἢ τὸ ἀγα-
49	θὸν ἢ τὸ φαινόμενον (sive δοκȣ͂ν) ἀγαθόν ψγ10. 433a28. Πα1.
50	1252a3. ηεη 2. 1235b26. Μδ2. 1031b26. Φβ3. 195a26.
51	Ζκ6. 700b28. τὸ ἀληθῶς ϗ̀ πρώτως ἀγαθὸν θειότερον ἢ ὥστ'
52	εἶναι πρὸς ἕτερον Ζκ6. 700b33. ἀγαθά def et enumerantur
53	Ρα6. τὸ ἀγαθὸν ȣ̓κ ἔστιν ἐν γένει, ἀλλ' αὐτὸ γένος Κ11.
54	14a23. ποτέρως ἔχει ἡ τȣ͂ ὅλȣ φύσις τὸ ἀγαθὸν ϗ̀ τὸ ἄριστον
55	Μλ 10. 1075a12. τὸ βέλτιον ϗ̀ τὸ τιμιώτερον πρότερον τῇ
56	φύσει Κ 12. 14b4. βέλτιον ϗ̀ θειότερον ἡ ἀρχὴ ἡ κινȣ͂σα Ζγβ1.
57	732a3, 7. cf Ηη9. 1151a25. τὸ βέλτιον ἀεὶ ὑπολαμβάνο-
58	μεν ἐν τῇ φύσει ὑπάρχειν Φθ7. 260b22. 6. 259a11. πᾶν ἡ
59	φύσις ἢ διὰ τὸ ἀναγκαῖον ποιεῖ ἢ διὰ τὸ βέλτιον Ζγα4. 717
60	a16. β1. 731b23, 21. 4. 738b1. cf φύσις 2 c. ἀεὶ τὸ χεῖ-
61	ρον τȣ͂ βελτίονος ἕνεκέν ἐστιν Πη14. 1333a22. ημβ10. 1208
62	a13, 18. τῶν ἀγαθῶν ἁπάντων αἴτιον αὐτὸ τἀγαθόν ΜΑ4.
63	985a10. ȣ̓κ εἶναί τι αὐτοαγαθόν Μβ2. 996a28. idea boni
64	refutatur Ηα 4. ηεα 8. ημα1. 1182b10-1183b8. τἀγαθὸν
65	λέγεται ἰσαχῶς τῷ ὄντι,, ἐν πάσαις ταῖς κατηγορίαις, ὁμώ-
66	νυμον Ηα4. 1096a20, 23. ημα 1. 1183a9. β7. 1205a9.
67	ηεα8. 1217b26. τα15. 107a11, 106a4. τιθέντες ἐν τῇ τῶν
68	ἀγαθῶν συστοιχίᾳ τὸ ἔν Ηα4. 1096b6. ἀγαθὸν κατὰ τȣ̀ς
69	Πυθαγορείȣς τὸ δεξιὸν ϗ̀ ἄνω ϗ̀ ἔμπροσθεν f 195. 1513a24.
70	τὸ ἀγαθὸν τȣ͂ πεπερασμένȣ Ηβ5. 1106b30(cf Φθ6. 259a11).
71	— τἀγαθὸν οἰκεῖόν τι ϗ̀ δυσαφαίρετον Ηα3. 1095b25. τὸ
72	ἀγαθὸν ἁπλȣ͂ν, τὸ κακὸν πολύμορφον ηεη5. 1239b11
73	2. αcίeς τȣ͂ ἀγαθȣ͂ distinguuntur. τἀγαθὰ τὰ μὲν καθ.
74	αὐτά, ἕτερα δὲ διὰ ταῦτα· τὰ μέν ἐστι τέλῃ, τὰ δ' ȣ̓ τέλη
75	Ηα4. 1096b13. ημα2. 1184a3-14. τἀγαθὸν ϗ̀ τὸ ἄριστον,
76	τὸ ἀκρότατον τῶν πρακτῶν ἀγαθῶν Ηα1. 1094a22. 2. 1095
77	a17. τὸ ἄριστον ἀγαθόν. syn τέλειον ἀγαθόν ημα2. 1184a36.
78	4. 1184b36, 1185a1, 2. τὸ τέλειον ἀγαθὸν αὔταρκες Ηα5.
79	1097b8. Πα2. 1253a1. — τὸ πρακτὸν ἀγαθὸν τέλος τῶν
80	πρακτῶν ἀπάστων Ηα5. 1097a22. ηεα8. 1218b6. Ζκ6. 700
81	b25. τῶν ἀγαθῶν τὰ μέν ἐστιν ἀνθρώπῳ πρακτά, τὰ δ’ ȣ
82	ηεα7. 1217a31. ἀγαθὸν ἀνθρώπινον τί Ηα 6. 1098a16. 1.
83	1094b7. opp θεῶν ημα1. 1182b3-5. ταὐτὸν ἀγαθὸν ἑνὶ
84	ϗ̀πόλει Ηα1. 1094b7. ὁ αὐτὸς βίος ἄριτος ἑκάστῳ ϗ̀ κινῇ
85	ταῖς πόλεσι Πη3. 1325b31. ἀγαθὸν πολιτικόν Πγ12. 1282
86	b17. ημα1. 1182b5. — τὸ ἀγαθὸν διχῶς, τὸ μὲν ἁπλῶς
87	τὸ δὲ τινί Ηη13. 1152b27 Fr. ε2. 1129b3sqq. α1. 1094
88	b17. ηεγ 1. 1228b18. η2. 1235b31, 1236b26, 1237a27.
89	15. 1248b29. Πη13. 1332a23. (ἀγαθὰ ἁπλᾶ i e τὰ ἁ-
90	πλῶς ἀγαθά ηεη2. 1238b6, 7). ἕκαστον ἰδίȣ ἀγαθȣ͂ ὀρέγεται
91	ηεα8. 1218a32. τὸ ἑκάστȣ ἀγαθὸν σώζει ἕκαστον Πβ2.
92	1261b9. ἐν περὶ ἕκαστον εἶδος τὸ βέλτιστον ηεδ4. 1231b36.
93	— ἀγαθὸν κυρίως, dist φύσει Ηζ 13. 1144b7. — τȣ͂ ἀγαθȣ͂
94	τὸ μὲν ἐνέργεια τὸ δ' ἕξις Ηη13. 1152b33. θ6. 1157b6. —
95	τἀγαθὰ τριχῆ, ἐκτός, περὶ σῶμα, περὶ ψυχήν Ηα8. 1098
96	b12. ι9. 1169b10. ηεβ1. 1218b32 sqq. ημα3. 1184b1-6.
97	β3. 1200a13. 6. 1202a30. Ρα5. 1360b25. ρ36.1440b16.
98	τὰ ἐξωτερικὰ ἀγαθά Πη1. 1323b25. τῶν ἐκτὸς ἀγαθῶν
99	αἴτιον ταὐτόματον Πη1. 1323b27. — ἀγαθὰ ὁμολογȣ́μενα
100	τίνα Ρα6. 1362b10-29. ἀγαθὰ ἔντιμα Ρβ11. 1388a31,
101	b10. ἀγαθὰ περιμάχητα Πβ9. 1271b7. ἀλλότριον ἀγαθὸν ἡ
102	δικαιοσύνη Ηε3. 1130a3. ψευδῆ ἀγαθά Πδ12. 1297a11. —
103	τῶν μήτε ἀγαθῶν μήτε κακῶν ἀντίθεσις πρὸς τὰ μήτε
104	ἀγαθὰ μήτε κακά f 121. 1498b31, 40.
105	3. sηωα. τῷ ἀγαθῷ ϗ̀ κακῷ ἐν τῷ αὐτῷ γένει
106	τὸ ἀληθὲς ϗ̀ τὸ ψεῦδος ψγ7. 431b11. τὸ ἀγαθὸν, dist τὸ
107	καλόν Μμ 3. 1078a31 (cf coniuncta ἀγαθόν et καλόν Μδ1.
108	1013a22. ν 4. 1091a30, 36). ημβ9. 1207b30. ηεη15.
109	1248b18 Fr. ἀγαθὰ μέν, ἐπαινετὰ δ᾽ ȣ̓́ ηεη15. 1248b25.
110	ἀγαθόν, dist ἡδύ, χρήσιμον (sive συμφέρον) Ηθ2. 1115b19.
111	ηεη2. 1236a13. ημβ 11. 1209a17. Αα1. 24a 22. 40. 49
112	b10. Ρβ13. 1390a1 (cf α 3. 1358b22, 23. 6. 1362a20).
113	τὸ ἁπλῶς ἀγαθὸν ϗ̀ ἡδὺ ἁπλῶς ἐστίν Ηθ4. 1156b22, 15.
114	ημβ11. 1209a7, b32 sqq.
115	ἀγαθός. οἱ ἀγαθοὶ περί τι γιγνόμενοι Πε11. 1315a4.
116	ἵππος ἀγαθὸς δραμεῖν, μαθεῖν Ηβ5. 1106a20. Ζιι15. 616a11.
117	ἀγαθοὶ φαγεῖν Ζιι34. 619b31. φ3. 808b2. ἀμείνων σίδηρος
118	ποῖος μδ6. 383b4. αἱ κοχλίαι πότε ἀμείνȣς (sc πρὸς τὸ φα-
119	γεῖν) Ζιε 12. 544a22. ἵν' αὐτὸς αὑτȣ͂ τυγχάνει βέλτιστος
120	ὤν (Eur fr 183) Ρα11. 1371b33. ὁ εὔθυμος μὴ ἐπισπερ-
121	χὴς ἀλλ' ἀγαθὸς φαινέσθς φ3. 8087. —ἀγαθίς, stn σπȣ-
122	δαῖος Πγ16. 1287b12. coni syn φρόνιμος Ηζ13. 1144b1.
123	Πγ4. 1277a15. τγ1. 116a15. ἀγαθὸς κατ᾽ ἀρετήν, κατ᾽
124	ἀρετὴν τελείαν Ρβ4. 1381a27. Πα6. 1255a21. η4. 1276
125	b33. ἀγαθός ἐστιν ῷ τὰ φύσει ἀγαθά ἐστιν ἀγαθά ηεη15.
126	1248b27. ȣ̓χ οἷόν τε ἀγαθὸν εἶναι ἄνευ φρονήσεως, μὴ χαί-
127	ροντα ταῖς καλαῖς πράξεσιν Ηζ13. 1144b31, a36. α9.1099
128	a17. ἄριστος ὁ ϗ̀ πρὸς ἕτερον χρώμενος τῇ ἀρετῇ Ηε3. 1130
129	a7. γνώμῃ ἀρίστῃ τί ἐστι Ρα15. 1375a30, b17, 1376a19.
130	β25. 1402b34. ὁ ἀγαθὸς φίλος δ' αὐτόν, εἷς αὐτὸς αὑτῷ,
131	φίλος, ὀρεκτὸς αὐτὸς αὑτῷ Ηθ5. 1157a18 sqq. ηεη5. 1239
132	b12. 6. 1240b15, 19. ἀγαθός τε ϗ̀ εὐδαίμων ἅμα γίγνεται
133	ἀνήρ (secundum Platonem) f 623. 1583a17. γεσθαι ἀγα-
134	θȣ̀ς φύσει, ἔθει, διδαχῇ Ηκ10. 1179b19sqq, 1180b25.
135	ἀγαθὸς ἀνήο, dist ἀγαθὸς πολίτης Ηε 5. 1130b29. Πδ7.
136	1293b6. ζωὴ ἀρίστη Πη1. Οα9. 279a21. syn ἄριστα ἔχειν
137	Οβ12. 292a22, b5. ἀρίστη πολιτεία Πγ13. 1284b25. ὁ αὐ-
138	τὸς ὅρος τῷ τε ἀρίστῳ ἀνδρὶ ϗ̀ τῇ ἀρίστη πολιτείᾳ Πη15.
139	1334a13. — ἀγαθοί, βελτίȣς, ἄριστοι, syn εὐγενεῖς Πε1.
140	1302a1. β6. 1266a21. γ7. 1279a35.11. 1281a40. ἐξ ἀγα-
141	θῶν ἀγαθοί Πα6. 1255b2. γ13. 1283a36. Ρα9. 1367b30.
142	— τύχη ἀγαθή Φβ5. 197a25. Μκ8. 1065a35. — βοτάνη
143	συντελȣσα πρὸς ἀμβλυωπίαν ἄριστα θ171. 847a2. ἄριστον
144	μὲν ὕδωρ (Pind Οl 1, 1) Ρα7. 1364a28. — βέλτιον ἴσως
145	διελθεῖν ημβ11. 1208b7. ȣ̓ βέλτιον (i e ȣ̓κ ἀγαθόν) τι25.
146	180b12. — ἀγαθῶς τε7. 136b28. ἀγαθῶς ἔχειν Ρβ11.
147	1388b6. ἄριστα ἔχειν Οβ12. 292a22, b5. — ἀρίστως
148	φτα6. 820b36.
149	Αγάθυρσοι. ἐν Α. ᾄδȣσι τȣς νόμȣς πιθ28. 920a1.
150	1140a19 (fr 6). ηεγ1. 1230a1(fr 7). Ρβ19. 1392b7 (fr8),
151	β24. 1402a9 (fr 9), iidem versus (fr 9) resp πο18. 1456
152	a24. 25. 1461b15. — eius Πλίου πέρσις πο18. 1456a18, fort
153	resp πο23. 1459b6. ἐν τῷ Ἀγάθωνος Ἄνθει πο9. 1451b21.
154	τὸν Ἀχιλλέα βελτίω ἐποίει πο15. 1454b14 (? Nauck fr tr
155	594). ἦρξε τοὖ ᾄδειν ἐμβόλιμα πο18. 1456a30. ὥσπερ
156	Ἀντιφῶν ἔφη πρὸς Ἀγάθωνα ηεγ5. 1232b8.
157	ἄγαλμα, coni γρκφή Πη17. 1336b15. τὸ τῆς Ἀθηνᾶς ἄ-
158	γαλμα f402. 1545a24, 33.
159	ἀγ. ἢ γραφεὺς ἡθικός Πθ5. 1340a38.
160	Ἀγαμέμνων Ηθ13. 1161a14. Πγ14. 1285a11. πολογύ-
161	ναιος f 172. 1506b30. versus Homerici afferuntur τι4. 166
162	b7 (B15. v l cf Wolf Prol p GlVIII). Πγ16. 1287b14
163	(Β372). Ργ11. 1413a32 (I388). f 144. 1502b30 (Γ277).
164	ἐπιτάφιον ἐπὶ Ἀγαμέμνονος f 596. 1575a29. — Ἀγαμέμνων
165	tragoedia Aeschyli f 575. 1572b22, 26. — Αγαμεμνο-
166	νίδαις θυσία ἐν Τάραντι θ106. 840a8.
167	ἀγαμένως ν. ἄγασθαι.
168	ἄγαν πράττειν παρὰ τὸ Χιλώνειον, ττον ἄγαν ἅπαντα ποιεῖν
169	ἢ δεῖ Ρβ12. 1389b4. 13. 1389b17. τὸ ἄγαν ȣ̓ σώφρονος
170	Ηη3. 1146a12. — ἄγαν ψυχρόν, ξηρόν μβ8. 366b6. ἄγαν
171	ἄτοπον Πη2. 1324b23. ἄγαν δεσποτικός Πε6. 1306b3. ἡ
172	ἄγαν ἐλευθερία Πε12. 1316b24. — nonraro adiectivo post-
173	ponitur, ἐκ πολλῶν ἄγαν Πη4. 1326b4. Ζιγ19. 521a12.
174	ποιητικῶς γὰρ ἄγαν, σεμνὸν ἄγαν ϗ̀ τραγικόν Ργ3. 1406
175	b11, 8 al.
176	ἀγανακτȣ͂σι διὰ τὴν ὑπεροχήν Ρβ2. 1379a6.
177	σθαι, αἱρεῖσθαι, διώκειν Ηα3. 1095b17. 4. 1096b10. γ14.
178	1119a19. ἀγαπήσας τὴν κόρην διὰ τὸ κάλλος f66. 1487a2.
179	δι᾽ αὐτὸ ἀγαπᾶσθαι Ηα3. 1096a8 (cf 1. 1094a19). κ7.
180	1177b1. ΜΑ1. 980a23. αἱ ἀγαπώμεναι ἡδοναί Ηκ10. 1180
181	a14. syn χαίρειν τινί Ηγ13. 1118b4. syn χαρίζεσθαί τινι
182	Ηι8. 1168b33, 1169a3 (οἱ Λύκιοι ἀγαπῶσι τὸ τρίχωμα
183	φορεῖν οβ 1348a29). τὸ φιλεῖσθαι ἀγαπᾶσθαί ἐστιν αὐτὸν
184	δι αὐτόν Ρα11. 1371a21. syn φιλεῖν Ηι8. 1168a29. ἕκα-
185	στος περὶ ταῦτα ἐνεργεῖ, ἃ μάλιστ᾽ ἀγαπᾷ Ηκ4. 1175a13.
186	ἀγαπᾶν τὴν θεωρίαν Ζμα5. 645a14. οἱ εὖ πεποιηκότες φι-
187	λȣ͂σι ϗ̀ ἀγαπῶσι τȣ̀ς πεπονθότας, πάντες ἀγαπῶσι τὰ αὑ-
188	τῶν ἔργα Ηδ2. 1120b14. ι 7. 1167b32, 34, 1168a4. τὸ
189	ἀλγȣντι συναλγεῖν μὴ δι' ἕτερόν τι ἀγαπᾶν θήσομεν ηεη6.
190	1240a33. — ἀγαπᾶν i q contentum esse ἀγαπῶσιν ἴσον ἔχον-
191	τες Πε7. 1307a18. δ5. 1292b19. μικρὰς εὐπορίας ἀγαπᾶν
192	Οβ12. 291b27. ȣ̓χ ἑνὸς σώματος ἀγαπᾶν ἀπόλαυσιν Ρβ23.
193	1398a23. — ἀγαπητός. λόγος συνετὸς ἀγαπητός (syn αἱ-
194	ρετός) ρ1. 1420b12. τό τε ἴδιον ϗ̀ τὸ ἀγαπητόν Πβ4. 1262
195	b23. δαπανᾶν εἰς γάμον τȣ͂ ἀγαπητȣ͂ ηεγ6. 1233b2. τὸ ἀγα-
196	πητὸν μεῖζον ἀγαθόν Ρα7. 1365b16, 19. τοῖς ἐρῶσι τὸ ὁρᾶν
197	ἀγαπητότατόν ἐστι ϗ̀ μᾶλλον αἱρȣ͂νται Ηι12. 1171b29. —
198	ἀγαπητόν, opp κάλλιον ϗ̀ θειότερον Ηα1. 1094b9, cf ἀγα-
199	πητόν (sc ἐστίν) c inf, ἀγαπητὸν ϗ̀ ὀλίγȣς εὑρεῖν τοιȣ́τȣς sim
200	Ηι10. 1171a20. κ10. 1181a21. α1. 1094b19. Ζγα23.
201	731b2, ἀγαπητόν (sc ἐστίν) c εἰ et optat, veluti ἀγαπητὸν
202	εἴ τις τὰ μὲν κάλλιον λέγοι τὰ δ’ ȣ̓ χεῖρον Μμ1. 1076a15.
203	287b8. ἥχθω διάμετρος, ἤχθωσαν κάθετοι, ἔστωσαν ἡγμέναι
204	μβ6. 363b6. γ3. 373a11. Αα24. 41b15. τὰ κέρατα χλιαι-
205	νόμενα ἄγεται ὅπȣ ἄν τις ἐθέλη Ζιθ9. 595b13. — ἡ θάλαττα
206	πλέον ἄει (graviora pondera sustinet) πκγ3. 931b15. —
207	ἄγειν (pondus habere) τρεῖς μνᾶς sim θ45. 833b11. f248.
208	1523b29. 223. 1518a38. — ἀκτέον τζ8. 147a6. Πθ6.
209	1341a18.
210	ἀγελάζειν. ἀγελάζονται φάτται, ἰχθῦς Ζιθ12. 597b7. ι2.
211	610b2.
212	487b34, 488a2, 13, opp σποραδικά Πα8. 1256a23, cf Ζια1.
213	488a3. exempla ἀγελαίων ζῴων universe Ζια1. 488a3-7.
214	τετραπόδων ζῳοκοκȣ́ντων Ζιθ7. 595b15. 23. 604a13. ι50.
215	632b7 (μὴ ἀγελαῖα Ζιζ18. 571b29), ὀρνίθων Ζιθ12. 597
216	b29. 3. 593b22. ι25. 617b21, ἰχθύων Ζιι2. 610b4. ζ14.
217	568b25. 17. 570b21. f 286. 1528b6. 313. 1531a28. cἱ
218	Ζιθ13. 598a28. δ11. 538a29, ἐντόμων Ζιι40. 623b8.
219	ἀγέλη. ἀγέλαι γίνονται ἀρρένων ϗ̀ θηλειῶν Ζιζ17. 570a23.
220	τὰς ἀγέλας ποιȣ͂νται ὅταν κύωσιν Ζιι2. 610b9.
221	ἀγένεια, coni πενία, βαναυσία Πζ2. 1317b40. ἀγ. ἀκολȣθε
222	τῇ ἀνελευθερίοτητι αρ7. 1251b16.
223	ἀγένητος. (ἀδύνατον) ἀγένητα ποιεῖν (Agath fr 5) Ηζ2. 1139
224	b11. — ἀγένητον ποσαχῶς λέγεται Οα11. 280b6-14. ἀγέ-
225	νητον ὃ ἔστι νῦν, ϗ̀ πρότερον οὐκ ἀληθὲς ἦν εἰπεῖν τὸ μὴ
226	εἶναι Οα12. 282a28. ὁ χρόνος ἀγένητον Φθ1. 251b15. τό
227	τε ἀγένητον ἄφθαρτον ϗ̀ τὸ ἄφθαρτον ἀγένητον Οα12. 282.
228	a31. τὸ ἀεὶ ὂν ἁπλῶς ἄφθαρτον ϗ̀ ἀγένητον Οα12. 281b26.
229	ἄφθαρτον ϗ̀ ἀγένητον, ἀγένητον ϗ̀ ἄφθαρτον Φα9. 191a28.
230	γ4. 203b8. f 17. 1477a9. ȣ̓σίαι ἀγένητοι ϗ̀ ἄφθαρτοι Ζμα5.
231	644b22. τὸ σύμπαν ἀνώλεθρον ϗ̀ ἀγένητον κ4. 396a31.
232	ἀγεννής, coni μοχθηρός Ηδ3. 1121a26. τῶν πολιτῶν οἱ ἀγεν-
233	νεῖς, opp οἱ γενναιοι Πδ12. 1296b22. 13. 1283a35. οἱ ἀγεν-
234	νεῖς πότερον κατ ἀλήθειαν διαφέρȣσι τῶν εὐγενῶν f 82. 1490
235	a14. βίος ἀγεννής, βάναυσος, ἀγοραῖος Πη9. 1328b40. ἀ-
236	γεννέσταται τῶν ἐργασιῶν, syn βαναυσόταται, δȣλικώταται,
237	opp τεχνικώταται Πα11. 1258b39. ἁλεκτορίδες ἀγεννεῖς, opp
238	γενναῖαι Ζιζ1. 558b16. Ζγγ1. 749b31. — ȣ̓κ ἀγεννές (ἐστιν)
239	ἐν ἐκείνοις σεμνύνεσθαι Ηδ8. 1124b22.
240	ϗ̀ τȣ́των τὸ ἔσχατον ἄγεννητον (ἀγένητον?) Μβ4. 999b7.
241	ἀγερμός πο8. 1451a27.
242	ἄγευστος pass ἡ γεῦσις τȣ͂ γευστȣ͂ ϗ̀ ἀγεύστȣ ψβ10. 422
243	a30. cf 9. 421b8. — act ἄγευστοι ἡδονῆς ἐλευθερίȣ, τȣ͂ καλȣ͂
244	Ηκ6. 1176b19. 10. 1179b15.
245	ἀγεωμέτρητος. ἐν ἀγεωμετρήτοις ȣ̓ διαλεκτέον περὶ γεωμε-
246	τρίας Αγ12. 77b13. ἀγεωμέτρητα ἐρωτήματα Αγ12. 77
247	b16. τὸ ἀγεωμέτρητον διττόν Αγ12. 77b23.
248	ἀγήρατον ϗ̀ ἀναλλοίωτον ϗ̀ ἀπαθές Οα3. 270b2.
249	Ἀγησίλαος. Κινάδωνος ἐπίθεσις Πε7. 130635.
250	Ἀγησίπολις ci Mfuretus Spgl Bk coll xen Hell 4, 7, 2 pro
251	Ηγήσιππος Ρβ23. 1398b32.
252	ἅγιος ὅρκος θ57. 834b11.
253	Ἀγκαιος, ὁ Ποσειδῶνος ϗ̀ Ἀστυπαλαίας, Σάμιος, φιλογέωρ-
254	γος f 530. 1566a42, 15. Ἀγαπήνωρ, Ἀγκαίȣ ὑιός f 596.
255	1576b5.
256	ἄγκιστρον ϗ̀ ὁρμιά Ζμδ12. 693a23. καταπίνειν τὸ ἄγκι-
257	στρον Ζιι37. 621a7.
258	ἀγκιστροφάγος Ζιι37. 621b1.
259	ἀγκιστρώδη σώματα (emocr), dist σκαληνά, κοιλα, κυρτά
260	f 202. 1514b28.
261	ἄγκος θ138. 844b11. οἰκεῖ βήσσας ϗ̀ ἄγκῃ Ζιι 32. 618b24.
262	ἄγκυρα ϗ̀ κρέμαθρα πῶς διαφέρȣσι Ργ11. 1412a14. βάλ-
263	λεσθαι ἀγκύρας Ζιδ1. 523b33. ἄγκυραι βέβληνται Ζμγ7.
264	670a10. αἱ σηπίαι ὥσπερ ἀγκύραις ταῖς προβοσκίσιν ὁρμȣ-
265	σιν f 317. 1531b40.
266	ἀγκών, brachium Ζμδ10. 688a3. οἱ ἀγκῶνες ἐκ πλαγίȣ προσ-
267	κείμενοι Ζμδ 10. 688a11. ἐναντίως τοῖς ἀγκῶσιν ἡ τῶν
268	ὠμων ἔχει καμπή Ζιβ1. 498a24. — brachii pars superior
269	οἷς βραχεῖς οἱ ἀγκῶνες, ϗ̀ οἱ μηροὶ ὡς ἐπὶ τὸ πολύ Ζια15.
270	493b24, 27.
271	Ἀγλαΐη. Νιρεὺς Ἀγλαἴης (Hom Β 672) Ργ12. 1414a3. f596.
272	1576a6.
273	ἀγλαόκαρπος (Hom η115, λ589) κ6. 401a7.
274	ἀγλευκής, opp γλυκύς πδ12. 877b25.
275	ἄγλωττος κροκόδειλος Ζμδ11. 690b23.
276	ἁγνευτικὰ ζῷα, opp ἀφροδισιαστικά Ζια1. 488b5.
277	ἀγνοεῖν, opp ἐπίστασθαι, εἰδέναι, γιγνώσκειν Αγ1. 71b6.
278	Ηε10. 1135a24, 30, 32. ψα5. 410b4. ȣ̓δεὶς ὃ προαιρεῖται
279	ἀγνοεῖ Ρα9. 1368b12. ἀγνοῶν ϗ̀ (ϗ̀ Bk, ἢ Bk) ἄκων, ἑκὼν
280	ϗ̀ εἰδώς Ρα13. 1373b34. ἀγνοȣντες ἀμαρτάνȣσιν Ρα15.
281	1375b18. cf πο14. 1453b28, 30, 35, 37, 1454a2, 3. οἱ
282	ἀγνοȣ͂ντες φαίνονται ἀνδρεῖοι εἶναι Ηγ11. 1117 a22-28. —
283	ἀγνοεῖν τι, veluti ὁ φυσικὸς ὁ περὶ τὴν ὕλην, τὸν δὲ λόγον
284	ἀγνοῶν ψα1. 403b8 al. ἀγνοεῖν περί τινος ρ20. 1433b28.
285	ἀγνοεῖν cum enunciatione interrog, πόσα πολιτείας εἴδη, τί λέ-
286	γει ὁ νόμος al Πδ1. 1289a8. Ρα15. 1375b18. πο5. 1449
287	b5 (ἠγνόηται). — Ἀναξαγόρας τὴν οἰκείαν φωνὴν ἠγνόησεν
288	(i e non intcllexit) Γα1. 314a13. ὅσα εἰοημένα ἀγνοȣ́μενά
289	ἐστιν Ργ10. 1410b24. — ὁμοδοξία ϗ̀ ἀγνοȣ͂σιν ἀλλήλȣς
290	ὑπάρξειεν ἄν Ηι6. 1167a23. — ἀγνοȣ́ντως τβ9. 114b10.
291	ἄγνοια, opp ἐπιστήμη Αβ21. 66b26. γ12. 77b18. Μλ10.
292	1075b23. cf Ζιγ2. 511b13. διὰ τὸ φεύγειν τὴν ἄγνοιαν ἐφι-
293	λοσόφησαν ΜΑ2. 982b20. opp σύνεσις ψα5. 410b2. ἐξ
294	ἀγνοίας εἰς γνῶσιν μεταβολή πο11. 1452a30. παρὰ τὴν τȣ́-
295	των γνῶσιν ἢ ἄγνοιαν πο19. 1456b13. ἀγνοίας φθορὰ ἀνά-
296	μνησις ϗ̀ μάθησις μκ2. 465a22. ἄγνοια, dist ψεῦδος, ἀπάτη
297	Μθ10. 1052a2. ἄγνοια κατ᾽ ἀπόφασιν, κατὰ διάθεσιν Αγ16.
298	79b23 Wz, cf 12. 77b18. τζ 9. 148a5. τȣτων εὐίατος ἡ
299	ἄγνοια Μγ5. 1009a19. ἄγνοια φυσική ημα34. 1195a38.
300	ὁμοίως ἐπὶ τῶν ἄλλων ἀγνοιῶν ημα34. 1195a35. — ἄγνοια
301	ἐλέγχȣ, παραλογισμοὶ παρα τὴν τȣ͂ ἐλέγχȣ ἄγνοιαν τι5. 166
302	b24, 167a21-35. 6. 168a18sqq, b15. — ὁ μέλλων ποιεῖν τι
303	τῶν ἀνηκέστων δι ἄγνοιαν πο14. 1453b35. τὸ δι' ἄγνοιαν
304	πράττειν, dist ἀγνοȣ͂ντα πράττειν Ηγ2. 1110b25. ε10. 1136
305	a6-9. τὸ μετ' ἀγνοίας Ηε10. 1135b12. (μετ᾽ ἀγνοίας τῶν
306	οἰκείων κακῶν ἀλυπότατος ὁ βίος f 40. 1481b11). τὸ δι'
307	ἄγνοιαν πότε ἀκȣσιον Ηγ2. 1110b18. ηεβ9. cf ημα34. 1195
308	a26. ἄγνοια ἡ ἐν τῇ προαιρέσει, ἡ καθόλȣ, ἡ καθ' ἕκαστα
309	Ηγ2. 1110b31. — ἡ δι’ ἀπειρίαν ϗ̀ ἄγνοιαν ἀνδρεία ηεγ1.
310	1229a16,b26.
311	ἀγνοȣ́ντως v ἀγνοεῖν.
312	ἀγνός. Ἀρτεμις ἁγνή (Hom υ 71) πι36. 894b34. μακάρων
313	θέμις ἀγνή1624. 1583a26. ἀγνὲ θεῶν πρέσβισθ ἑκατηβόλς
314	f 621. 1583a2.
315	ἄγνος, ἀφ’ ὧν φέρȣσι μέλιτται Ζιι40. 627a9. ἄγνοι ϗ̀ βάτοι
316	φτα4. 819b8 (Vitex Agnus castus L).
317	Ἀγνων. Θηραμένης ὁ Ἀγνωνος f 370. 1540a6.
318	ἀγνώς act τῶν λόγων τι22. 178a26. — pass ἀγνῶτες ἀλλή-
319	λοις 1ε11. 1313b5. αγνῶτες, opp γνώριμοι, συνήθεις, sn
320	οἱ ἄπωθεν, ἀσυνήθεις Πη7. 1327b40. Ρβ6. 1384b25. Ηδ12.
321	1126b25. ὁ ἀγνώς, opp ὁ πάλαι φίλος ηεη2. 1237b40.
322	εὔνοια γίνεται ϗ̀ πρὸς ἀγνῶτας (cf θ2. 1155b35, an ἀγνῶτας
323	active accipiendum est?) ϗ̀ λανθάνȣσα Ηι5. 1166b36. —
324	αἱ μὲν γλῶτται ἀγνῶτες, τὰ δὲ κύρια ἴσμεν Ργ10. 1410b22.
325	ἄγνωστος ἡ ὕλη καθ' αὑτήν Μζ10. 1036a9. ἄγνωστον ξ5.
326	979a12. ἄγνωστον τὸ ἄπειρον Ργ8. 1408b27. ἐπιστητὸν τὸ
327	ἄγνωστον ὅτι ἄγνωστον Ρβ24. 1402a6. ἄγνωστοι ἀρχαί,
328	ie ἀναπόδεικτοι Αγ3. 72b12. — ἄγνωστα, opp γνώριμα διὰ
329	συνήθειαν Ζια16. 494b22, 21. — ἀγνωστότερον, opp πιστό-
330	τερον, γνωριμώτερον (cf s h v) Αβ16. 64b31. τε2. 129b6 sqq.
331	διὰ τὴν ἀσυνήθειαν ἀγνωστότερα ϗ̀ ξενικώτερα Μα3. 995a2.
332	ἀγνωστότερα ὀνόματα τζ11. 149a5. ἄγνωστον ὄνομα Μζ15.
333	1040a11.
334	ἀγόνατοι οἱ κύαμοι f 190. 1512a8.
335	ἀγονία. ἵππος, ὄνος εὐφυεῖς πρὸς τὴν ἀγονίαν Ζγβ8. 748b8.
336	τῆς ἀγονίας αἴτια Ζγβ7. 746b20, 25, 29, 31. δ2. 767a27.
337	λέοντος ἀγονίας τῆς ὕστερον τί τὸ αἴτιον Ζγγ1. 750a31.
338	ἀγονία τίς ἰατή, τίς ἀνίατος Ζγβ7. 746b20.
339	ἄγονος vel cum gen coniungitur vel absol ponitur, Σικελία
340	ἄγονος λαγῶν f 527. 1565a7. ἡ ὁμίχλη ἀναθυμίασις ἄγονος
341	ὕδατος κ4. 394a20. ἡ ὁμίχλη νεφέλη ἄγονος μα9. 346b35.
342	ἄγονα σπερματικῆς ἐκκρίσεως ἀμφότερα (γυναῖκες ϗ̀ παιδία)
343	Ζγε3. 784a5. — ἄγονος, i e ȣ̓κ ἔχων σπέρμα: οἱ ἄγονοι, οἷον
344	παῖδες ϗ̀ γυναῖκες ϗ̀ οἱ ἤδη γέροντες ϗ̀ οἱ εὐνȣ͂χοι (ὀξὺ φθέγ-
345	γονται) πια16. 900b15. 34. 903a27. ι37. 895a1. — σπέρμα
346	ἄγονον, opp γόνιμον Ζικ 6. 637b34. διὰ τί ἄγονόν ποτε τὸ
347	σπέρμα Ζγα18. 725b15. τὸ ἄγονον σπέρμα λεπτόν, ψυχρόν,
348	ἐν ὕδατι διαχεῖται Ζιγ22. 523a25. η1. 582a30. Ζγβ7. 741
349	a4. τὸ πρῶτον σπέρμα ἄγονον, διὰ τί Ζιε14. 544b15. η1.
350	582a17. Ζγβ4. 739a10, 26. ἀγονώτερα τὰ πιμελώδη ϗ̀
351	ἄρρενα ϗ̀ θήλεα, διὰ τί Ζιγ18. 520b6. Ζγα18. 726a3. Ζμβ5.
352	651b13. ἄγονοι τίνες ϗ̀ διὰ τί Ζιγ11. 518b3. η1. 581b22.
353	Ζγα7. 718a23. ϗ̀ τοῖς ἀγόνοις ἀνδράσι γίνεται ἠδονή (ἐν τῇ
354	συνȣσίᾳ) Ζγα20. 728a13. ἐξ ἀγόνων γίνονταί τινες γόνιμοι
355	Ζγα18. 723a27. ἡ γυνὴ ὥσπερ ἄρρεν ἄγονον Ζγα20. 728
356	a18. — ἄγονοι ἵπποι, ὄνοι Ζιζ22. 576a5. 23. 577b13. Ζγβ8.
357	748b7, ὀρεῖς, ἡμίονοι Ζγβ7. 746b14 sqq. 8. 747a25 sqq,
358	λέοντες Ζιζ31. 579b11. ὀρνίθων ᾠὰ ἄγονα, ὑπηνέμια Ζιζ3.
359	562a22. 21. 539a32. ὀρνίθων ϗ̀ ἰχθύων τίνα ᾠὰ ἄγονα
360	Ζγγ5. 756a18. α21. 730a21. Ζιζ14. 568b8. τῶν ἐντόμων
361	ἔνια ὅλως ἄγονά ἐστιν Ζγβ1. 732b9.
362	ἀγορά. περὶ τὴν ἀγορὰν ϗ̀ τὸ ἄστυ κυλίεσθαι Πζ4. 1319a29.
363	μέχρι ἀγορᾶς πληθυȣσης Ζι32. 619a16. κλέψαι ἐκ παλαί-
364	στρας ἢ ἐξ ἀγορᾶς πκθ14. 952a18. ἀγορὰ ἀναγκαία, ἐλευ-
365	θέρα Πη12. 1331a31, b1, 11. οἱ παρέχοντες σφᾶς αὐτȣ̀ς πᾶ-
366	σιν ἀγοράν Πη6. 1327a29. — τὰ περὶ τὴν ἀγορὰν συμβόλαια
367	Πδ15. 1300b11. τὸν δέκα ἐτῶν μὴ ἀπεσχημένον ἀγορᾶς
368	Πγ5. 1278a26. χρηματιστικαὶ τέχναι αἱ πρὸς τὰς ἀγοράς
369	(ἀγοράσεις ci Sylb) ηεα4. 1215a31. — συναγοράσαι ἔλαιον
370	ϗ̀ οινον ϗ̀ τὴν ἄλλην ἀγοράν οβ1347b6, 10.
371	ἀγοράζειν βραχέος οβ1346 b8. παρά τινος οβ1347b12. ἀγο-
372	ράσαι Φβ4. 196a5.
373	ραῖον (δήμȣ εἶδος) τὸ περὶ ὠνὴν ϗ̀ πρᾶσιν διατρῖβον Πδ4.
374	1291b19, a4. πλῆθος ἀνθρώπων ἀγορίων, βαναύσων Πζ4.
375	1319a28. πλῆθος γεωργικόν, βάναυσον, ἀγοραῖον, θητικόν
376	Πζ7. 1321a6. δῆμος γεωργικός, ἀγοραῖος, βάναυσος Πδ3.
377	1289b33. ἀγοραῖος ὄχλος Πζ4. 1319a36. τȣς ναυκληρȣ͂ντας
378	τῶν ἀγοραίων προτιμᾶν ρ3. 1424a29. τέποι ἀγοραῖοι οβ1346
379	b19. ἀγοραῖα τέλη οβ1346a2. βίος ἀγοραῖος, βάναυσος Πη9.
380	1328b39. φιλία πάμπαν ἀγοραία, ἀγοραίων Ηθ15. 1162
381	b26. 7. 1158a21.
382	ἀγορανομία, coni ἀστυνομία Πη12. 1331b9.
383	ἀγορανομικὰ ϗ̀ ἀστυνομικά (Plat rep IV 4251) Πβ5
384	1264a31.
385	ἀγορανόμος, coni ἀστυνόμος Πδ15. 1299b17. ζ8. 1322
386	a14. def f 409. 1546a43.
387	ἀγόρασμα. ἀποστέλλειν τινὰ ἐπ᾽ ἀγόρασμά τι οβ1352b4.
388	ἀγοραστής οβ1352b6.
389	ἀγορεύειν. οἱ νόμοι οὕτως ἀγορεύȣσι Ρα1. 1354a22. οἱ νόμοι
390	ἀγορεύȣσι περί τινος Ρα13. 1374a20. Ηε3. 1129b14. κα-
391	κῶς ἀγορεύειν τινά f 378. 1541a8.
392	ἄγος. ὅθεν τὸ ἄγος συνέβη τοῖς Συβαρίταις Πε3. 1303a30.
393	ἀγράμματος. δηλȣσί τι ϗ̀ οἱ ἀγράμματοι ψόφοι, οἷον θη-
394	ρίων, ὦν ȣ̓δέν ἐστιν ὄνομα ε1. 16a29. ζῷα ἀγράμματα,
395	opp διάλεκτον ἔχοντα Ζια1. 488a33, opp γράμματα φθέγ-
396	γεσθαι Ζιβ12. 504b2.
397	ἀγραυλεῖν. οἱ ἀγραυλȣ͂ντες θ11. 831a29.
398	ἀγραφίȣ γραφή f378. 1541a4. 379. 1541a32.
399	ἄγραφος. νόμοι ἄγραφοι, opp γεγραμμένοι Ηκ10. 1180b1.
400	Πζ5. 1319b40. Ρα13. 1373b5, 1374a20. νόμος ἄγραφος
401	ϗ̀ κοινός ρ2. 1422a1. δίκαιον ἄγραφον Ηθ15. 1162b22 (opp
402	κατὰ νόμον). Ρα14. 1375a15, 17. ἔθος ἄγραφον ρ2. 1421
403	b36. ὅσα ἄγραφα παρὰ πᾶσιν ὁμολογεῖσθαι δοκεῖ Ρα10.
404	1368b9. λέγειν γεγραμμένα, ἄγραφα ρ37. 1444a23. —
405	ἐν τοῖς λεγομένοις ἀγράφοις δόγμασι (Platonis) Φδ2. 209b15.
406	ἀγρεύειν. σὰν (i e τῆς ἀρετῆς) ἀγρεύοντες δύναμιν f 625.
407	1583b18.
408	ἀγριαίνειν intr ζῷα ἀγριαίνοντα Ζιι1. 608b31.
409	ἀγριέλαιος, dist καλλιέλαιος φτα6. 820b41. (olea Cleaster
410	Hoffsg et Ld).
411	ἄγριος. τῶν ζῴων διαφοραὶ κατὰ τȣς βίȣς ϗ̀ τὰς πράξεις, τὰ
412	μὲν ἄγρια τὰ δὲ ἥμερα Ζια1. 488a26. β1. 499a5. θ6.
413	595a13. 19. 602b15. 28. 606a9. πάντα ὅσα ἥμερά ἐστι
414	γένη, ϗ̀ ἄγριά ἐστι· διὸ ἀδύνατον τῷ ἀγρίῳ ϗ̀ τῷ ἡμέρῳ
415	διαιρεῖσθαι Ζια1. 488a30. Ζμα3. 643b3. πι45. 805b24.
416	ἀεὶ ἥμερα ἄνθρωπος ϗ̀ ὀρεύς Ζια1. 488a27 (sed ἄνθρωπος
417	ϗ̀ ἄγριον ϗ̀ ἥμερον Ζμα3. 643b5). θηρία ἄγρια Πα8. 1256
418	a38. τᾶλλα ζῷα τῶν ἀνθρώπων χάριν ἐστί, τὰ μὲν ἥμερα
419	ϗ̀ διὰ τὴν χρῆσιν ϗ̀ διὰ τὴν τροφήν, τῶν δ' ἀγρίων τὰ
420	πλεῖστα τῆς τροφῆς ϗ̀ ἄλλης βοηθείας ἕνεκεν Πα8. 1256b18.
421	η2. 1324b41. τὰ ἥμερα τῶν ἀγρίων βελτίω τὴν φύσιν Πα5.
422	1254b11. πι45. 896a2. ἅπαξ τȣ͂ ἐνιαυτȣ͂ τίκτει τὰ πολλὰ
423	τῶν ἀγρίων Ζιε9. 542b31. 13. 544a25. αὐτῶν τῶν ἀγρίων
424	διαφοραὶ πρὸς πραότητα ϗ̀ ἀγριότητα Ζιι44. 629b5. ἡ ἀν-
425	δρία ȣ̓κ ἀκολȣθεῖ τοῖς ἀγριωτάτοις Πθ4. 1338b18. plerumque
426	τὰ ἄρρενα ἀγριώτερα Ζιι1. 608b3. τὰς ὅψεις ἀγριώτερα ϗ̀
427	ἀλκιμώτερα Ζιθ29. 607a11. ὅλως τὰ ἄγρια ἀγριώτερα ἐν
428	τῇ Ἀσίᾳ Ζιθ28. 606b17. περὶ Αἴγυπτον μετ’ ἀλλήλων ζῶσι'
429	ϗ̀ αὐτὰ τὰ ἀγριώτατα Ζι1. 608b35. ἡμεοώτατον τῶν ἀγρίων
430	ὁ ἐλέφας Ζιι46. 630b18. — exempla ζῴων ἀγρίων et qui-
431	dem τῶν τετραπόδων ζῳοτοκȣ́ντων Ζια1. 488a27, 30, b18,
432	β1. 498b31, 499a5, 501b1. ε9. 542b31. ζ18. 571b13.
433	26, 572b20. 28. 578a25, 32. 36. 580b3. 37. 580b26. θ5.
434	594b10, 17, 28. 6. 595a13. 19. 602b15. 28. 606a7. 29.
435	607a11. ι5. 611a15. 46. 630b18. 50. 632b3. Ζμα3. 643
436	b3. Ζγε3. 783a15. Ηγ13. 1118a22. τετράποδα ἄγοια, τε-
437	τράποδα ϗ̀ ἄγρια Ζιθ5. 594b28. ι5. 611a15. Ζγε6. 786a31.
438	πȣ͂ ϗ̀ πόθεν ποιεῖται τὴν τροφήν Ζιθ5. 594b28, 17, a25. eorum6
439	ὀδόντες Ζμγ1. 661b5, τρίχες Ζγε3. 783a18, μεταβολὴ
440	χρώματος κατὰ τὰς ὥρας Ζγε6. 786a31. — τῶν ὀρνέων τὰ
441	ἄγρια ἅπαξ ὀχεύεται ϗ̀ τίκτει τὰ πλεῖστα Ζιε13. 544a25.
442	ι8. 614a9. μεταβάλλει τὴν ἰδέαν κατὰ τὰς ὥρας Ζιι15.
443	616b2. Ζγε6. 786a31. eorum οἰκήσεις Ζιι11. 614b31. —
444	ἔντομα ἄγρια Ζιε31. 557a5. ι41. 627b23, 628a29,b10. —
445	φυτὰ ἄγρια, opp ἥμερα φτα4. 819b28, 29,37. πι45. 896
446	a8. κ36. 927a6, θὶς ὁ μέλας, ὁ δ’ ἄλλος ὅμοιός ἐστι τοῖς
447	ἀγρίοις Ζιθ13. 598a6. μυρρίναι ἀγριώτεραι τὸ γένος πκ36.
448	927a4. — ἤθη ἀγριώτατα, opp ἡμερώτερα ϗ̀ λεοντώδη Πθ4.
449	1338b18. ἄγριος, syn σκληρός, χαλεπός, ὀργίλος Ηδ14.
450	1128a9, b2. ηεγ3. 1231b9, opp φιλητικός Πη7. 1327b40.
451	ἀνοσιώτατον ϗ̀ ἀγριώτατον ἄνθρωπος ἄνευ ἀρετῆς Πα2.
452	1253a36.
453	ἀγριότης, opp ἡμερότης Ζιθ1. 588a21. opp πραότης Ζιι44.
454	629b7.
455	ἀγροικία def Ηβ7. 1108a26. ημα31. 1193a11. θρασύτης
456	ϗ̀ ἀγροικία ἤθȣς Ργ16. 1417a21.
457	ἀγροῖκος (ἄγροικος Ζια1. 488b2. Ηη10. 1151b13. ημα31.
458	1193a13, 16). 1. proprie, ζῷα ἄγροικα, dist ὄρεια, συναν-
459	θρωπίζοντα Ζια1. 488b2. — 2. metaph ηεγ2. 1230b19. def
460	Ηβ7. 1108a26. ηεγ7. 1234a5. ημα31. 1193a13. opp πε-
461	παιδευμένος Ργ7. 1408a32. syn ἀναίσθητος Ηβ2. 1104a26.
462	οἱ ἀμαθεῖς ϗ̀ οἱ ἄγροικοι Ηη10. 1151b13. οἱ ἀγροῖκοι μά-
463	λιστα γνωμοτύποι Ρβ21. 1395a7. — ὄντες μικρὸν ἀγροικό-
464	ἀγρονόμοι, coni ὑλωροί Πζ8. 1321b30. η12. 1331b15.
465	ἀγρός. ἐν τοῖς ἀγροῖς κατὰ τὴν χώραν Πβ5. 1263a37. ἐπὶ
466	τῶν ἀγρῶν οἰκεῖν Πε5. 1305a19. ἀγρὸν ἔλαβεν ἀργόν (exem-
467	plum παρομοιώσεως) Ργ9. 1410a28.
468	1542b6.
469	ἀγρυπνεῖν. τοῖς ἠγρυπνηκόσιν ἡ φωνὴ τραχυτέρα πια11. 900a10.
470	ἀγρυπνία διὰ τὸ νοεῖν πιη7. 917a39.
471	ἄγρυπνος, opp καθεύδων Πε11. 1314b35. τὸ θῆλυ ἀγρυ-
472	ἄγρωστις. κρότωνες γίνονται ἐκ τῆς ἀγρωώστεως Ζιε19.552a15.
473	ἀγυμνασία, coni syn ἀμέλεια Ηγ7. 1114a24.
474	ἀγύμναστοιΜΑ4. 985a14. opp γεγυμνασμένοι πγ15. 873
475	a13. η10. 888a23.
476	βαθῆ πκγ31. 935a2.
477	Ἀγχιμόλιος Αάκων f357. 1538b19.
478	ἀγχίνοια, def, dist εὐβȣλία Αγ34. 89b10. Ηζ10. 1142b6.
479	ημα5. 1185b5. αρ4. 1250a36. coni εὐμάθεια Ρα6. 1362b24.
480	χρήσασθαι λόγῳ, ἔργῳ αρ4. 1250a33.
481	ἀγχιστεία ὑπάρχει τινὶ πρός τινα Ρβ6. 1385a3.
482	ἀγχόνη. αἱ ἀγχόναι μάλιστα τοῖς νέοις πλ1. 954b35.
483	ἀγωγή. ἡ ἀγωγὴ ὁμώνυμος τζ2. 139b22. — ἀγωγὴ εἰς ȣ̓σίαν
484	ἡ γένεσις τζ2. 139b20. — ἐκνέȣ ἀγωγῆς ὀρθῆς τυχεῖν πρὸς
485	ἀρετήν Ηκ10. 1179b31. διὰ τὸ ἦθος ϗ̀ τὴν ἀγωγήν, τῇ
486	ἀγωγῇ ϗ̀ τοῖς ἔθεσιν ὀλιγαρχεῖσθαι, dist κατὰ τȣς νόμȣς
487	Πδ5. 1292b14, 16. ἐφ ὁποτέραν τὴν ἀγωγὴν τὸ δίκαιον ἐφαρ-
488	μόσει Ρα15. 1375b12. ἀγωγή εὐδαιμονική ηεα4. 1215a32.
489	ἀγώγιμος. τὸ τῶν ἀγωγίμων βάρος μβ3. 359a8.
490	ἀγών Φγ6. 206a22, 31 ( Ολύμπια). ἀγῶνες γυμικοί Ηγ12.
491	1117b2. Πγ12. 1283a13. ζ8. 1323a1. Ργ9. 1409b35.
492	ὁ ἀγὼν ἄγεται μȣσικός f 66. 1487a19. ἀγῶνες οἱ ἐπὶ λαμ-
493	πάδι f 385. 1542a17. διατιθέναι τὸν ἐπιτάφιον ἀγῶνα f 387.
494	1542b7. νικᾶν ἀγῶνα στεφανίτην Ρα2. 1357a19. ἡ τάξις
495	τῶν ἀγώνων f 594. 1574b25. ἀγῶνες ιονυσιακοί, τεχνικοί
496	Ργ15. 1416a32. Πζ8. 1323a1. θ6. 1341a10. ἡ τῆς τρα-
497	γῳδίας δύναμις ϗ̀ ἄνευ ἀγῶνος ϗ̀ ὑποκριτῶν ἐστίν, ἐπὶ τῶν
498	σκηνῶν ϗ̀ τῶν ἀγώνων τραγικώταται sim πο6. 1450b18. 13.
499	1453a27. 7. 1451a6. cf 24. 1459b26. Vh Poet II 79.
500	κριτὴς ἐν τοῖς πολιτικοῖς ἀγῶσι, κατὰ τȣ̀ς πολιτικȣὰς ἀγῶνας
501	ποῖοι μεῖζον δύνανται Πβ18. 1391b18. γ1. 1403b34. οἱ
502	ἔμπειροι πολλῶν ἀγώνων Ρα12. 1372a13. λέγειν ἐντέχνως
503	ἐν τοῖς ἰδίοις ϗ̀ ἐν τοῖς κοινοῖς ἀγῶσι ρ39. 1445b28. οἱ τῶν
504	γραφικῶν λόγοι ἐν τοῖς ἀγῶσι στενοὶ φαίνονται Ργ12. 1413
505	b15,17. τὰ γελοῖα χρῆσιν ἔχει ἐν τοῖς ἀγῶσι Ργ18. 1419b3.
506	ὁ ἀγὼν ἄπεστιν, ωστε καθαρὰ ἡ κρίσις Ργ12. 1414a13. —
507	προτάσεις πρὸς κρύψιν λαμβανόμεναι ἀγῶνος χάριν τθ1. 155
508	b26. ȣ̓κ ἀγῶνος ἀλλ ἐπιδείξεως ἕνεκα λέγειν ρ36. 1440b13.
509	— λόγχη φονίοις ἐν ἀγῶσι κρατήσας f 624. 1583a28.
510	ἀγωνία 1. i qἀγών. μελετᾶν πρὸς ἡντινȣ͂ν ἀγωνίαν Ηγ7. 1114.
511	a8. cfΠδ1. 1288b17. πλ11. 956b16. — 2. οἱ τῆς ψυχῆς
512	φόβοι ἐλπίδες ἀγωνίαι πν4. 483a5. ἡ ἀγωνία φόβος τις sim
513	πβ31. 869b6. ια36. 903b12. 53. 905a8. κζ10. 948b38.
514	ἀγωνιᾶν (cf ἀγωνία 2) περί τινος Ρα9. 1367a15. β5. 1383
515	a6. οἱ ἀγωνιῶντες διψητικοί, ἱδρȣσι, ὠχριῶσι sim πκζ3. 948
516	a2. β26. 868b34. 31. 869b4, 8. ια31. 902b30. 32. 902b36.
517	53. 905a5.
518	ἀγωνίζεσθαι. στεφανȣ͂νται οἱ ἀγωνιζόμενοι Ηα9. 1099a5.
519	ἀθληταὶ οὶ ἂν δύνωνται ἀγωνίζεσθαι Ρβ20. 1393b6. ἀγω-
520	νίσασθαι καλὸν κίνδυνον Πθ4. 1338b31. ρα ȣ̓ περὶ μι-
521	κρῶν ἀγωνιζομένη f 157. 1504b25. — de orationibus iudi-
522	cialibus: αὐτοῖς ἀγωνίζεσθαι τοῖς πράγμασιν, opp τὰ ἔξω τȣ͂
523	ἀποδεῖξαι Ργ1. 1404a5. τῆς ῥητορικῆς προοιμιάσασθαι πρὸς
524	εὔνοιαν, ἀγωνίσασθαι πρὸς ἀπόδειξιν f 123. 1499a33. — de
525	re scenica: ἑκατὸν τραγωδίας ἀγωνίζεσθαι, πρὸς κλέψυδραν
526	ἀγωνίζεσθαι πο18. 1456a18. ὅταν φαῦλοι οἱ ἀγωνιζόμενοι
527	ὤσιν Ηκ5. 1175b12. — οἱ ἄλλοι (epici poetae praeter Iome-
528	rum) αὐτοὶ μὲν δι' ὅλȣ ἀγωνίζονται, μιμȣ͂νται δ' ὀλίγα πο24.
529	1460a9 (cf αὑτὸν δεῖ τὸν ποιητὴν ἐλάχιστα λέγειν a7). —
530	ἀγωνίζεσθαι de disputationibus, dist πειρᾶσθαι, σκέπτεσθαι
531	τθ5. 159a27, 30, coni διαφιλονεικεῖν τι3. 165b13.
532	ἀγνιον σχῆμα ὁ κύκλος Μδ14. 1020a25.
533	ἀγωνίσματα ποιεῖν πο9. 1451b37.
534	ἀγωνιστής Ηι5. 1166b35, 1167a21. ὁ ὑποκριτὴς ἀγωνιστής
535	πιθ15. 918b28.
536	ἀγωνιστικός. ἀγωνιστικὴ ἀρετὴ σώματος def Ρα5. 1361
537	b21-26. δύναμις ἀγωνιστική Ρα5. 1361a4, 1360b22. —
538	ἀγωνιστικοὶ λόγοι, syn ἐριστικοί τι2. 165b11 (cfa39). 14.
539	174a12. 17. 176a22. ἀγωνιστικαὶ διατριβαί, dist διαλεκτικαί
540	τθ11. 161a24. ι16. 175a22. — ἀγωνιστικὴ λέξις ἡ ὑποκρι-
541	τικωτάτη, opp γραφική Ργ12. 1413b9, 4. — ἀγωνιστι-
542	κῶς διαλέγεσθαι τθ14. 164b15. ᾄδειν πιθ15. 918b21.
543	Ἀδάμας ἀπέστη Κότυος Πε10. 1311b22.
544	ἀδάπανος τῶν χρημάτων εἰς τὸ δέον αρ7. 1251b7.
545	ἀδεὴς περὶ τὸν καλὸν θάνατον Ηγ9. 1115a33. ἀδ. ἐν θαλάττη,
546	ἐν νόσοις Ηγ9. 1115b1. — ἀδεῶς λέγειν περί τε τῶν ἰδίῶν
547	ϗ̀ δημοσίων f 394. 1543b18.
548	ἄδεια, opp ζημία Πδ13. 1279a22. ἐν ὅσοις ἄδειαν ἔδωκεν
549	ὁ νόμος Ηε7. 1132b15. φοβεῖσθαι ϗ̀ τὴν δικαίαν ἄδειαν αρ4.
550	1250b9.
551	ᾄδειν, de hominibus, ἄδειν ϗ̀ ὀρχεῖσθαι Ρβ24. 1401b25. ᾄδειν
552	πρὸς αὐλόν ἢ λύραν, ἄδειν ἄνε λόγȣ πιθ9. 918a23. 43.
553	922a2. 10. 918a29. ἄδει πᾶς γεγηθὼς ὁ μὴ δι' ἀνάγκην
554	πιθ40. 921a37. — de animalibus, κύκνος, κόττυφος, ἀηδωὼν
555	ἄδει Ζι12. 615b4. 49B. 632b17. δ9. 536a29. ἔνια τῶν
556	ὀρνέων ᾄδȣσιν ὁμοίως τὰ ἄρρενα τοῖς θήλεσιν Ζιδ9. 536a28.
557	περὶ τὰς ὀχείας μάλιστα ἄδειν ϗ̀ λαλεῖν Ζια1. 488b1. οἱ
558	τέττιγες ᾄδȣσιν Ζιδ9. 535b6. ε30. 556a16, b12. οἱ τέττι-
559	γες ἄσονται (Stesichori apophthegma) Ργ11. 1412a23. β21.
560	1395a2. βάτραχοί τινες ȣ̓κ ᾄδȣσιν, syn ἄφωνοί εἰσιν θ70.
561	β35b3. 68. 835a33.
562	ἀδέκαστος. ȣ̓κ ἀδέκαστοι κρίνομεν τὴν ἡδονήν Ηβ9. 1109b8.
563	ἀδελφικός. ἡ ἀδελφικὴ φιλία τῇ ἑταιρικῇ ὁμοιȣ͂ται Ηθ14.
564	1161b35, 1162a10. cf 12. 1161a6.
565	Ζιγ1. 510b14. — τῶν ἀδελφῶν ὁ πρεσβύτατος, πρεσβύτε-
566	ροι, νεώίτεροι Πε6. 1305b15, 7. ἀδελφῶν φιλία ποία Ηθ12.
567	1161a4. 14. 1161b30-35, 1162a9-15. ἀδελφοῖς ϗ̀ ἑταίροις
568	πάντα κοινά Ηθ11. 1159b32. χαλεποὶ πόλεμοι ἀδελφῶν
569	ἀδέσποτος. αἱ ἀδέσποτοι τῶν οἰκήσεων Ηθ12. 1161a7.
570	ἄδηλος ἡ ἔλλειψις ημβ11. 1210a35. σχῆμα ἄδηλον μγ4.
571	373b19. ἄδηλος ἡ φύσις τῶν φλεβῶν Ζιγ2. 511b14. ἰχθύ-
572	δια ὅταν ποιήση ἑαυτὰ ἄδηλα Ζιι37. 620b31. συμβαίνει
573	ταὐτό, ἀλλ᾽ ἀδηλότερον Ζγε7. 787b34. εἴ τι κατὰ βάθȣς
574	ἄδηλον ἡμῖν μα3. 339b13. Δῆλος, πρὶν μὲν ἄδηλος f446.
575	1551b6. ἐν πολλῷ πλήθει ἄδηλον μβ1. 354a9. — ȣ̓κ ἄδη-
576	λον ὅτι vel c enunciatione interrog Ζμδ10. 689a21. μα3.
577	339b7. τὰ ἄδηλα πῶς ἀποβήσεται (i e ὅσα ἄδηλόν ἐστι πῶς
578	ἀποβήσεται) Ηγ5. 1112b9. — ἄδηλον ϗ̀ ἀδιόριστόν ἐστι λέ-
579	γειν νῦν περὶ τȣ́των Ζμα1. 639a22. — ἀδήλως ἀφανισθῆναι
580	πο17. 1455b3. ἀναξηραίνεσθαι ταχὺ ϗ̀ ἀδήλως μβ2. 355b32.
581	ἀδηλόφλεβος, coni ὠχρός Ζγα19. 727a24. coni μικροκοί-
582	λιος Ζμγ4. 667a31. οἱ ἀδ. φίλυπνοι υ3. 457a22.
583	ᾄδης. τῷ κακῷ δαίμονι ὄνομα εἶναι Αιδης ϗ̀ Ἀρειμάνιος f 8.
584	1475a38. Αιδȣ πύλαις ὅμοιοι οἱ κύαμοι f 190. 1512a8. ὁ
585	ἥλιος ȣ̓χ ὁρᾷ τὰ ἐν ἅδȣ f144. 1502b33. ὅσα ἐν ἅδȣ, εἶδος
586	τραγῳδίας πο18. 1456a3. ἐν ᾅδȣ (Soph Ant 911) Ργ16.
587	ἀδηφαγία. ἡ ἐν ταῖς ἀδηφαγίαις ἀπεψία f 172. 1506b26.
588	ἀδιάβλητος φιλία Ηθ5. 1157a21, coni μόνιμος Ηθ8. 1158b9.
589	ἀδιαίρετος. ἀδιαίρετον, opp διαιρȣ́μενον Οα11. 280b11. opp
590	διαιρετόν ψγ2. 427a5. syn ἁπλȣ͂ν Μδ3. 1014b5. syn ἀμε-
591	ρές Φζ1. 231b3 (cf ἀμερής). coni τὸ αὐτὸ ψγ2. 427a6.
592	coni ἀχώριστον ψγ2. 427a2. ἀδιαίρετον δυνάμει, ἐνεργείᾳ
593	ψγ6. 430b7. 2. 427b6. ἀδιαίρετον κατὰ τὸ εἶδος (εἴδει),
594	κατὰ τὸ ποσόν, ἀριθμῷ Μβ3. 999a3. δ3. 1014a27. 6. 1016
595	b19, 21. ι1. 1052a32 (et omnino  1). ψγ6. 430b14. ἀδι-
596	αίρετον κατὰ λόγον, κατὰ χρόνον Μμ8. 1084b14. ἀδιαίρετον
597	τῷ εἶναι, τόπῳ ϗ̀ ἀριθμῷ ψγ2. 427a5, 2. cf α4. 409a24.
598	ἀδιαίρετα μεγέθη πότερον ἔστιν ἢ ȣ̓́ Γα2. 315b26-317a17.
599	ȣ̓κ ἔστιν ἀδιαίρετα μήκη Ογ1. 299a11, cfa17, 19. τὸ πέρας
600	ἀδιαίρετον, ȣ̓ τὸ πεπερασμένον Φα2. 185b18. ἥ γ᾽ ἀδιαί-
601	ρετος στιγμή Μβ5. 1002b4. (ȣ̓κ ἐνδέχεται) ἀδιαίρετόν τι
602	κινεῖσθαι Φζ10. 241a26. — τὸ μέσον πολὺ ϗ̀ ȣ̓κ ἀδιαίρετον
603	Γβ7. 334b28. — ἀδιαίρετοι τὸ ὑπόζωμα, opp διηρημένοι
604	Ζιε30. 556a19. ἀστέρες ἀδιαίρετοι καθ' ἑαυτȣ́ς μὰ6. 343
605	b34, 35. τὸ στοιχεῖον φωνὴ ἀδιαίρετος πο20. 1456b22, 24.
606	— ἡ τῶν ἀδιαιρέτων νόησις, περὶ ἃ ȣ̓κ ἔστι ψεῦδος ψγ6.
607	430a26. cf ἀσύνθετος. — logice διάστημα ἀδιαίρετον, syn
608	ἄμεσον, opp διαιρετόν Αγ22. 84a35. — μᾶλλον ἕν, ȣ̔͂ ἀδιαι-
609	ρετωτέρα ἡ κίνησις ϗ̀ μᾶλλον ἁπλῆ Μι1. 1052a21.
610	ἀδιάκριτος. ἀδιακριτώτερον τὸ αἷμα μετὰ τὴν τῆς τροφῆς
611	προσφοράν υ3. 458a21.
612	ἀδιανόητος. Σαρδανάπαλλον τὸν Ἀνακυνδαράξεω ἀδιανοητό-
613	τερον κατὰ τὴν προσηγορίαν τȣ͂ πατρὸς Ἀριστοτέλης ἔφη f77.
614	1488b41.
615	ἀδιάρθρωτος, opp λαμβάνειν τὴν διάρθρωσιν Ζιη3. 583b21,
616	24. μόρια (σκελη, γλῶττα) ἀδιάρθρωτα Ζιζ30. 579a24.
617	Ζιβ10. 503a4. ἐλέφας τὰ περὶ τȣ̀ς δακτύλȣς ἀδιαρθρωτό-
618	τερα ἔχει Ζιβ1. 497b23. πολυπόδια ἀδιάρθρωτα Ζιε18. 550
619	a9. τίκτειν, ἐκτίκτειν, γεννᾶν ἀδιάρθρωτα Ζιζ 33. 580a7.
620	Ζγβ1. 732a27. δ6. 774b14. cf f 260. 1526a6.
621	θέσει πλα7. 958a12, 13.
622	ἀδιάσχιστος. γλωττοειδὲς συμφυὲς ϗ̀ ἀδιάσχιστον Ζιδ7.
623	532b13.
624	ἀδιάφθορος αἴσθησις, opp διεφθαρμένη ὑπὸ οἰνοφλυγίας ηεη2.
625	893a21. — μάρτυρες ἀδιάφθοροι Ρα15. 1376a17. πότερον
626	ἀδιαφθορώτερος ὁ εἷς ἄρχων ἢ οἱ πολλοί Πγ15. 1286a39,
627	31, 33.
628	ἀδιάφορος, coni ὅμοιος Αδ13. 97b7. Οδ3. 310b5. Ρα12.
629	σιν Μδ6. 1016a18. ἀδιάφορα τῷ εἴδει, κατ᾽ εἶδος, κατ
630	ἀναλογίαν τα7. 103a11. δ1. 121b15, 22. Φθ8. 262a2. αν17.
631	478b23. Ζιβ1. 497b11. Ζγβ7. 746a31, 748a1. cf Αδ19.
632	100a16. Μζ12. 1038a16. Ηκ5. 1176a9. τὰ ἀδιάφορα,
633	ἀδιάφορα κατὰ τὴν ȣ̓σίαν ϗ̀ ἐν ὄντα τι24. 179a38. ȣ̓ κατὰ
634	τὴν ȣ̓σίαν ἀδιάφορα τὴν συγκειμένην Μι3. 1054b4. τὰ εἰλι-
635	κρινῆ στοιχεῖα ἀδιάφορα πλα29. 960a31. ἀδιαφοροι μονάδες
636	(cf συμβλητός) Μμ7. 1081b13, 36. 1082b27, Bz ad Μμ6.
637	Adiectiva verbalia in — τέον, impersonaliter usurpata, con-
638	structa cum dativo subiecti, veluti ὁ κριτὴς οἴεται οὐχ αὑτῷ
639	κριτέον Ρβ25. 1403b31. γ14. 1415a33. ρ8. 1428b33; cum
640	accusativo subiecti, et quidem omisso verbo ἐστίν, διελομένȣς
641	a11. Ηη1. 1145a15. θ16. 1163b20. Πη1. 1323a21, 1324a2.
642	Ργ17. 1418a38. ρ30. 1437a29. 36. 1441a11. 37. 1442a7,
643	addito verbo ἐστίν ρ19, 1433b2 (cf Krüger gr Gr 56, 18, 3).
644	ab altera constructione ad alteram transitur: δυναμένῳ δὴ
645	φίλον ȣ̔͂ ποιητέον. ὡς δὴ διαμαρτοντα ἐν τῇ ἀρχῇ ϗ̀ εύ πα-
646	θόντα ὑφ᾽ ȣ̔͂ ȣ̓κ ἔδει Ηθ15. 1163a3 Fr.
647	ἀδιεξίτητον ἐπὶ τὴν αὔξην τὸ ἄπειρον Φγ7. 207b29.
648	ἀδιέξοδον τὸ ἄπειρον Φγ5. 204a14.
649	τὸ βλάπτειν ἑκόντα παρὰ τὸν νόμον Ηε10. 1134a33, 1135
650	a16. 13. 1137a23 (cfa5). Ρα10. 1368b6. 13. 1374a12.
651	15. 1377b4 (cf ημα12. 1188a14. ηεβ7. 1223a39). τβ2.
652	109b33. dist ἄδικον εἶναι Ηε10. 1134a21. η9. 1151a10.
653	τίνος ἕνεκα ϗ̀ πῶς ἔχοντες ἀδικȣ͂σι ϗ̀ τίνας Ρα10-12. ρ5.
654	1427a36. 37. 1444a11. ἀδικεῖν ἐκ προνοίας, δι' ἐπιθυμίαν
655	al πκθ13. 951b27, 952a2. Πβ7. 1267a3-9. δ8. 1293b39.
656	ἀδικεῖν ἀδικήματα ὑβριστικά, κακȣργικὰ, ἐπιζήμια Ρβ16.
657	εἰς κακȣργίαν Ρβ12. 1389b7. 13. 1390a18 (aliter ἀδικεῖν
658	τινὰ εἰς ἀτιμίαν, εἰς κέρδος Πε8. 1308a9). ἀδικεῖν τἀδική-
659	ματα πρὸς ἕνα. πρὸς τὸ κοινόν Ρα13. 1373b21. cf Πδ16.
660	1300b20. — ἀδικεῖσθαι def Ρα13. 1373b27. Πε3. 1303b4.
661	12. 1136b23-25. τὸ ἀδικεῖν ϗ̀ τὸ ἀδικεῖσθαι ἄμφω μὲν
662	φαῦλα, ὅμως χεῖρον τὸ ἀδικεῖν Ηε15. 1138a28-31. cf 9.
663	1134a12. πότερον ἔστιν ἑκόντα ἀδικεῖσθαι Ηε11. 1136a15,
664	b13. 15. 1138a12. ημα34. 1195b5. πότερον ἐνδέχεται αὐ-
665	τὸν αὐτὸν ἀδικεῖν Ηε15. 11. 1136a33. 12. 1136b17. ημα34.
666	ἢ ὁ ἔχων Ηε12. 1136b16. ημα34. 1196a33. — fut pass
667	ἀδικήσονται Πγ13. 1284a9.
668	ἀδίκημα, dist τὸ ἄδικον Ηε10. 1135a8. ημα34. 1195a8.
669	τὸ ἀδίκημα ὥρισται τῷ ἑκȣσίῳ Ηε10. 1135a20. ἀδίκημα,
670	1136a3. Ρα13. 1374b8. τȣ͂ ἀδικήματος τὸ μὲν ἔλαττον τὸ
671	ἀδικεῖσθαι, τὸ δὲ μεῖζον τὸ ἀδικεῖν Ηε9. 1134a12. τῶν ἀδι-
672	κημάτων εἴδη Ρα13. ἀδίκημα μεῖζον τί Ρα14. 3. 1359a25.
673	ἀδικήματα πρὸς ἕνα, πρὸς τὸ κοινόν Ρα13. 1373b21. ἀδί-
674	1196a26, 29. ἀδικήματα ὑβριστικά, κακȣργικά, ἀκρατευ-
675	τικά, θηριωδέστερα, διὰ φιλοχρηματίαν al Ρβ16. 1391a18.
676	α14. 1375a6. Πβ9. 1271a17. δ11. 1295b10.
677	ἀδικία (cf δικαιοσύνη, ἄδικος). περὶ ἀδικίας Ηε. ημα34. πκθ.
678	εἴδη αρ7. 1251a30. ἡ ἀδικία πλεοναχῶς λέγεται Ηε2. 1129
679	a26. ἀδικία ἡ ὅλη Ηε4. 1130a33. ἡ κατὰ μέρος, ὡς μέρος
680	ἀδικία Ηε4. 1130a15, 22, 33. def Ρα9. 1366b10. ρ5. 1427
681	a32 (dist ἁμάρτημκ. ἀτυχία). ΜΑ8. 990a24 (Pyth). dist
682	b12, a21. ἡ ἀδ. πότερον φαῦλόν ἐστιν ημβ3. 1199b10-36.
683	ἀδικία ȣ̓κ ἔστι πρὸς αὐτόν, πρὸς τὰ αὑτȣ͂ ἀπλῶς Ηε10. 1134
684	b12, 9. ημβ11. 1211a25. ἡ τῶν χρημάτων ἀδικία πκθ1.
685	950a24. ἀδικίας εἶδός τι ἐν ἀγῶνι, ἀδικομαχία τι11. 171b22.
686	ἄδικος (cf δίκαιος) ποσαχῶς λέγεται Ηε2. 1129a31. ὁ παρά-
687	νομος Ηε2. 1129a32. 15. 1138a14. ὁἄνισος Ηε2. 1129a33.
688	dist ὁ ἀδικῶν Ηε10. 1134a18, 21. η9. 1151a10. ȣ̓κ ἄδικος,
689	ȣ̓ γὰρ ἐπίβȣλος Ηη11. 1152a17. 7. 1149b13. ἄδικος, dist
690	1135b23-1136a9. ημα34. 1195a18. — οἱ τεχνικώτατοι
691	ϗ̀ ἀδικώτατοι Ργ15. 1416b7. ἄνθρωπος ζῴων ἀπάντων ἀδι-
692	κώτατον πκθ7. 950b33. — ἄδικον τὸ παράνομον Ηε2. 1129
693	b1. τὸ ἄνισον, τὸ παρὰ τὸ ἀνάλογον Ηε2. 1129b1. 7. 1131
694	ἄδικον φύσει Ρα13. 1373b8. τὰ ἄδικα αὔξησιν λαμβάνει
695	τῷ μᾶλλον πρὸς φίλȣς εἶναι Ηθ11. 1160a4. — ἄρχειν χει-
696	ρῶν ἀδίκων Ρβ24. 1402a2. ρ37. 1444b13.
697	ἀδιόριστος (dist ἀόριστος Wz ad Αα4. 26b14). ἡδοναὶ σύνεγ-
698	ἔχειν, opp ἡδοναὶ διωρισμέναι Ηκ 5. 1175b32. κύημα τὸ
699	πρῶτον ἀδιόριστον Ζγγ9. 758a35. ἀδιόριστον, opp διακρινό-
700	μενον Ζγα15. 720b22. cf δ4. 770a23. μέλη ἀδιόριστα, opp
701	διωρισμένα φτα1. 816b7. τὸ κάτω τȣ͂ διαζώματος ἀδιορι-
702	χειν ἢ μή, ανευ τȣ͂ καθόλȣ ἢ κατὰ μέρος, dist καθόλȣ, ἐν
703	μέρει Αα1. 24a19. 2. 25a5. opp διωοισμέρη Αα4. 26b23.
704	syn ἐν μέρει Αα4. 26a30, 32Wz, 39, b3, 14 (? cf b16). 6.
705	28b28. 7. 29a28. δεικτέον ἐκ τȣ͂ ἀδιορίστȣ Αα5. 27b20
706	παραδεδομένον ὑπ᾽ ἄλλων τθ5. 159a25, cfa36. ἄδηλον ϗ̀
707	ἀδιόριστόν ἐστι λέγειν νυν περὶ τȣτων (fort i q ȣ̓κ ἔστι καιρὸς
708	τȣ͂ διορίζειν) Ζμα1. 639a22. — ἀδιορίστως ὑπάρχειν Αα6.
709	29a8. ἀδιορίστως λέγεται νῦν Γα6. 322b5. cf Ζγε1. 778
710	τι ϗ̀ ἀδιορίστως σημαίνει Φα1. 184b11.
711	ἄδιψος. ἄδιψα ϗ̀ ὀλιγόποτα ζῷα Ζμγ6. 669a34. ἀλμυρὰς
712	τινες προσφερόμενοι τροφὰς ἄδιψοι διέμειναν f 99. 1494a10.
713	δμητος f 596. 1576b2.
714	ἀδολεσχεῖν, syn πολλάκις λέγειν τὸ αὐτό τε2. 130a34. θ2.
715	158a28. ποιῆσαι ἀδολεσχεῖν, παραλογισμοὶ παρὰ τὸ ποιῆσαι
716	ἀδολεσχεῖν τι3. 165b15. 13. 173a31-b11. 31 (cf ἀπάγειν
717	εἰς ταὐτὸ πολλάκις 31. 181b25). — ἄν τε ἀδολεσχῇ, ȣ̓ σα-
718	φής, ȣ̓δὲ ἂν σύντομος Ργ12. 1414a24.
719	ἀδολέσχης def Ηγ13. 1117b35.
720	ἀδολεσχία τὸ πάντα συνάγειν διὰ τὸ φανερὰ λέγειν Ρβ22.
721	1395b26. cf γ3. 1406a34. ἀδολεσχία τῶν πρεσβυτέρων
722	Ρβ13. 1390a9. ἐν τοῖς ἐριστικοῖς ȣ̓κ ἔνεστιν ἀδολεσχία (cf
723	ἀδολεσχεῖν) πιη8. 917b4. ωτα ἐπανεστηκότα μωρολογίας ϗ̀
724	ἀδολεσχίας σημεῖον Ζια11. 492b2.
725	ἀδοξεῖν ρ38. 1445b16. οἱ ἀδοξȣ͂ντες, opp οἱ εὐδοκιμȣ͂ντες
726	Ρα12. 1372b22, 23. 15. 1376a31. μένει (ἀνδρεῖός τις) ὅτι
727	ἀδοξήσει ηεγ1. 1230a24. ȣδέν πω ἠδοξηκότες Ρβ6. 1384b14.
728	ἀδοξία Ηγ9. 1115a10. φόβος ἀδοξίας Ηδ15. 1128b12. περ
729	ἀδοξίας φαντασα ἡ αἰσχύνη, ἡ αἰσχύνη λύπη τις περὶ τὰ
730	εἰς ἀδοξίαν φαινόμενα φέρειν Ρβ6. 1384a23, 1383b14.
731	ἄδοξος, opp εὐδοκιμῶν Ρβ6. 1384b31. — ἄδοξον, syn παρά-
732	δρξον, opp ἔνδοξον τι12. 173a26 (coll a31). 15. 174b6, 17.
733	ἄδοξος θέσις τθ5. 159a38-b35. ὑπόθεσις ἄδοξος διχῶς τθ9.
734	160b18. ἀδοξος ἀπόκρισις τι 12. 173a19. ἀδοξότερα, syn
735	ηττον πιστά τθ11. 161b31. τὰ ἀδοξότατα λέγειν τθ4. 159
736	a19, 22. εἰς ἄδοξον ἄγειν τὸν λόγον τι12. 172b10, 19, 23.
737	εἰς τὰ ȣ̔́τως ἄδοξα συνάγειν τι12. 173a27.
738	ἀδορυφόρητος διετέλεσε κατὰ τὴν ἀρχήν Πε12. 1315b28.
739	ἀδȣλία Πζ8. 1323a6.
740	Ἀδραμύτειον, Ἀδράμυτος. Ἀδραμύτειον πόλις τῆς κατὰ
741	Κάικον Μυσίας κέκληται ἀπὸ Ἀδραμύτȣ κτιστȣ͂ f 507. 1561
742	a27.
743	Ἀδράστεια, etymol ἡ ἀναπόδραστος αἰτία κ7. 401b13.
744	Ἀδριαναὶ, Αδριανικαὶ ἀλεκτορίδες descr Ζιζ1. 558b16. Ζγγ1.
745	749b29 (gallinarum domesticarum varietates quaedam non-
746	dum certo definitae C II 697 St K 714 AZγ216 Cr Su
747	138 n 107).
748	Ἀδρίας κ3. 393a28. θ79. 836a7. 81. 836a25. 104. 839b3,
749	8. 105. 839b11, 18. καταπλέοντες, εἰσπλέοντες εἰς τὸν
750	Ἀδρίαν Ζιθ13. 598b16, 18.
751	ἁδρός. σῖτος μήπω ἀδρός Μδ7. 1017b8. ὅταν ἤδη γίγνηται
752	ἀδρότερον τὸ ᾠόν Ζιζ2. 559b11. ἄλφιτα ἀδρά πκα26. 929
753	b38. ῥεύματα ἀδρά πκη1. 949b5. ψακάδες ἀδρότεραι κ4..
754	394a31.
755	ἀδρύνειν. σῖτοι οἱ ταχὺ ἀδρυνόμενοι Φε6. 230b2. ἔμβρυα
756	ἀδρυνόμενα ϗ̀ τέλεα ὄντα Ζιζ10. 565b13. η8. 586b24.
757	νεοττοὶ ἁδρυνόμενοι Ζιι34. 619b30.
758	ἅδρυνσις ϗ̀ γήρανσις Φγ1. 201a19. Μκ9. 1065b20.
759	ἀδυναμία, def στέρησις δυνάμεως Μδ12. 1019b15 sqq Bz. θ1.
760	1046a29. ι10. 1058b27 (cf 5. 1055b8 Bz). τγ6. 119b3. ὅσα
761	κατὰ δύναμιν φυσικὴν ἢ ἀδυναμίαν λέγεται Κ8. 9a16,18, 23,
762	27. μδ8. 385a11. ἀδυναμίᾳ, δι' ἀδυναμίαν, opp δυνάμει, διὰ
763	δύντμιν Ζγα18. 726a8, 11. 20. 728a18. δ1. 765b9, 766a32..
764	ε7. 787a29. ὅλως ἔνεστιν ἐν τῇ δυνάμει ἡ ἀδυναμία ηεη13.
765	1246b32. διὰ τὴν ἀδυναμίαν τȣ͂ ἐκτρέφειν Ζγδ6. 774b35.
766	ὕπνος ἀδυναμία αἰσθήσεως τζ6. 145b1, 4, 14, 15. ὕπνος
767	ἀδυναμία δι’ ὑπερβολὴν τȣ͂ ἐγρηγορέναι υ1. 454b5. διὰ ψυ-
768	χρότητα ϗ̀ ἀδυναμίαν Ζγδ1. 765b17. — ἡ ἄνεσις γίνεται δι
769	ἀδυναμίαν, ἡ δ' ἀδυναμία παρὰ φύσιν Οβ6. 288b14. αἱ ἐν
770	τοῖς ζῴοις ἀδυναμίαι πᾶσαι παρὰ φύσιν εἰσίν, οἷον γῆρας ϗ̀
771	φθίσις Οβ6. 288b15. γῆρας ϗ̀ πᾶσα ἀδυναμία Ηδ3. 1121
772	λόγον μβ5. 362b14. ἀδύνατόν τ συμβαίνει Αα23. 41a25.
773	συμβαίνει τὸ ἀδύνατον τι29. 181a32. συμβαίνει πολλὰ (ἔνια)
774	ἀδύνατα, συμβήσεται τὸ ἀδύνατον, συμβήσεται πολλὰ ϗ̀
775	ἀδύνατα sim ψα4. 408b33. Ζγα18. 722a3. Μγ1. 1002
776	b32. ι6. 1056b5. Γα2. 315b20. 5. 320b7. Οδ2. 309b11.
777	Φδ8. 216a5. ȣ̓δὲν ἀδύνατον συμβαίνει ε13. 22b28. Αα9.
778	30b4. 17. 37a29. cf Μθ4. 1047b19. συμπίπτει λέγειν ἀδύ-
779	νατα μα6. 343a21. ȣ̓δὲν ἀδύνατον συμπίπτει Αα9. 30b4.
780	τὸ αὐτὸ ἔσται ἀδύνατον Οα6. 273b15. cf 11. 281a15. ȣ̓δὲν
781	ἔσται (ἂν εἴη) ἀδύνατον Μθ4. 1047b11. Γα2. 316a21, 19.
782	εὐηθικώτερον ἢ ὥστε περὶ αὐτȣ͂ τὰ ἀδύνατα ἐπισκοπεῖν Φδ10.
783	218b8. ἀδύνατόν τι συναγαγεῖν Ογ1. 299b12. ποιῆσαι τὸ
784	ἀδύνατον Αα15. 34b3. ἐκ τȣ ἀδυνάτȣ δεικνύναι Αα17. 37
785	a9. διὰ τȣ ἀδ. δεικνύναι, ἀποδεῖξαι, ποιεῖν τὴν ἀπόδειξιν
786	Αα5. 28a7. 6. 28a23, 29, b14. 15. 34a3, 35a40. 29. 45b3.
787	διὰ τȣ͂ ἀδ. περαίνειν, opp δεικτικῶς Αα7. 29a31. 23. 41a23.
788	44. 50a29. διὰ τȣ ἀδ. συλλογίζεσθαι Αα23. 41a31. 29.
789	45a27, 28. τθ2. 157b34sqq. ὁ διὰ τȣ ἀδ. συλλογισμός
790	Αβ11-14. α15. 34b30. 23. 41a36. ἡ διὰ τȣ͂ ἀδ. δεῖξις,
791	ἀπόδειξις Αα29. 45a35. 21. 39b32. τὸ διὰ τȣ ἀδ μέρος τῶν
792	ἐξ ὑποθέσεως Αα23. 40b26. εἰς τὸ ἀδύνατον ἄγειν, ἀπάγειν
793	Αα5. 27a15. 7. 29b8. 16. 36a22. 23. 41a33. ἡ εἰς τὸ ἀδύ-
794	νατον ἀπαγωγή Αα7. 29b5. 44. 50a30 ἡ εἰς τὸ ἀδύνατον Αβ17.
795	65b1. οἱ εἰς τὸ ἀδ. ἄγοντες συλλογισμοί, οἱ εἰς τὸ ἀδ. συλλο-
796	γισμοί, opp δεικτικοί Αα23. 41a22. 29. 45a23, 37,b15. β17.
797	65a40. τι5. 167b23. ἡ εἰς τὸ ἀδ. ἄγȣσα ἀπόδειξις, ἢ εἰς τὸ
798	ἀδ. ἀπόδειξις Αβ14. 62b29. γ11. 77a22. 24. 85a16, 19.
799	26. 87a2, 6. — ἀδυνατώτερον. ὅπερ ἐστὶν ἀδυνατώτερον
800	Μβ2. 998a19. ἔτι ἀδυνατώτερον c inf Οβ14. 296b34.
801	ἀεί. ὁ ἄπειρος ϗ̀ ὁ ἀεὶ λαμβανόμενος χρίνος Φδ10. 218a1.
802	φησὶ (Plato) τὸν ȣ̓ρανὸν γενέσθαι μέν, ȣ̓ μὴν ἀλλ ἔσεσθαί
803	γε τὸν ἀεὶ χρόνον Οα10. 280a31. τȣ͂ ἀεὶ ϗ̀ ἀπείρȣ ȣ̓κ εἶναι
804	ἀρχὴν λέγει Δημόκριτος Ζγβ6. 742b20. τὸ ἀεὶ συνεχές, τὸ
805	δ' ἐφεξῆς ȣ̓ συνεχές Φθ6. 259a16. τὰ ἀεὶ ὄντα, ἡ ἀεὶ ὄντα,
806	ȣ̓κ ἔστιν ἐν χρόνῳ Φδ12. 221b3. ἅπαν τὸ ἀεὶ'ὸν ἁπλῶς-
807	ἄφθαρτον Οα12. 281b25. τὸ ἀεὶ ϗ̀ ἐπὶ πάντων ȣ̓κ ἀπὸ τύ-
808	χης ἀλλὰ φυσικόν πιε3. 910b30. τὸ ἐξ ἀνάγκης ϗ̀ ἀεὶ ἅμα
809	Γβ11. 337b35. Με2. 1026b27. ἵνα τȣ͂ ἀεὶ ϗ̀ τȣ͂ θείȣ με-
810	τέχωσιν ψβ4. 415a29. — ἀεί, dist ὡς ἐπὶ τὸ πολύ Ρα6.
811	1362b36. 10. 1369a33, b1. 13. 1374b16. Με2. 1026b35al.
812	τὸ εἰκὸς ȣ̓ τὸ ἀεὶ ἀλλὰ τὸ ὡς ἐπὶ τὸ πολύ Ρβ25. 1402
813	b21. ἀεὶ in enunciatis comparativis, veluti ἀγαθῶν δὲ τὸ
814	μεῖζον αἱρετώτερον ἀεί sim Ηα5. 1097b20. δ7. 1123b28.
815	κ6. 1177a4. Πα5. 1254a25. η14. 1333a21. Ρα1. 1355
816	a37. πο7. 1451a10. 26. 1461b28 Vhl ad h l Poet IV 431.
817	ἀεὶ γὰρ ἑκάστῳ τȣθ' αἱρετώτατον, ȣ̔͂ τυχεῖν ἔστιν ἀκροτάτȣ
818	sim Πη14. 1333a29. θ1. 1337a17. — αἰεί exhibetur Πδ11.
819	1296a24. 14. 1299a1. ε9. 1310a6. Με2. 1027a15 al,
820	quam formam apud Ar omnino praeferendam esse iudicat
821	Gdttling ad Pol p 303. — pro ἀεὶ Ρβ23. 1398a12 restituit
822	σεῖ Vhl Hhet p 35. ἀεὶ pro δεῖ Πδ11. 1296b7 Bk. πο26.
823	1461b28 Vhl Poet IV 430.
824	ἀειδειν. ἄειδε (Hom Α1) πο19. 1456b16. φησὶ Μȣσαῖος εἶναι
825	βροτοῖς ἥδιστον ἀείδειν Πθ5. 1339b22.
826	ἀειδής. ἀειδὲς ϗ̀ ἄμορφον δεῖ τὸ ὑποκείμενον εἶναι Ογ8. 306
827	b17. — ἄκικυς (Hom ι515) explicatur per voc ἀειδής πο22.
828	1458b27.
829	ἀεικέλιος δίφρος (Hom υ259) i e μοχθηρός πο22. 1458b29
830	ἀεικίζειν (Hom Ο254) Ρβ23. 1380b29.
831	ἀεικινήτως κ6. 400b31.
832	ἀειμνήμονες φ3. 808a37.
833	ἀεισκῶπες descr Ζιι28. 617b31.618a7. (espece de petit
834	Ducs C II288; strix scops S; strix aluco St Cr; strix scops et
835	otusSu96n5cf K 985; σκώψ, ephialtes scops AΖι 177 n 99).
836	ἀείφυλλα φυτά, opp φυλλοβολεῖν Ζγε3. 783b10, 20.
837	ἀελλοπόδων ἵππων (Simonid fr 7) Ργ2. 1405b27.
838	ἄελπτον (Archil fr 76) Ργ17. 1418b29.
839	ἀέναος. ποταμοὶ ἀέναοι μα13. 349b9. 14. 352b5, 12. —
840	ἀξννάως. τὰ μὲν κάριμα χόνον τινά, τὰ δ' ἄκαρπα ἀεν-
841	ἀέξειν. ἀέξεται (Hom Σ 110) Ρβ2. 1378b6. (Emped 375)
842	ψγ3. 427a23.
843	ἀέρινος Μθ7. 1049a26. ȣ̓χ ἁπλȣ͂ν τὸ τȣ͂ ζῴȣ σῶμα οἷον
844	πύρινον ἢ ἀέρινον ψγ13. 435a12.
845	b14, 32. — ζῴα ἀέρια, dist νηκτά, χερσαῖα κ6. 398b33.
846	ἀεροειδής. τὸ τῷ ἀέρι ὅμοιον ἀεροειδές Γβ3. 330b24. τὸ λευ-
847	κὸν ϗ̀ διαφανὲς ὅταν ἀραιὸν ᾖ σφόδρα, φαίνεται τῷ χρώ-
848	ματι ἀεροειδές χ3. 794a4. ἀεροειδές, dist ὄρφνον, μέλαν Ζ5-
849	797a7. καπνὸς ἀεροειδής χ3. 793b5.
850	ἀερώδης. ὑπὸ τῆς τȣ πλεύμονος κινήσεως ȣ̓σης ἀερώδȣς ϗ̀
851	κενῆς Ζμγ6. 669b2. — τὸ τάχιστον τῶν ὄντων, τὸ πυρῶδες,
852	τὸ δὲ ἧττον ταχὺ ἀερῶδες κ4. 395a20.
853	ἀετός, κυρίως σημαίνει πλείω τι4. 166a16. — 1. ἀετός, avis
854	(aquilae et falcones Su 104; AZι I77) πτηνόν, πτερωτόν, γαμ-
855	ψώνυχον Ζια5. 490a6. γ9. 517b2. ἀετῶν γένη Ζιθ3. 592b1.
856	ζ6. 563b5, eorum nomina: πύγαργος (siveνεβροφόνος), πλάγ-
857	γος (νηττοφόνος, μορφνός), μελανάετος (sive λαγωφόνος), περ-
858	κνόπτερος (ὀρειπέλαργος, ὑπάετος), ἁλιάετος, οἱ καλȣμενοι γνή-
859	σιοι (cf h v), οἱ μέλανες Ζιζ6. 563b5. ι32. 618b18-619a10.
860	ἐκ τȣ ζεύγȣς τῶν ἀετῶν θάτερον τῶν ἐγγόνων ἁλιαίετος γίνεται
861	παραλλάξ θ60. 834b35. ἀετὸς universe describitur φ6. 811
862	a37, 812b6. Ζιι34. 619b28. 32. 618b30. διὰ τί θεῖόν φασιν
863	εἶναι μόνον τῶν ὀρνέων Ζιι32. 619b5. πόθεν τρέφεται ϗ̀ πῶς
864	ποιεῖται τὴν θήραν Ζιθ3. 592b1. 18. 601b2. ι11. 615b13. 32.
865	619a15, 30, b1. 10. 1. 609a4. τίσι ζῴοις πολέμιος ὁ ἀετὸς ϗ̀
866	τίνα ζῷα μάχεται πρὸς τὸν ἀετόν Ζι1. 609a4,b7, 12, 26, 610
867	a1.11. 615a20. 12. 615a33,b13. 8. 613b11. f275. 1527b25.
868	πῶς νεοττεύει Ζιι32. 619a20, 23. 33. 619b17. ᾠά, ἐπῳασμός
869	Ζιζ6. 563a17, 27. πῶς τρέφει τȣ̀ς νεοττȣ́ς Ζιζ6. 563a17,
870	21, b5. ι34. 619a20, 27, b25, 34. 32. 618b30. βίȣ μῆκος,
871	γῆρας Ζιι32. 619b11, a16. — 2. ἀετός, piscis, inter σελάχη
872	numeratur Ζιε5. 540b18 (raia aquila K ad l l cf C)
873	ἀζήμιοι εἶναι δύνανται οἱ εἰπεῖν δυνάμενοι Ρα12. 1372a12.
874	ἀηδὴς ὁ ὑδαρῆς οἶνος, τὸ ἀηδὲς ἐμετικόν πγ18. 873b31, 35,
875	26, 36. καρκίνȣς πίνειν ἀηδές Ζι5. 611b23. — ἀηδὴς ὁ δύσ-
876	κολος Ηβ7. 1108a30. ὑπερόπται ϗ̀ ἀηδεῖς ημβ3. 1200a15.
877	ἀηδὲς ϗ̀ ἐπίλυπον Ηκ5. 1175b18. αἰσχρὰ ϗ̀ ἀηδῇ ἐστίν, ἃ
878	πράττειν ἐπιχειρȣ͂σιν ρ35. 1440a1. — ἀηδῶς ἀκȣειν, opp
879	ἡδέως Ηδ8. 1124b15.
880	ἀηδία. ἡ συμβαίνȣσα ὕστερον (sc μετὰ τὴν ἡδονήν) ἀηδία
881	πδ10. 877b12. — δόξαν ἀηδίας εὐλαβητέον Ηι11. 1171b26.
882	ἀηδών, πῶς ᾄδει Ζιδ9. 536a29, b17. ι49B. 632b21. ακ804
883	a23, 800a26. ἴδιον ἀηδόνι παρὰ τȣ̀ς ἄλλȣς ὄρνιθας τὸ μὴ ἔχειν
884	τῆς γλώττης τὸ ὀξύ Ζιι15. 616b8. μεταβολὴ τȣ͂ χρώματος
885	Ζιι49B. 632b25. ᾠά, φωλεία Ζιε9. 542b26. ι49B. 632b27.
886	(luscinia C S, sylvia lusc St, lusc vera Su 109 n 40 AZι177. n 2).
887	ἀήθης. ἀήθεις τραγῳδίαι, syn ȣ̓δὲν ἔχȣσαι ἦθος πο6. 1450a25,
888	28. (Ὅμηρος ποιεῖ) ȣ̓δοὲν ἄηθες, ἀλλ' ἔχοντα ἤθη πο24. 1460
889	a11. ef ὄθος
890	ἀῆναι. ἀέντων (Emped 223) αι2. 437b29.
891	ἀήρ. ὅσα περὶ τὸν ἀέρα πκε. ὁ ἀὴρ δοκεῖ εἶναι ἀσώματος, κενόν,
892	ἥκιστα ἔχει τῶν ἄλλων διαφορὰς αἰσθητάς Φδ4. 212a12.
893	ψβ8. 419b34. Φα6. 189b7. πῶς ἐπιδεικνύȣσιν ὅτι ἔστι τι
894	ὁ ἀήρ Φδ6. 213a26. 8. 216b18. περὶ τὸν καλȣ́μενον ἀέρα
895	τίς αὐτȣ͂ ἡ φύσις ϗ̀ πῶς ἔχει τάξει πρὸς τᾶλλα τὰ λεγό-
896	μενα στοιχεῖα μα3. ὁ ἀὴρ θερμὸν ϗ̀ ὑγρόν, οἷον ἀτμὶς ὁ
897	ἀήρ Γβ3. 330b4, 22. ὁ ἀὴρ ὑγρȣ͂ μᾶλλον ἢ θερμȣ͂ Γβ3.
898	331a5. τὸ μὲν ὕδωρ ὕλη ἀέρος, ὁ δ' ἀὴρ οἷον ἐνέργειά τις
899	ἐκείνȣ Φδ5. 213a2, 4. ἀὴρ συνιστάμενος (συγκρινόμενος,
900	πῆξις ἀέρος) διὰ τὴν ψύξιν γίνεται νέφος ϗ̀ ὕδωρ μα4. 342
901	a1, 29. 13. 349a18. β6. 364b27. γ4. 373b21. ἐξ ὕδατος
902	ἀὴρ γίνεται διακριθέντος, ὁ ἥλιος διαλύει, διαχεῖ τἀς συστά-
903	σεις τȣ͂ ἀέρος μα3. 340a10, 24. γ3. 373a29. 5. 376b23.
904	οἷον εἰ ἐξ ὕδατος κοτύλης εἶεν ἀέρος δέκα Γβ6. 333a22.
905	ξηρότερος ὁ ἀὴρ τȣ͂ θέρȣς, ἐν δὲ τῷ ἔαρι ἔτι ὑγρός μα12.
906	348b28. ὁ νότιος ἀὴρ μᾶλλον εἰς ὕδωρ μεταβάλλει τȣ͂ πρὸς
907	ἄρκτον μγ6. 377b27. — περὶ τὸ ὕδωρ ἡ τȣ͂ ἀέρος σφαῖρα
908	ϗ̀ περὶ ταύτην ἡ τȣ͂ πυρός μβ2. 354b24. Οβ4. 287a32.
909	δ4. 311a28. 5. 312a27. ἀὴρ ϗ̀ ὕδωρ ἔχȣσι ϗ̀ κȣφότητα ϗ̀
910	βάρος ἑκάτερον Οδ5. 312a25. ἐν τῷ ἀέρι βαρύτερον ἔσται
911	ταλαντιαῖον ξύλον μολίβδȣ μναίȣ, ἐν δὲ ὕδατι κȣφότερον
912	Οδ4. 311b3. δύναται πολὺ βάρος φέρειν ἀπολαμβανόμενος
913	ϗ̀ μένων ὁ ἀήρ Οβ13. 294b22. ὁ ἀὴρ πολύκενος πκε22.
914	640a4. ϗ̀ ὁ ἀὴρ φέρεται ἄνω μδ7. 383b26. ἀὴρ πυρὸς ἐγ-
915	γυτάτω τῶν ἄλλων, ὕδωρ δὲ γῆς μα2. 339a18. ἐν τῷ ἄνω
916	τόπῳ ȣ̓κ ἔνεστιν ἀὴρ μόνον, ἀλλὰ μᾶλλον οἷον πῦρ μα3.
917	340b31. τὸ ἔσχατον τȣ͂ λεγομένȣ ἀέρος δύναμιν ἔχει πυρός
918	μα8. 345b33. ὁ ἀὴρ πρὸς τἀλλα πῦρ μκ5. 466a24. ὁ ἀὴρ
919	διὰ τὴν πληγὴν τῇ κινήσει γίγνεται πῦρ Οβ7. 289a27. —
920	ὁ περιέχων, ὁ θύῥαθεν ἀήρ Ζγδ10. 777b7. β6. 744a3. ὁ
921	περὶ τὴν γῆν ȣ̓ μόνον ἀήρ ἐστιν ἀλλ' οἷον ἀτμίς μα3. 340
922	a34, b24. ἀτμιδώδης ἀήρ Ζγε6. 786a13. ἀὴρ πλήρης ψυ-
923	χρᾶς ϗ̀ πολλῆς ἀτμίδος μβ8. 367a34. πᾶσα ἡ γεώδης ἀτμὶς
924	ἀέρος ἔχει δύναμιν Ζγε4. 784b15. ἀὴρ ȣ̔́τω κεκραμένος μα8.
925	346a6. ϗ̀ ἀὴρ σήπεται μδ1. 379a15. ὁ ἀὴρ ἄπηκτος Ζγβ2.
926	736a23. ἐν ἀέρι ϗ̀ πυρὶ ȣ̓κ ἔστι ζῷα μδ4. 382a7. — ἀὴρ
927	κινύμενος ϗ̀ ῥέων μα13. 349a17. 10. 347a34. πᾶς ὁ κύκλ
928	ἀὴρ συνέπεται τῇ φορᾷ μβ4. 361a24. ἀταραχωδέστερος ὃ
929	ἀὴρ τῆς νυκτός μτ2. 464a14. ἀὴρ καθεστηκώς πκϛ2. 940
930	a38. πρὸς ἀμφότερα (τὸ θᾶττον ϗ̀ βραδύτερον ποιεῖν) ὥσπερ
931	ὀργάνῳῳ χρῆται τῷ ἀέρι ἡ κίνησις Ογ2. 301b22. — ὁ ἀὴρ
932	λευκότερος τὴν φύσιν τȣ͂ ὕδατος μγ4. 374a2. Ζγε6. 786a6.
933	χ1. 791a2. χρωματίζεται ὁ ἀὴρ συνιστάμενος παντοδαπὰς
934	χρόας, ἀνάκλασιν δεχόμενος ὁ ἀὴρ παντοδαπὰ χρώματα ποιήσει
935	μα5. 342b5, 7. πκγ23. 934a19. κυανοειδῆς χ3. 794a8. —
936	πότερον αἱ ὀσμαὶ καπνὸς ἢ ἀὴρ ἢ ἀτμίς πιβ10. 907a29. τὸ
937	ἔλαιον ἀέρος, ἐκ τῆς ἐβένȣ διαπέπνευκεν ὁ ἀήρ μδ7. 384a16,
938	b19. — αὐτὸ ἄψοφον ὁ ἀήρ ψβ8. 420a7. — ἀήρ, syn πνεῦμα
939	αι5. 443b5, 4. ἀὴρ εἰσρέων ϗ̀ ἐκρέων πν2. 482a5. ἀέρος πό-
940	τερον ἴδιον τὸ ἀνάπνευστον τε5. 135a33, 36. 9. 138b30 sqq.
941	ἀκίνητος ν ὁ ἀὴρ θερμαίνεται ζ6. 470a25. ἀέρα τὴν ψυχὴν
942	εἶναι ᾠήθη Διογένης ψα2. 405b22. ἄνθρωπός τις μόνῳ τῷ
943	ἡλιοειδεῖ τρεφόμενος ἀέρι f 37. 1481a2.
944	ἀῆται (Hom δ 567) πκϛ 31. 943b23.
945	ἀήττητος. ἀρχικὸν ϗ̀ ἀήττητον ὁ θυμός Πη7. 1328a7. ηεγ1.
946	1229a28.
947	ἀθανασία ȣ̓ρανȣ͂ ϗ̀ ἀιδιότης Οβ1. 284a1. ἀθανασία, syn ζωὴ
948	ἀίδιος Οβ3. 286a9, dist ζωὴ ἀίδιος τδ5. 126b35. βȣ́λησις
949	ἀδυνάτων, οἷον ἀθανασίας Ηγ4. 1111b22.
950	ἀθανατίζειν χρὴ ἐφ ὅσον ἐνδέχεται Ηκ7. 1177b33. ἀθανα-
951	τίζειν τὴν φύσιν βȣλόμενος f 601. 1578b23.
952	ἀθάνατος. τῷ ἀθανάτῳ τὸ ἀθάνατον συνηρτημένον Οα3. 270
953	b9. ἀθάνατον ϗ̀ ἄπαυστον, ἄπαυστός τις ϗ̀ ἀθάνατος κίνησις
954	Φθ1. 250b13. 6. 259b25. ἀθάνατόν τι ϗ̀ θεῖον Οβ1. 284a3.
955	ὁ ποιητικὸς νȣ͂ς ἀθάνατον ϗ̀ ἀίδιον ψγ5. 430a23. ψυχὴ βελ-
956	τίων ϗ̀ ἀθανατωτέρα ψα5. 411a13. ὅτι ἀθάνατος ἡ ψυχή
957	quomodo demonstretur in dialogo Budemo f 33. 1480a11.
958	34. 1480b2. — καρπὸς ἀθάνατος· ἀθάνατόν μιν αὐξήσȣσι
959	Μȣ͂σαι f 625. 1583b14, 22. ἀθανάτοισι (Hes θ120) ξ1. 975
960	ἀθέατος act ἀθέατοι τῶν κρειττόνων κ1. 391a25.
961	ἀθερίνηpiscis, πῶς τίκτει Ζιζ17. 570b15, 571a6. cf ἀθερῖνος
962	(epi C, Graecis hodie atherno S Cr, atherina presber Cr,
963	atherina vera Cr K AZι I 121. n 1ather. hepsetus L?).
964	i q ἀθερίνη).
965	ἄθετος. μονὰς ȣ̓σία ἄθετος, στιγμὴ δὲ ȣ̓σία θετός Αγ27. 87
966	a36 (syn ȣ̓κ ἔχει θέσιν, ἔχει θέσιν 32. 88a33). Μδ6. 1016
967	b25, 30. μ8. 1084b27, 33.
968	—pass ὁ θεὸς πάση θνητῇ φύσει ἀθεώρητος ἀπὸ τῶν ἔργων
969	θεωρεῖται κ6. 399b22.
970	Ἀθηνᾶ θ96. 838a24. 108. 840a31. τῇ Ἀ. τὴν ἐπιστήμην
971	περιτίθεμεν Πθ6. 1341b7. Ἀ. ἀπέβαλε τȣ̀ς αὐλȣ́ς Πθ6.
972	1341b3. τὸν Οδυσσέα προέκρινεν Ρα6. 1363a18. Ζαλεύκῳ
973	ἐνύπνιον τὴν Ἀθηνᾶν παρίστασθαι f 505. 1561a11. Ἀστὴρ
974	γίγας ὑπὸ Ἀθηνᾶς ἀναιρεθείς f 594. 1574b28. ἡ ἐν ἀκρο-
975	πόλει Α. οβ1374a15, τὸ ἄγαλμα τῆς Ἀθηνᾶς f 402. 1545
976	a24, 33. Pphidiae statua κ6. 399b34. θ155. 846a18. ἐν τῷ
977	ἱερῷ τῆς Ἀθηνᾶς ἐν ἀκροπόλει χρήματα ἱερά τε ϗ̀ δημόσια
978	f402. 1545a31. ἱερὰ τῆς Ἀθηνᾶς Ελληνίας (Eλενίας coni
979	Οsann) θ108. 840a28, 34, Ἀχαίας θ109. 840b2. — Ἀθη-
980	ναίη (Hom I 390) Ργ11. 1413a34.
981	Ἀθῆναι Φε1. 224b21. Κ6. 5b23. θ133. 843b18. ἐν Ἀθή
982	ναις Πβ8. 1268a10. ε3. 1303a8. f 596. 1576b16. ἐξ Ἀ-
983	θηνῶν f 619. 1582b20. εἰς Ἀθήνας f 27. 1479a13. 443.
984	1550b46. 489. 1558a6. 619. 1582b22. περὶ' Ἀθήνας Ζιζ15.
985	569b11. ι31. 618b15. περὶ Ἀθήνας ἐπεχωρίασεν ἡ αὐλη-
986	τική Πθ6. 1341a34. — Ἀθήναζε Φγ3. 202b13. — Ἀθή-
987	νηθενΦγ3. 202b14. f 381. 1541b23. — Ἀθήνησι Ζιζ24.
988	577b30. Μγ5. 1010b10. Ρβ23. 1398b1. ρ9. 1429b8. 14.
989	1431a17. πο5. 1449b7. θ153. 846a6. τὸ Ἀθήνησι διατρί-
990	βειν ἐργῶδες f 617. 1582a22, 30. οἱ Ἀθ. ῥήτορες Ργ17.
991	1418a29. ἐπ' ἄρχοντος Ἀθ. Εὐκλέȣς sim μα6. 343b4. 7.
992	345a2. res publicae Ἀθήνησι Πβ7. 1267b17. γ2. 1275
993	b35. δ4. 1291b24. 16. 1300b28. ε3. 1302b19, 1303b10.
994	5. 1305a23. 6. 1305b25. 10. 1310b30. 12. 1315b30. ζ4.
995	1319b21. 8. 1322a20. f 347. 1536a46. 402. 1545a30.
996	411. 1546b12. 419. 1547b45. — Ἀθηναῖοι Αδ11. 94
997	a36b7. θ131. 843a1. Ηδ8. 1124b17. Ρβ22. 1396a8, 24.
998	ρ2. 1422a40, 1423a5. 9. 1429b1. ὁἈθηναίων λιμήν Ζιζ15.
999	569b26. Ἀθηναίων πολιτεία f 343-431. Ἀθηναῖοι ἀπὸ Ἴω-
1000	νος κοινῶς Ἀπόλλωνα πατρῶον τιμῶσιν, Ἴωνες ἐκλήθησαν
1001	f 343. 1535b37, 39. Ομηρος μόνȣς Ἀθηναίȣς δῆμον προσα-
1002	γορεύει f 346. 1536a39. Solonis leges Πβ12. 1273b35 sqq.
1003	Ρβ23. 1398b16. f 350. 1537a16, 24. res publicae Πγ13.
1004	1284a39. ε4. 1304a6, 9, 28. 7. 1307b22. Ρβ6. 1384b33.
1005	γ10. 1411a9, 11. 11. 1412b4. οβ1347a8, 18. f374. 1540
1006	a40. 372. 1540a27. 380. 1541b3. 386. 1542b2. Ἀ. ρ-
1007	μήρῳ μάρτυρι ἐχρήσαντο περὶ Σαλαμῖνος Ρα15. 1375b30.
1008	—Α. καλȣ͂σι δήμȣς, πράττειν, οἱ Πελοποννήσιοι κώμας, δρᾶν
1009	πο3. 1448a36, b1. τέτριξ, ἢν καλȣ͂σιν Ἀθηναῖοι ȣ̓́ραγα Ζιζ1
1010	559a12. ȣ̓ χαλεπὸν Ἀθηναίȣς ἐν Ἀθηναίοις ἐπαινεῖν Ρα9.
1011	1367b8. γ14. 1415b31. proverbium ȣ̓κέτι γιγνώσκȣσιν
1012	Ἀθηναῖοι Μεγαρῆας ηεη2. 1236a36. 10. 1242b25. — Ἀ-
1013	οβ 1347a4. Τιμόθεος, Χαβρίας, Πυθοκλῆς, φικράτης Ἄθ.
1014	οβ 1347a4. 1350a23, b33. 1351a18. 1353a15.
1015	ἀθήρ. ὅταν ἀθέρας ἔχη σκληρȣ̀ς ἡ κράστις Ζιθ8. 595b27.
1016	ἄθλαστος. περὶ τȣ͂ ἀθλάστȣ μδ8. 385a15. 9. 386a17-26.
1017	956b26, 31. 
1018	ἀθλητής, opp ἰδιώτης Ηγ11. 1116b13. κληρȣ͂ν τȣς ἀθλητάς
1019	Ρβ20. 1393b5. βȣλονται ἀθλητήν τινα νικᾶν Ηγ4. 1111b24.
1020	ἡ τῶν ἀθλητῶν ἕξις ȣ̓ χρήσιμος πρὸς πολιτικὴν εὐεξίαν Πη16.
1021	ληταὶ ἄχροοι, δύσριγοι, ὑγιεινῶς διακείμενοι πλη5. 967a13.
1022	η4. 887b22. α28. 862b21. — αὐτȣ̀ς ἀθλητὰς τῶν ἔργων
1023	εἶναι Πζ7. 1321a26.
1024	ἀθλητικὴν ἕξιν ἐμποιεῖν Πθ4. 1338b10.
1025	a6. 13. 1102b7. ἄθλιοι οἷς πλείονος ἀξία ἡ κτῆσις τῆς ἰδίας
1026	φύσεως f 89. 1492a9. — ἀθλίως τελευτήσας Ηα10. 1100a9.
1027	ἀθλοθέτης. ἀπὸ τῶν ἀθλοθετῶν ἐπὶ τὸ πέρας Ηα2. 1095b1.
1028	ἀθλοθέτας ἕνα κατὰ φυλὴν ἑκάστην χειροτονεῖν f374.1540b6.
1029	δ11. 1296a30. οα5. 1344b5. ἐφ ὅσοις τὰ ἆθλα τιμή, καλά
1030	Ρα9. 1366b34. τὰ ἅθλα σχεδὸν ἐκ τῶν ἀγώνων οἱ ὑποκριταὶ
1031	λαμβάνȣσιν Ργ1. 1403b22, 1404a17. τοῖς δȣ́λοις ἆθλον προ-
1032	κεῖσθαι τὴν ἐλευθερίαν Πη10. 1330a33.
1033	a14. 9. 386a9-17.
1034	ἀθρεῖν. ἀθρήσειεν (Hom K 11) πο25. 1461a18. οἱ μεθύοντες
1035	ἀθρεῖν τὰ πόρρω ȣ̓ δύνανται πγ9. 872a19. — δεῖ τὰ ὑπάρ-
1036	χοντα περὶ ἕκαστον ἀθρεῖν (syn ἐπιβλέπειν, σκέψασθαι, ἐπί-
1037	πιστὸν ȣ̓κ ἐκ τῶν φαινομένων ἀθρȣ͂σιν, ἀλλὰ μᾶλλον ἐκ τῶν
1038	λόγων Οβ13. 293a29.
1039	ἀθροίζω. ἀθροισθέντες κατέλυσαν τὸν δῆμον Πε5. 1304b33.
1040	ἀθροίσαντες χρήματα Πε11. 1314b10. ἐᾶται ἀθροίζεσθαι ἡ
1041	ἀθροίζεται ἡ σύγκρισις, ἡ πύκνωσις, τὸ περίττωμα sim μα8.
1042	346a22. 7. 345a9. Ζγβ4. 738b7. δ8. 776b30. α17. 725
1043	b4 (coni syn συρρεῖ). πκϛ56. 946b36. ἠθροισμένος ὄγκος
1044	μβ2. 354b6. ἐξ ὁμοιομερῶν πάντων ἠθροισμένον (Anaxag)
1045	Ογ3. 302b3. πνεῦμα ἠθροισμένον Ζγβ4. 737b35.
1046	ἄθροισις ὑγρȣ͂. νεφῶν πθ1. 889b12. κϛ56. 946b35. αἱ τῶν
1047	νεφῶν ἀθροίσεις μα3. 340a31.
1048	ἀθρόος. ἀθρόος, ἀθρόοι, opp κατὰ μέρος, κατὰ μικρόν, καθ
1049	ἕκαστον Πδ14. 1298a12. γ13. 1283b35. Ζγγ5. 756a13,
1050	συντιθέναι ρ23. 1434b9. ἀθρόας τὰς τιμὰς δȣ͂ναι, ἀφαι-
1051	ρεῖσθαι, opp ἐκ προσαγωγῆς Πε11. 1315a13. σῶμα κεί-
1052	μενον ἀθρόον, πλῆθος ὕδατος ἀθρόον, ποταμοὶ ῥέοντες ἀθρόοι
1053	sim, opp εἰς πλάτος διαταθῆναι, ἀφικέσθαι εἰς πλατὺν τόπον
1054	ἀθρόον ἔχει τὸ ὑγρὸν ϗ̀ δι ὅλȣ συνεχές μδ9. 387b27.
1055	πνεῦμα φέρεται ἀθρόον, ἀθρόον ϗ̀ πυκνότερον, op διασπώ-
1056	μενον, σποράδην διαχεόμενον μβ8. 367a30, 366b21. γ1. 370
1057	b7, 5, 371b1, 5. Ζια11. 492b7. τὸν ἀέρα ἀθρȣν ἀφάλλεσθαι
1058	186a15. θ3. 253b25. Πε8. 1307b35. ἔκκρισις ἀθρόα μβ5.
1059	361b18. κάθαρσις ἀθρόα, opp κατ' ὀλίγον Ζιη2. 582b7.
1060	κατάστασις ἀθρόα εἰς τὴν ὑπάρχȣσαν φύσιν Ρα11. 1369b34.
1061	ὄψις ἀθρόα μγ6. 377b18, 378a5. πλα15. 958b37. ἀθρόον
1062	ἐκκαγχάζειν Ηη8. 1150b11. — ἀθροώτερα ὕδατα μα12.
1063	ἀθροωτέρα μα12. 348b22. ὄψις ἀθροωτέρα πλα16. 959a6.
1064	τὸ ἀθροώτερον ἥδιον ἢ πολλῷ κεκραμένον τῷ χρόν πο26.
1065	1462b1. — ἀθρόως περικυκλȣν Ζιδ8. 533b10. πίνειν ποιεῖν
1066	τι πγ21. 874a22. ιθ2. 917b22. μεθ᾽ ὕδατος ἀθρόως ῥαγέν-
1067	τος κ4. 394b18. ἔκκρισις ὑγρȣ͂ ἀθρόως (ἀέρος v l) μδ9.
1068	387a31.
1069	ἀθυμεῖν. πῶς ȣ̓κ ἄξιον ἀθυμῆσαι Μγ5. 1009b37.
1070	ἀθυμία. ποιεῖν ἀθυμίας ἢ φόβȣς πλ1. 954a23. ȣ̓ δυνηθεὶς
1071	συμβαλεῖν (τὸ αἴνιγμα) Ομηρος διὰ τὴν ἀθυμίαν ἐτελεύ-
1072	τησε f 66. 1487a29.
1073	ἀθυμίατος. περὶ τȣ ἀθυμιάτȣ μδ8. 385a18. 9. 387a23
1074	388a9.
1075	ἄθυμος. ἔθνη ἄθυμα, opp ἔνθυμα Πη7. 1327b28, 30. ἀθύμȣ
1076	σημεῖα φ3. 808a7-12. ἀθυμότερα τὰ θήλεα τῶν ἀρρένων
1077	627a33, b2.
1078	ἄθυρμα τῇ ποιήσει (apud Alcidamantem, cf Vhl Alcidam p10)
1079	Ργ3. 1406a9, b13.
1080	Ἀθως. ἐν νἈθῳω Ζιδ29. 607a12. περὶ τὸν νἈθων Ζιε17. 549
1081	τὸν Ἀθω διορύξας (socr 4, 89) Ργ9. 1410a11. σφόδρα
1082	ὑψηλὸν ὄρος πκϛ36. 944b13.
1083	αἰάζειν ϗ̀ ἐκπνεῖν Ζιδ9. 536b22. coni syn θερμότερον πνεῦμα
1084	προίεσθαι Ζγε7. 788a22.
1085	θ106. 840a7.
1086	Αἴας, versus Hom affcrtur Ρβ9. 1387a34 (Α 542). Αμας
1087	μεγαλόψυχος, ὅμοιος Ἀχιλλεῖ Αδ13. 97b18. τγ2. 117b13,
1088	16, 24. cf f 625. 1583b19. μελαγχολικός πλ1. 953a21.
1089	(Sophoclis) ἐν ταῖς διδασκαλίαις ψιλῶς Αἴας ἀναγέγραπται
1090	f 580. 1573a31. Αἴας ὁ εοδέκτȣ Ρβ23. 1399b28, 1400
1091	a27 (Nck fr tr p 622). Αἴαντες tragoediae patheticae πο18.
1092	1455b34. — Αἴας ὁ Οιλέως, ἐπιτάφιον ἐπ' αὐτȣ͂ f 596
1093	Αἰγαὶ αἱ κατὰ Συρίαν σ973b2. f238. 1521b21.
1094	Αἰγαῖος ὁ μβ1. 354a14, 20. Ζιθ13. 598a26. πκγ6. 932
1095	a22, 25. Ἀἰγαῖον πέλαγος κ3. 393a30.
1096	Αἰγεῖδαι, φρατρία Θηβαίων f 489. 1557b40, 1558a5, 7.
1097	Ζιγ20. 522a23, 27, 29.
1098	αἴγειρος ȣ̓ φέρει σπέρμα Ζγα18. 726a7. αἴγειρος ἄκαρπος
1099	(Hom ε64, 239) κ6. 401a4, 2. αἴγειροι ἐξ ὧν ἐκπίπτειν φασὶ
1100	τὸ καλȣμενον ἤλεκτρον θ81. 836b3. αἴγειροι καρποφόροι θ69.
1101	b20 (populus nigra L.
1102	Αἰγεὺς Euripidis πο25. 1461b21 (cf ck fr tr p 289).
1103	αἰγιαλός. περὶ τȣ̀ς αἰγιαλȣς μβ8. 367b13. μχ15. 852b29.
1104	ἐν τοῖς αἰγιαλοῖς ϗ̀ περὶ τὰς ἀκτάς Ζιε15. 547a10.
1105	αἰγιθαλός avis, refertur inter σκωληκοφάγα Ζιθ3. 592b17.
1106	τίκτει ᾠὰ πλεῖστα, ἀδικεῖ μελίττας Ζιι15. 612b3. 40. 626
1107	a8. αἰγιθαλῶν εἴδη τρία Ζιθ3. 592b17-21 (parus C S St K
1108	Cr Su A; in definiendis tribus speciebus ap Ar descriptis
1109	αἴγιθος, avis, εὐβίοτος, πολύτεκνος, τὸν πόδα χωλός Ζιι15.
1110	616b10. διὰ τί πολέμιος ὄνῳ Ζι1. 609a31. αἰγίθȣ ϗ̀ ἄνθȣ
1111	αἷμα ȣ̓ συμμίγνυσθαι ἀλλήλοις λέγεται Ζιι1. 610a7 (li-
1112	naria rubra C, species emberizae L St Cr, parus caeruleus
1113	K Cr, fringilla cannabina, sylvia cinerea Su 161 n. 159).
1114	Ἄἴγινα Μδ5. 1015a25. 30. 1025a26. res publicae Πδ4.
1115	1291b24. ε6. 1306a4. Ρβ22. 1396a19. Αἴγινα λήμη τȣ
1116	Πειραιέως Ργ10. 1411a14. — χωρίον τι (ἐν Iῳ νήσῳ) τὸ
1117	καλȣμενον Αἴγινα f 66. 1486b44. — Αἰγιναῖος ὀβολός
1118	f 436. 1550a12. — Αἰγινῆται Ρβ22. 1396a19. Αἰγ.
1119	ἐπλήθυναν f 432. 1549b24. Αἰγινητῶν πολιτεία f 432.
1120	Αἴγισθος πο13. 1453a37. f 596. 1575a31.
1121	αἴγλη λευκή (Hlom ζ45) κ6. 400a14. νῆστις αἴγλη (Emp
1122	212) ψα5. 410a5.
1123	αἰγοθήλας, avis, descr Ζιι30. 618b2 (caprimulgus C 8,
1124	caprimulgus europaeus L St K Cr Su 131 n 95 AΖι1. 77. n 5).
1125	αἰγοκέφαλος, avis, descr Ζιβ15. 506a17, b23. 17. 509a2.
1126	(la barge5 C, strix otus? St 170, 81 K Cr, αἰγοθήλας legen-
1127	dum ci Su 162 n 169).
1128	Αἰγὸς ποταμοί. ἐν Α. π. ἔπεσε λίθος ἐκ τȣ͂ ἀέρος μα7.
1129	344b32.
1130	αἰγυπιός, avis, descr Ζι1. 609b9, 34, 610a1 (vultur S
1131	vultur cinereus K, magna avis rapax St Su 107 n 34).
1132	Αἴγυπτος ἡ Οα7. 274b16. β14. 298a3. Ρβ20. 1393a32,
1133	33. τὴν Α. οἱ μὲν τῇ Ἀσίᾳ οἱ δὲ τῇ ιβύη προσάπτȣσι
1134	κ3. 394a1. θάλαττα ἡ ἀπὸ Κυρήνης πρὸς ἴγυπτον Ζιε31.
1135	557a30. ἡ Α. τὸ ἀρχαῖον Θηβαι καλȣμεναι μα14. 351b34.
1136	πρόσχωσις Nείλȣ μα14. 351b28, 352b21. κοίλη τὰ κάτω
1137	πκϛ44. 945a25. Φάρος, ἐμπόριον τῆς Αἰγύπτȣ f 161. 1505
1138	a14. κατ᾽ Α. ὁ νότος ȣ̓ πνεῖ πκϛ44. 945a20. ὁ ἐν Α. βȣ͂ς,
1139	ὂν ὡς Ἀπιν τιμῶσιν ηεα5. 1216a1. ἡ περὶ Αἴγυπτον ἐπι-
1140	μέλεια τῶν ζῴων Ζιι1. 608b33. animalia ἐν Αἰγύπτω Ζιβ7.
1141	502a9. 10. 503a1. ζ2. 559b1. 4. 562b25. 37. 581a1. θ12.
1142	597a6. 28. 606a21. ι6. 612a16. 27. 617b27, 29, 30. θ7.
1143	831a11. 142. 845a11. f 271. 1527a32. πολύγονοι αἱ γυ-
1144	ναῖκες περὶ Αἴγυπτον Ζγδ4. 770a35. Ζιη4. 584b7, 31. f258.
1145	1525a38. τὰ ἐν Αἰγύπτῳ φυτά φτα4. 819a11. 7. 821a33,
1146	b8. πκ32. 926b6. instituta ac mores Πγ15. 1286a13. η10.
1147	1329b2, 3, 24, 32. ΜΑ1. 981b23. αἱ περὶ Αἴγυπτον πυ-
1148	ραμίδες Πε11. 1313b22. Αἰγύπτȣ σατραπεύων οβ 1352
1149	a9, 16. — Αἰγύπτιοι Ζιβ1. 500a4. ἀρχαιότατοι τῶν ἀν-
1150	θρώπων μα14. 352b21. πρεσβύτεροι οἱ μάγοι τῶν Αἰγυ-
1151	πτίων f 8. 1475a36. eorum natura et ingenium φ1. 805a27.
1152	6. 812a12. πιδ4. 909a27. placita de diis Μλ8. 1074b6.
1153	artes mathematicae et astronomicae ΜΑ1. 981b23. Οβ12.
1154	292a8. μα6. 343b10, 28. ὃ τȣ̀ς ἀφισταμένȣς Α. ἀποκρί-
1155	νασθαί φησιν ὁ Ἡρόδοτος (Her 2, 30) Ργ16. 1417a6. Ταὼς
1156	ὁ Α. βασιλεύς οβ1350b33. Αἰγύπτιον πέλαγος κ3. 393a29.
1157	αἰγώλιος (αἰγωλιός 609a27, 616 b25), avis, descr Ζιζ6.
1158	563a31 (αἰτώλιος Bk). θ3. 592b11. ι1. 609a27. 17. 616b25
1159	(Camus Ζιζ6. 563a31 lectionem αἰτώλιος secutus, αἰτώλιον
1160	interpretatur milvum nigrum, αἰγώλιον chouette, reliqui ll-
1161	αἰγώλιος legendum censent; strix — passerina an dammea
1162	an aluco? — S St K Cr Su 97 n 7, ulula aluco? AZι I τ7).
1163	Αἰγών, ποταμὸς Λβύης μα13. 350b11.
1164	αἰγωπός. ὄμματα αἰγωπὰ διὰ τίνα αἰτίαν, dist γλαυκά, χα-
1165	ροπά Ζγε1. 779b14. πι11. 892a3. ὀφθαλμὸς αἰγωπὸς ἤθȣς
1166	βελτίστȣ σημεῖον ϗ̀ πρὸς ὀξύτητα ὄψεως κράτιστον Ζια10.
1167	492a3. ἔνια ζῷα αἰγωπά, ἄνθρωποί τινες αἰγωποί, dist
1168	γλαυκοί, χαροποί, μελανόφθαλμοι Ζγε1. 779a33, b1.
1169	αἰδεῖσθαι, dist φοβεῖσθαι Πε11. 1314b20. πια53. 905a7.
1170	καταπλὴξ ὁ πάντα αἰδȣ́μενος Ηβ7. 1108a34. κόρη αἰδε-
1171	σθεῖσα τὸ συμβὰν διὰ τὸν ὄγκον τῆς γαστρός f 66. 1486
1172	b42. ἔοικε Μενέλαος αἰδεῖσθαι γαμετὴν ȣ̓σαν τὴν Ἑλένην
1173	f 172. 1506b27.
1174	Αἴδεψος. τὸ θερμὰ τὰ περὶ Aἴδεψον μβ8. 366a29.
1175	1000b8.
1176	αἰδήμων def Ηβ7. 1108a32, 35. ηεγ7. 1233b29. ημα30.
1177	1193a7. τίνας δεῖ αἰδήμονας εἶναι Ηδ15. 1128b17-20.
1178	ἐπιεικὴς ϗ̀ αἰδήμων Ηγ9. 1115a14.
1179	ἀίδιος. ἀίδιος βασιλεία Πε1. 1301b27, στρατηγία Πγ14.
1180	1285a8, b28. 16. 1287a5, ναυαρχία Πβ9. 1271a40, ἀρχὴ
1181	Πδ15. 1299a8. ζ2. 1317b41. στρατηγὸς ἀίδιος Πγ15.
1182	1285b39. ἀίδιοι βασιλεῖς Πγ13. 1284b33, γέροντες Πε6.
1183	1306a17. — ȣ̓σίαν ἀίδιον εἶναι ἀνάγκη Μλ6 Bz. ἄρα δυ-
1184	νατὸν τὰ ἀίδια ἐκ στοιχείων συγκεῖσθαι Μν2. 1088b14.
1185	ἄτοπον γένεσιν ποιεῖν ἀιδίων Μν3. 1091a12. ȣ̓κ ἀίδιον τὸ
1186	ἐνδεχόμενον μὴ εἶναι Μν2. 1088b24. εἰ ἔστιν ἐξ ἀνάγκης.
1187	ἀίδιόν ἐστι, ϗ̀ εἰ ἀίδιον, ἐξ ἀνάγκης Γβ11. 338a1. Ζμα1.
1188	639b24. τὰ ἐξ ἀνάγκης ὄντα ἁπλῶς πάντα ἀίδια, τὰ δ᾽
1189	ἀίδια ἀγένητα ϗ̀ ἄφθαρτα Ηζ3. 1139b24. cf Οα12. 282
1190	a23. ȣ̓δὲν ὡς ἔτυχεν ȣ̓δ' ἀπὸ ταὐτομάτȣ ἐν τοῖς ἀιδίοις
1191	Οβ3. 286a18. ȣ̓δεμία ἐστὶν ἀίδιος ȣ̓σία ἐὰν μὴ ἢ ἐνεργείᾳ
1192	Μν2. 1088b26. θ8. 1050b8 Bz. ἐνδέχεσθαι ἢ εἶναι ȣ̓δὲν
1193	ȣ̓σίᾳ τῶν φθαρτῶν Μθ8. 1050b7. τὰ ἀίδια ϗ̀ πρῶτα, opp
1194	γενητὰ ϗ̀ φθαρτά Γβ9. 335a29, 24. τὰ ἐξ ἀρχῆς ϗ̀ τὰ
1195	ἀίδια Μθ9. 1051a20. ἀθάνατον ϗ̀ ἀίδιον ὁ ποιητικὸς νȣ͂ς ψγ5.
1196	430a25. ζωὴ ἀίδιος, syn ἀθανασία Οβ3. 286a9, dist ἀθα-
1197	νασία τδ5. 126b35. ἀίδιος ϗ̀ τέλος ȣ̓κ ἔχȣσα κίνησις μα2.
1198	339a25. Φθ8. 263a3 (ubi pro ἐπὶ ἀίδιον scribendum est
1199	ἀίδιον ἐπὶ). ἀίδιον τὸ πᾶν, τὸ ὅλον μβ3. 356b8. α14. 353
1200	a15. τὰ ἀίδια τῶν αἰσθητῶν ΜΑ9. 991a10. λ1. 1069a31
1201	Bz. 2. 1069b25. τὸ ἀίδιον τὸ ἄνω σῶμα ψβ7. 418b9. ἔστι
1202	τὰ μὲν ἀίδια ϗ̀ θεῖα τῶν ὄντων, τὰ δ’ ἐνδεχόμενα ϗ̀ εἶναι
1203	ϗ̀ μὴ εἶναι Ζγβ1. 731b24. τὸ τῶν ἐμψύχων γένος ἀριθμῶ
1204	ἄίδιον εἶναι ἀδύνατον, εἴδει δέ Ζγβ1. 732b32-35. — περὶ
1205	τῶν ἀιδίων ȣ̓δεὶς βȣλεύεται Ηγ5. 1112a21. ἡ δόξα ȣ̓δὲν
1206	ἧττον περὶ τὰ ἀίδια ἢ τὰ ἐφ' ἡμῖν Ηγ4. 1111b32. τῶν
1207	ἀιδίων πῶς ἐστὶν ἀπόδειξις Ζγβ6. 742b25, 31. ἀίδιον, syn
1208	καθόλȣ Αγ7. 75b21, 22. — ȣ̓κ ἔστιν εἰς ἀίδιον (i e εἰς ἄπει-
1209	ρον cf h v) συναρτῆσαι τῆς τοιαύτης ἀποδείξεως τὴν ἀνάγκην
1210	Ζμα1. 640a6. — τὸ τοιȣ͂τον ἐπίπονον, ὅσῳπερ ἂν ἀιδιώτερον
1211	ἢ Οβ1. 284a17.
1212	τὸ τρίγωνον ἔχει δυσὶν ὀρθαῖς ἀεὶ τὰς γωνίας ἴσας, ἀλλ
1213	ὅμως ἔστι τι τῆς ἀιδιότητος ταύτης ἕτερον αἴτιον Φθ1. 252b3.
1214	αἰδοῖον. 1. ποίῶο. proprie αἰδοῖον usurpatur de membro geni-
1215	tali virili, pene, θήλεος ἴδιον μέρος ὑστέρα, ἄρρενος αἰδοῖον
1216	Ζια13. 493a25, 31 cf κ5. 637a23. γ4. 515a3. Ζγα18.
1217	725b3. δ1. 764a15; saepe de pene animalium usurpatur,
1218	ἐλέφαντος, ἵππου, αἰγός, ταύροȣ, καμήλȣ, φώκης, γίννȣ,
1219	ἰκτίδος Ζιβ1. 500b7. γ20. 522a14. ε2. 540a6, b18, a25.
1220	ζ24. 577b28. ι6. 612b15. cf θ12. 831b1. plerumque αἰ-
1221	δοῖον et ὄρχεις dist Ζια13. 493a32. β1. 500b3, 4. πδ26.
1222	879b6. sed testium scrotum ὀσχέα τȣ͂ αἰδοίȣ appellatur
1223	πκζ11. 949a16 ac de pene et testibus usurpatur αἰδοῖον θ10.
1224	831a26. — universe αἰδοῖον partes genitales significat utrius-
1225	que sexus, ἄρρενα ϗ̀ θήλεα τῶν αἰδοίων ὀσμῶνται ἀλλήλων
1226	Ζιε5. 541a25. cf Ζια15. 494b3. 17. 497a25. β1. 500b14.
1227	ε14. 544b24. Ζγδ1. 764b23. — inde ft ut αἰδοῖον femineum
1228	957b11. λβ8. 961a10. f91. 1492a36. ἀλλά με καλύε
1229	αἰδώς (Alc fr 55) Ρα9. 1367a10.
1230	Αἴητος. ἐπίγραμμα ἐπὶ Αἰ. f 596. 1577a4.
1231	Αἰθάλεια, νῆσος ἐν τῷ Τυρρηνικῷ πελάγει θ93. 837b26. 105.
1232	839b20.
1233	αἰθαλώδεις κεραυνοί κ4. 395a26.
1234	αἴθειν. πυρὸς αἰθομένοιο (Emp 221) αι2. 437b27.
1235	αἰθέριος διὰ τί καλεῖται ὁ θεὸς κ7. 401a17. μετὰ τὴν αἰθέ-
1236	ριον ϗ̀ θείαν φύσιν συνεχής ἐστιν ἡ παθητή κ2. 392a31.
1237	379) ψα2. 404b14. αἰθέρι, αἰθὴρ παφλάζων, αἴθὴρ λελιη-
1238	μένος, αἰθέρος ῥεῦμα (Emp 347, 349, 360, 366) αν7. 473
1239	b13, 15, 26. 474a5. Ἀναξαγόρας τὸ πῦρ ϗ̀ τὸν αἰθέρα προσ-
1240	αγορεύει ταὐτό, τὸν αἰθέρα φησὶ πεφυκότα φέρεσθαι ἄνω
1241	Ογ3. 302b4. α3. 270b25. μα3. 339b21. β7. 365a19. 9.
1242	369b14. αἰθέρα προσωνόμασαν τὸν ἀνωτάτω τόπον. ἀπὸ τȣ͂
1243	θεῖν ἀεὶ θέμενοι τὴν ἐπωνυμίαν Οα3. 270b22. μα3. 339b25.
1244	κ2. 392a8. ȣ̓ρανȣ͂ ϗ̀ ἄστρων ȣ̓σίαν αἰθέρα καλȣμεν κ2. 392a5.
1245	Αἰθιοπία μβ5. 362b21. coeli temperies μα12. 349a5. f236.
1246	1520b32. animalia περὶ Αἰθιοπίαν Ζια5. 490a11. ζ19. 573
1247	b28. instituta Πδ4. 1290b5. — Αἰθιοπικὰ ὄρη μα13. 350
1248	b11. — Αἰθίοπες μέλανες, λευκοὶ τȣ̀ς ὀδόντας, βλαισοί,
1249	δειλοί τι 5. 167a11. φ6. 812a13, b31. πι66. 898b12. ιδ4.
1250	909a27. Ζιγ9. 517a18. ȣ̓λότριχες Ζγε3. 782b35. ἡ τῶν
1251	Αἰθιόπων γονὴ ȣ̓ μέαινα Ζιγ22. 523a18. Ζγβ2. 736a11.
1252	eorum proles qualis sit Ζιη6. 586a3, 4. Ζγα18. 722a10, 11.
1253	τὰ ἐν τῇ γῇ τῶν Αἰθιόπων φυτά φτα4. 820a4.
1254	αἴθρη ἀνέφελος (Hom ζ 44) κ6. 400a13.
1255	αἰθρία, def ἀὴρ ἀνέφελος ϗ̀ ἀνόμιχλος κ4. 394a22. ποιεῖν
1256	αἰθρίαν μβ6. 364b9. αἰθρία νυκτὸς μᾶλλον ἢ μεθ' ἡμέραν
1257	πκε7. 938b5. ὕδωρ ἀλεεινώότερον τῆς αἰθρίας Ζιβ10. 503a14.
1258	ἐν αἰθρίαις μα6. 343b19. αἰθρίας ȣ̓́σης μα4. 342a12. 5.
1259	342a34. β9. 369b23 (opp ὅταν ἐπινέφελον ϗ), etiam sine
1260	participio τῆς αἰθρίας, opp ἐπινεφέλων ὄντων πκε18. 939
1261	αἰθριάζειν. ὁ ἥλιος διακρίνει ϗ̀ αἰθριαζει τὸν ἀέρα πκϛ 8.
1262	941a4.
1263	αἴθριος. ἄνεμοι αἴθριοι τίνες μβ6. 364b29. 3. 358b1, 2.
1264	πκϛ20. 942a34. 27. 943a13. αἰθριώτατοι μβ6. 364b7. τὰ
1265	ἐπινέφελα ἀλεεινότερα τῶν αἰθρίων πκε21. 939b33. αἴθριος
1266	διὰ τί καλεῖται ὁ θεός κ7. 401a17.
1267	αἴθυια, avis, πῶς ἔνυδρον, τίκτει ἐν ταῖς περὶ θάατταν πέ-
1268	τραις, ȣ̓ φωλεύει Ζια1. 487a25. ε9. 542b17. θ3. 593b15
1269	(mergus C, refutat S, larus S St K Cr Su 158 n 151, sive
1270	parasiticus sive marinus sive argentatus)
1271	αἰκαυνίαις (?). παρὰ δὲ αἰκαυνίαις (v l ταῖς Καυνίαις)
1272	σ973a12.
1273	αἰκία, συνάλλαγμα ἀκȣσιον βίαιον Ηε5. 1131a8. αἰκίαι ϗ̀
1274	φόνοι Πβ4.1262a26. θάνατοι ϗ̀ αἰκίαι σωμάτων Ρβ8. 1386a8.
1275	a13. — εἰς τὸ σῶμα αἰκισθῆναι πληγαῖς Πε10. 1311b24.
1276	αἴλȣρος, ὁ et ἡ. αἰλȣ́ρων ὀχεία, τόκος, τροφή, γῆρας Ζιε2. 540
1277	a10. ζ35. 580a23. ὀρνιθοφάγοι Ζιι6. 612b15. οι μικρὰ τὰ
1278	πρόσωπα ἔχοντες μικρόψυχοι. ἀναφέρεται ἐπὶ αἴλȣρον φ6. 811
1279	b9(chatC, felis, felis domesticus etcatus S K Cr Su AZιI 63).
1280	αἷμα. 1. τὸ αἷμα τί ἐστιν. τῶν ὑγρῶν μόνον καθ' ἅπαν τε τὸ
1281	σῶμα τοῖς ζῴοις ϗ̀ Ζεί, ἕως ἂν ζῆ, τὸ αἷμα μόνον Ζιγ19.
1282	521a9. α4. 489a20. Ζμγ4. 665b11. τῶν ὁμοιομερῶν κοι-
1283	νότατον πᾶσι τοῖς ἐναίμοις, ἀναγκαιόττον, ȣ̓κ ἐπίκτητον
1284	Ζιγ2. 511b2. 19. 520b10. ὑγρόν, ἕως ἂν ἢ ἐν τῇ φύσει
1285	Ζια1. 487a3. Ζμβ2. 647b12. ὑγρὸν ϗ̀ θερμδν ἀεί, ἔχον τὸν
1286	χυμὸν γλυκύν, τὸ χρῶμα ἐρυθρόν Ζιγ19. 520b19 (sanguinis
1287	color adhibetur ad significandas plantas quasdam, quae fiunt
1288	ὑπὸ τȣ̀ς σταλαγμȣς, ὅλως ὅπȣ συμβαίνει γίνεσθαι μετρία
1289	ὑδάτων ἔκρυσις χ5. 796a15, cf Prantl, Arist uber d Farben
1290	p 129, Meyer Oesch l Botanik I 199; Protococcum viridem
1291	Ag vel Haematococcum Ag vel Nostoc commune Vauch signifi-
1292	cari ci  B Meyer). ἀναγκαῖον ἢ ἔχειν αἷμα ἢ τὸ τȣ́τῳ τὴν
1293	αὐτὴν ἔχον φύσιν, δύναμιν, τὸ ἀνάλογον sim Ζμβ2. 648
1294	a20, 1. α5. 645b9. δ4. 678a9. Ζγα20. 728a20, b1. δ1.
1295	766a34. — 2. τὸ αἷμα ἐκ τίνων στοιχείων σύγκειται ϗ̀ τίνα
1296	μόρια ἔχει. (Anaxagorae de sanguine opinio Φα4. 188a3).
1297	τὸ αἷμα κοινὸν γῆς ϗ̀ ὕδατος, μικτὸν ἐξ ἀμφοῖν Ζμγ5. 688
1298	b11. μδ11. 389b9. αἷμα ϗ̀ γονὴ κοινὰ γῆς ϗ̀ ὕδατος ϗ̀
1299	ἀέρος, τὸ μὲν ἔχον αἷμα ἶνας μᾶλλον γῆς, τὰ δὲ μὴ ἔχοντα
1300	ἶνας ὕδατος μδ10. 389a19. cf 7. 384a16, 25. ἀτελὲς αιμα
1301	ἰς ϗ̀ ἰχώρ Ζια4. 489a23. γένος ἰνῶν ἐν αἵματι Ζιγ6. 515
1302	b30. αἱ ἶνες γῆς εἰσίν, στερεόν, γεῶδες, οἷον πυρίαι ἐν τῷ
1303	αἵματι Ζμβ4. 650b18, 651a1. cf μδ7. 384a28. 10. 389
1304	a20. τὸ ἰχῶρ ἄπεπτον αἷμα, τὸ ὑδατῶδες τȣ αἵματος Ζιγ19.
1305	521b2. Ζμβ4. 651a17. — 3. αἵματος τόπος. τόπος αἵμα-
1306	τος αἱ φλεβες, τȣ́των δ' ἀρχὴ ἡ καρδία υ3. 456b1. οἷον ἐν
1307	ἀγγείῳ τυγχάνει κείμενον ἐν τῇ καρδίᾳ ϗ̀ ταῖς φλεψιν Ζμβ3.
1308	650b6. Ζιγ19. 520b12. αν8. 474b5. τῶν ἄλλων σπλάγχνων
1309	ἡ καρδία μόνον ἔχει αἷμα Ζια17. 496b7. εκ τῆς καρδιας
1310	ἐποχετεύεται ϗ̀ εἰς τὰς φλέβας, εἰς δὲ τὴν καρδίαν ȣ̓κ ἄλ-
1311	λοθεν (sanguinis circuitus ignotus Aristoteli). αὕτῃ γάρ ἐστιν
1312	ἀρχὴ ϗ̀ πηγὴ τȣ͂ αἵματος ἢ ὑποδοχὴ πρώτη Ζμγ4. 666a1-
1313	b1, 24. cf υ3. 485a15. αἱ φλέβες ἀγγεῖον, μόριον δεκτικον
1314	τῷ αἵματι, αἵματος χάριν Ζμγ4. 665b11. 5. 667b17. Ζιγ20.
1315	521b7. 2. 511b2, 17. Ζγβ4. 738a8, 740a21. δ1. 764b33.
1316	πδ26. 879b5. αἱ φλέβες συνεχεῖς πρὸς τὴν τȣ͂ αἵματος ἀρ-
1317	χήν Ζμβ9. 654b9. ὅπȣ ἄν τις διέλη τὴν σάρκα, γίνεται
1318	αἷμα ἐν τῷ ζῶντι Ζιγ19. 520b18. Ζμγ5. 668a33 (ἐν τίσιν
1319	ἰχὼρ γίνεται, ȣ̓χ αἷμα πν6. 484a34), quamvis ȣ̓ συνεχὲς τὸ
1320	αἷμα τῇ σαρκὶ ȣ̓δὲ συμπεφυκός Ζμβ3. 650b6. — 4. αἵμα-
1321	τος θερμότης, σφυγμός. πῶς θερμȣ͂ ϗ̀ ὑγρȣ͂ ἡ τȣ͂ αἵματος
1322	φύσις μετέχει, πῶς ἡ ἀπὸ καρδίας θερμότης ἐστὶν αἰτία ϗ̀
1323	τῷ αἵματι τῆς ὑγρότητος ϗ̀ τῆς θερμότητοςZμβ2. 648a20-3.
1324	650a2. 9. 654b9. γ5. 667b27. πῶς κατέχȣσιν αἱ φλεβες τὸ
1325	θερμόν πν5. 483b19, 484a10. — σφύζει τὸ αἷμα ἐν ταῖς
1326	φλεψὶν ἐν ἅπασι πάντη ἅμα τοῖς ζῴοις Ζιγ19. 521a6. πῶς
1327	γίνεται ὁ σφυγμός αν20. 480a6. — 5. αἴματος πέψις, πῆξις,
1328	τῆξις, σῆψις. ἰχὼρ αἷμα ἄπεπτον Ζιγ19. 521b2. Ζμβ4.
1329	651a17. αἵματος ἐξυγρανθέντος δι' ἀπεψίαν, ἀδυνατȣ́σης
1330	τῆς ἐν τοῖς φλεβίοις θερμότητος πέσσειν Ζμγ5. 668b8. γί-
1331	νεται πεττόμενον ἐξ ἰχῶρος αἷμα, ἐξ αἵματος πιμελή ἡκαθ
1332	αὑτὸ πέψις αἵματος στέαρ ϗ̀ πιμελή ἐστιν Ζιγ19. 521a17.
1333	Ζμβ6. 652a8. 5. 651a21, b7, 20. γ9. 672a4. ἐκ τȣ͂ αἵ-
1334	ματος πεττομένȣ ϗ̀ μεριζομένȣ πως γίνεται τῶν μορίων ἕκα-
1335	στον Ζγα19. 726b5. — αἷμα ἔχον ἶνας ἐξιὸν ἔξω ψύξει
1336	πήγνυται, ἐξαιρȣμένων τῶν ἰνῶν ȣ̓ πήγνυται Ζιγ19. 520b24,
1337	26. 6. 515b31. Ζμβ4. 650b17, 651a5. μδ10. 389a19, 20.
1338	πη1. 887b10. — αἷμα ἶνας ἔχον ὑγρῷ τήκεται μδ10. 389
1339	a21. — αἷμα ϗ̀ τὰ ἔναιμα τάχιστα σήπεται ϗ̀ τȣ́των τὰ
1340	περὶ τὰ ὀστᾶ Ζιγ19. 521a1. αἷμα σήπεται χωριζόμενονΖμβ9.
1341	654b9. σηπόμενον γίνεται τὸ αἷμα ἐν τῷ σώματι πύον, ἐκ
1342	δὲ τȣ͂ πύȣ πῶρος Ζιγ19. 521a20. — 6. αἵματος γένεσις, με-
1343	ταβολή· τὸ αἷμα τροφή. αἵματος ἐκ σπέρματος (γονῆς) γέ-
1344	νεσις πῶς Γα4. 519b16. Ζγα18. 723a1, 14 (sed vicissim
1345	σπέρμα πεφθὲν ἀποκρίνεται τȣ͂ αἵματος Ζγα19. 726b6, 727
1346	35). πρῶτον γίνεται τὸ αἶμα ἐν τῇ καρδίᾳ τοῖς ζῴοις, ϗ
1347	πρὶν ὅλον διηρθρῶσθαι τὸ σῶμα Ζιγ19. 521a9. ἡ καρδία ἔχει
1348	ἐν αὐτῇ τὴν δύναμιν τὴν δημιȣργȣ͂σαν τὸ αἷμα πρώτην Ζμβ1.
1349	647b5. αν20. 480a5. ἀναγκαῖον τὰ ζῷα λαβεῖν τροφὴν θύ-
1350	ραθεν ϗ̀ πάλιν ἐκ ταύτης γίνεσθαι τὴν ἐσχάτην τροφήν (τὸ
1351	αἷμα) Ζμδ4. 678a7. cf Ζγδ1. 765b34. β4. 740a3. πβ3.
1352	866b21. αἵματος μεταβολή πν6. 484a15. αἷμα ϗ̀ τὸ ἀνά-
1353	λογον τȣ́τῳ δυνάμει σῶμα ϗ̀ σὰρξ ἢ τὸ ἀνάλογόν ἐστι
1354	Ζμγ5. 668a26. β6. 651b20. τῶν μορίων ἕκαστον ἐξ αἵ
1355	ματος συνέστηκεν Ζμγ5. 668a10. cf β6. 651b22. 1. 647
1356	b4. δ5. 678a31. τὸ αἷμα τροφή, ἐσχάτη, ὑστάτη, τελευταία
1357	τροφή, ἐξ ȣ̔ γίνεται τὰ μόριαsimn Ζμβ3. 650a34,b12, 651a13.
1358	6. 652a6. γ5. 668a5, 20. δ4. 678a9. Ζγγ1. 751b1. δ1.
1359	766a34. α20. 728a20. 19. 726b2. β4. 740a21. αν8. 474
1360	b4. υ3. 456a35. ζ3. 469a1. πν1. 481a11. — 7. αἵματος
1361	διαφοραί. τὸ αἷμα διάφορον Ζμα3. 643a4. αἵματος διαφοραὶ
1362	τίνες (λεπτότερον παχύτερον, καθαρώτερον θολερώτερον, ψυ-
1363	χρότερον θερμότερον) ἔν τε τοῖς μορίοις τȣ͂ ἑνὸς ζῴȣ ϗ̀ ἑτέρῳ
1364	πρὸς ἔτερον ϗ̀ τίς αὐτῶν ἡ δύναμις Ζμβ2. 647b30 sqq.
1365	cf Ζιγ19. 521a5. πῶς ἐν τοῖς μορίοις διαφέρει κατὰ τὸ πο-
1366	σὸν ϗ̀ τὸ ποιόν: ἐν κεφαλῇ ϗ̀ ἐν ἐγκεφάλῳ Ζμβ7. 652a32.
1367	36. δ10. 686a9. αι5. 444a10. 3. 458a13. φτβ3. 824
1368	b18, ἐν πλεύμονι Ζια17. 496a35, b6. γ3. 513b23. ἐν καρ-
1369	δίᾳ Ζια17. 496b9. Ζμγ4. 667a1, ἐν χολῇ Ζμδ2. 677a26, ἐν
1370	ἥπατι Ζμγ12. 673b26, ἐν νέφροις Ζια17. 497a10. Ζμγ9. 679
1371	b15, ὑπὸ τῶν σαρκῶν Ζιγ2. 512b8. διαφέρει αἵματος χρῶμα
1372	κατὰ τὰς τῆς σαρκὸς ϗ̀ τῶν φλεβῶν διαφοράς Ζιγ16. 520a1.
1373	τὸ αἷμα διὰ τί μέλαν γίνεται χ6. 798b18. πρεσβυτέρων τὸ
1374	αἷμα ξηραινόμενον μελάντερον πλη9. 967b15. διφυȣς ὄντος τȣ
1375	αἵματος ϗ̀ κεχωρισμένȣ Ζμγ4. 666b29 (inde quod Aisto-
1376	telem vidisse concludunt sanguinis arteriarum et venarum
1377	discrimen K Fr p 292 n 31 al, cf Meyer p 425). — πῶς
1378	διαφέρει τὸ αἷμα κατὰ τὰς ἡλικίας ϗ̀ πλήθει ϗ̀ εἴδει Ζιγ19.
1379	521a31. πλη9. 967b15. τὸ α. πιόνων Ζιγ19. 520b32. πῶς δια-
1380	φέρει τὸ τῶν θηλειῶν πρὸς τὸ τῶν ἀρρένων Ζιγ19. 521a21. —
1381	διαφοραὶ τȣ͂ αἵματος ἐν τοῖς ζῴοις: ἀνθρώπȣ λεπτότατον, ταύρȣ
1382	ϗ̀ ὄνȣ παχύτατον ϗ̀ μελάντατονΖιγ19. 521a3, ταύρȣ, κάπρȣ
1383	Ζμβ4. 651a2, ἐλάφȣ, προκός, ταύρȣ, βȣβαλίδος Ζιγ19. 520
1384	b24, 27. 6. 515b33. Ζμβ4. 650b14 (cf K Fr p 272 n12). λέ-
1385	γεται ὅτι αἰγίθȣ ϗ̀ ἄνθȣ αἷμα ȣ̓ συμμίγνυται ἀλλήλοις Ζι1.610
1386	a7. — 8. αἷμα ὑγιές, νοσερόν· αἵματος ῥύσεις. ποῖον αἷμα ὑγιές
1387	(ὑγιαῖνον). ποῖον νοσερόν (νοσῶδες) Ζμδ2. 677a28. γ12. 673
1388	b26. Ζιγ19. 520b19, 521a22. μδ7. 384a31. πι2. 891a16.
1389	θ5. 890a11. cf Φγ1. 201b3. — αἱμορροίδες ἄπονοι ἐκ τίνων
1390	τόπων γίνονται ϗ̀ διὰ τί Ζμγ5. 668b16. νενοσηκότος αἵμα-
1391	521a19. ῥύσεις αἵματος ἐκ τῶν ῥινῶν Ζγα19. 727a13. πι2.
1392	891a13. ὁ πέλλος αἷμα ὡς φασὶν ἀφίησιν ἐκ τῶν ὀφθαλ-
1393	μῶν ὀχεύων Ζι1. 609b24. — μεταβεβληκότος εἰς αἷμα τȣ͂
1394	περιττώματος βλεται γίγνεσθαι τὰ καταμήνια Ζγβ4. 738
1395	a23. (καταμηνίων) αἷμα οἷον νεόσφακτον Ζιη1. 581b1. νενο-
1396	σηκὸς τȣ͂το τὸ αἷμα καλεῖται ῥȣ͂ς Ζιγ19. 521a27. πῶς ἐν
1397	ἵππῳ αἵματος ῥύσις Ζιζ18. 573a10. ἂν μὴ γιγνομένων κα-
1398	θάρσεων αἷμα συμπέση ἐμέσαι Ζιη11. 588a1. — αἵματος
1399	συνδρομὴ (εἰς τὸν πληγέντα τόπον) τὸ ἐρύθημά ἐστιν πθ3.
1400	889b30. — στερισκομένȣ τȣ͂ αἵματος ϗ̀ ἀφιεμένȣ ἔξω πλείο-
1401	νος μὲν ἐκθνήσκȣσι, πολλȣ δ' ἄγαν ἀποθνήσκȣσιν Ζιγ19. 521
1402	a11. α4. 489a22. Ζγα19. 726b12. πν5. 484a11. Ζιη10.
1403	587a16, 20. — 9. τὸ αἷμα πῶς ἔχει πρὸς τὰ ἄλλα μόρια,.
1404	τίνωιν αἰτιον κατά τε σῶμα ϗ̀ κατὰ ψυχήν: ὅσα ἔχει αἷμα, ἔχει
1405	ϗ̀ ἐγκέφαλον Ζια4. 494b27, καρδίαν, ἦπαρ, σπλῆνα τὰ πλεῖστα
1406	Ζιβ15. 506a16, νεῦρα Ζιγ5. 515b23, σπέρμα Ζιγ22. 523
1407	a13. τὸ καθαρωτάτῳ ϗ̀ πλείστῳ κεχρημένον αίματι τῶν ζῴων
1408	ὀρθότατόν ἐστιν ὁ ἄνθρωπος αν13. 477a21. τὰ ἄναιμα ȣ̓κ ἔχει
1409	αἷμα ἐξ ȣ̔͂ συνέστηκεν ἡ τῶν σπλάγχνων φύσις Ζμδ5. 678a31.
1410	πιμελὴ ϗ̀ στέαρ διαφέρȣσιν ἀλλήλων κατὰ τὴν τȣ͂ αἵματος δια-
1411	φοράν Ζμβ5. 651a21, 25. ὗς ὅσον ἕλκει ζῶσα, τὸ ἕκτον μέρος
1412	εἰς τρίχας ϗ̀ αἷμα ϗ̀ τὰ τοιαῦτα Ζιθ6. 595b3. — τὸ αἷμά ἐστι
1413	τὸ χρῷζον ἡμῶν τὰ σώματα φυσικῶς πλη9. 967b17. ἕλκειν,
1414	ἐκπίνειν αἷμα Ρβ20. 1393b30, 32. — τὸ αἷμα πῶς ἔχει προς
1415	τὸν ὕπνον υ3. 458a21. Ζιγ19. 521a16. — τὸ αἷμά φασί τινες
1416	εἶναι τὴν ψυχήν ψα2. 405b4. τὸ αἷμα ȣ̓κ ἔχει αἴσθησιν Ζιγ19.
1417	520b15. Ζμβ5. 651b5. 10. 656b19, sed πολλῶν αἴτιον τοῖς
1418	ζῴοις κατὰ τὸ ἦθος ϗ̀ κατὰ τὴν αἴσθησιν Ζμβ4. 651a12.
1419	πῶς τȣ͂το γίνεται Ζμβ4. 650b19. 7. 653b8. 10. 656b4.
1420	γ4. 667a19. ψα1. 403a21. φ6. 813b7. — ὅθεν φασὶ (de
1421	fratribus) ταὐτὸν αἷμα ϗ̀ ῥίζαν ϗ̀ τὰ τοιαῦτα Ηθ14. 1161
1422	b32. ἢ κατ’ ἄλλην τινὰ συγγένειαν ἢ πρὸς αἵματος Πβ3.
1423	1262a11.
1424	αἱμασιά. εἰς τὰς αἱμασιὰς τιθέναι, πρὸς ταῖς αἱμασιαῖς ὑφαί-
1425	νειν ἀράχνιον Ζιθ4. 594a11. ι39. 623a4.
1426	αἱματίζειν. αἱ μυῖαι (γλώττη) θιγγάνȣσαι αἱματίζȣσιν Ζιδ7.
1427	532a3.
1428	αἱματικός. αἱματικὴ θερμότης, φλεγμασία Ζμδ13. 697a29.
1429	εν2. 460a7. αἱματικὴ ὑγρότης, ἰκμάς Ζγδ8. 777a7. Ζμγ10.
1430	673a34. αἱματικὴ τροφή Ζμβ6. 652a21. Ζγα19. 726b9.
1431	β7. 745b29, 746a3. Ζγδ1. 766b17. αἱμ. ὕλη Ζμγ4. 665
1432	b6. πλῆθος αἱματικὸν ἀκατέργαστον Ζγδ1. 766b22. αἱμα-
1433	τικὴ φύσις Ζμβ1. 647a35. Ζγδ8. 776b12. αἱμ. ἀρχή
1434	Ζγγ11. 762b26. εὐπεψία αἱματική Ζμγ9. 672a4. ἶνες αἱ-
1435	ματικαί, σπλάγχνα αἱματικά, τὸ ἧπαρ αἱματικώτατον μετὰ
1436	τὴν καρδίαν Ζιζ3. 561a15. Ζμβ1. 647b7. γ12. 673b27.
1437	τὰ αἱματικὰ (μόρια) Ζια4. 489a25. — τὰ αἱματικάi q τὰ
1438	ἔναιμα ζῷα. τὰ σπλάγχνα τῶν αἱματικῶν ἐστὶν ἴδια Ζμγ4.
1439	665b5. τοῖς θήλεσιν ἁπασιν ἀναγκαῖον γίγνεσθαι περίττωμα,
1440	τοῖς μὲν αἱματικοῖς πλεῖον Ζγβ4. 738b5, 8. α20. 728a35.
1441	αἱμάτινος. ὅσον στιγμὴ αἱματίνη ἐν τῷ λευκῷ ἡ καρδία
1442	Ζιζ3. 561a11.
1443	αἱματίς. ὅταν βάπτοντες τὴν πορφύραν καθιῶσι τὰς αἱμα-
1444	τίδας (?) χ5. 797a6.
1445	αἱμάττειν. αἱμάξαι θ132. 843b14.
1446	αἱματώδης (cf αἱματικός). ὑγρότης αἱματώδης, dist ὑδατώ-
1447	δης Ζιη7. 586a29. Ζγα19. 726b32. ὑγρὸν αἱματῶδες Ζιγ1.
1448	510a24. ἱδρὼς αἱματώδης, ἱδρῶσαι αἱματώδει περιττώματι
1449	Ζιγ19. 521a14. Ζμγ5. 668b6. τροφὴ αἱμ. Ζμδ3. 677b25.
1450	σαρκώδης ϗ̀ αἱματώδης σύστασις Ζμδ3. 677b28. κάθαρσις,
1451	ἀπτόκρισις αἱματώδης Ζιζ18. 573a3. Ζγα19. 726b35. ἰχῶ-
1452	ρες αἱματώδεις, opp ὑδαρεῖς Ζιη9. 586b33. σπέρμα αἱμ.
1453	Ζγα19. 726b9. μυελος, σπλήν, ὑμὴν αἱματώδης Ζιγ20. 521
1454	b8 (opp πιμελώδης b10). Ζμβ6. 651b24. γ7. 670b6. Ζγγ2.
1455	753b35. σπλάγχνα ἱματώδη, αἱματωδέστερα Ζμβ6. 651
1456	b26. γ4. 665b7. αἱματῶδες φαίνεται τὸ κύημα Ζγγ2. 752
1457	b5 (cf ὀρνίθων γονή, τὸ μὲν πρῶτον μικρὸν ϗ̀ λευκὸν φαί-
1458	νεται, ἔπειτα ἐρυθρὸν ϗ̀ αἱματῶδες Ζιζ2. 559b9). πόροι αἱ-
1459	ματώδεις, opp ἄναιμοι Ζιγ1. 510a16. τὸ αἱματῶδες Ζγγ1.
1460	751b33. αἱματῶδες ἀμέλγεσθαι Ζιγ20. 522a9. — χρῶμα
1461	αἱματῶδες, αἱματώδης τὴν χρόαν μα5. 342a36. Ζιε19. 552
1462	a1. η10. 587a31. Ζγδ1. 765b25. σὰρξ ἐρυθρὰ ϗ̀ αἱματώ-
1463	δης τὴν χρόαν Ζιδ2. 527a26. νεφέλη αἱματώδης εν2. 459b30.
1464	αἱμοβόρα ἔντομα, dist παμφάγα Ζιθ11. 596b13.
1465	αἱμορροΐς. 1. αἱμορροίδες ἄπονοι ἐκ στόματος, ȣ̓χ ὥσπερ ἐκ
1466	τῆς ἀρτηρίας μετὰ βίας Ζμγ5. 668b18. διὰ τὴν ἀπεψίαν ἐν'
1467	ταῖς φλεψὶν αι r ἄλλαι αἱμορροΐδες ϗ̀ αἱ τῶν καταμηνίων
1468	
1469	ϗ̀ γὰρ αήτη αἱμορροῖς ἐστιν, ἀλλ ἐκεῖναι μὲν διὰ νόσον, αίτη
1470	δὲ φυσική Ζγα20. 728a23. νενοσηκότος αἵματος αἱμορροῖς
1471	ἥ τ᾽ ἐν ταῖς ῥισὶ ϗ̀ ἡ περὶ τὴν ἕδραν ϗ̀ ἰξία Ζιγ19. 529a19.
1472	ὀλίγαις γυναιξὶ γίνεται αἱμορροῖς ϗ̀ ἐκ ῥινῶν ῥύσις· ἐὰν δέ τι
1473	συμβαίνη τȣ́των. τὰ καταμήνια χείρω Ζιγ19. 521a29. cf η11.
1474	587b33. Ζγα19. 727a12. β4. 738a16. — 2. αἱμορροῖίς
1475	(ἀπορραΐς codd F Da), ὁστρακόδερμον descr Ζιδ4. 530a19,
1476	24 (testaceorum genus S, testacé univalve C, fort murex
1477	Gaza Cr, fort helix ianthina St, refutant K M p 188, na-
1478	αἱμωδία. τί παύει αἱμωδίαν πα38. 863b11. ζ9. 887b1.
1479	αἱμωδιᾶν. αἱμωδιῶμεν τȣ̀ς ὀξὺ ὁρῶντες ἐσθίοντας πζ5. 886b12.
1480	Αἵμων ὁ Σοφοκλέεȣς (Antig) Ργ16. 1417b19. 17. 1418b32.
1481	πο14. 1454a2.
1482	νείας f 597. 1577b5.
1483	αἰνεῖν. ἀνδρός ὂν ȣ̓δ αἰνεῖν τοῖσι κακȣ͂σι θέμις f 623. 1583a14.
1484	— αἰνετός Ρβ25. 1402b11 (συνετός ci Vhl Bhet 85).
1485	Αἰνεσίδημος Ρα12. 1373a22.
1486	Αἰνιᾶνες θ133. 843b17.
1487	αἴνιγμα ἐκ μεταφορῶν πο22. 1458a24-26. τὸ αἴνιγμα τὸ
1488	εὐδοκιμȣ͂ν Ργ2. 1405b1. νέων ἀνδρῶν αἴνιγμα φύλαξαι (apud
1489	poetam incertum) f 66. 1487a17.
1490	τώδη Ρβ21. 1394b34. — αἰνιγματωδῶς ἑρμηνεύειν ρ36.
1491	1441b22.
1492	Αἴνιοι Πε10. 1311b21.
1493	αἰνίττεσθαι. εἴερ ἠνίττοντο τὸν ὠκεανὸν οἱ πρότερον μα9.
1494	347a6. ανιττόμενοι εὐετηρίαν f 108. 1495b20. αἰνισσόμενοι
1495	ὡς ἄρα κατέλιπον f 66. 1487a26. μεταφοραὶ αἰνίττονται Ργ2.
1496	1405b5. τὰ εῦ ἠνιγμένα Ργ2. 1405b4. 11. 1412a24.
1497	αἴξ. 1. ἡ αἴξ et ὁ αἴξ, inter τῶν τετραπόδων ἐναίμων ζωο-
1498	τοκȣ́ντων τὰ δισχιδῆ δίχαλα κερατοφόρα refertur Ζιβ1. 499
1499	b10, 17. Ζμγ12. 673b33. 14. 674b8. 510. 688b25, cf M4
1500	p317. — , (anatom et physiol) χρόα, χρόας μεταβολή
1501	Ζγε6. 785b25. χ6. 798b20. πι7. 891b15. ἤρυγγος (ci Sylb,
1502	codd ὄρυγγος, κρύγγος), οἷον θρίξ Ζιι3. 610b29. ἀντὶ ὀνύων
1503	χηλὰς ἔχει Ζιβ1. 499b17. μηρυκάζει, ȣ̓κ ἀμφώδȣς Ζμγ14.
1504	674b8. Ζιι50. 632b2. χολὴν οἱ πλειστοι ἔχȣσιν, ἐνιαχȣ͂ δ'
1505	ȣ̓κ ἔχȣσιν Ζμδ2. 676b36, σπλῆνα στρογγύλον Ζμγ12. 673
1506	b33. οἱ ζωμοὶ ȣ̓ πήγνυνται Ζιγ17. 520a10. ȣ̓κ ἀληθὲς
1507	ἀναπνεῖν αἶγας κατὰ τὰ ὦτα Ζια11. 492a14. ἐν τοῖς μηροῖς
1508	ἔχει δύο μαστȣ́ς, διὰ τί Ζμδ10. 688b25. ϗ̀ ὁ ἄρρην δύο
1509	ἔχει παρὰ τὸ αἰδοῖον, ἐξ ὡν ἐν Λημνῳ ποτὲ γάλα ἠμέλ-
1510	γετο Ζιγ20. 522a14. διὰ τί αἷγες ϗ̀ πρόβατα ἀμέλγονται
1511	πλεῖστον γάλα πι6. 891b4. καταμηνίων καθάρσεις Ζιζ18.
1512	572b31. πῶς ὀχεύει, ὀχεύεται, κύει, τίκτει Ζιε14. 545a24.
1513	ζ12. 567a5. 18. 573a25, b19-30. Ζγδ4. 770a35. πι6. 891
1514	b9. cf Ζικ7. 638a9 (?). πλείȣς ὀδόντας ἔχȣσιν οἱ ἄρρενες τῶν
1515	θηλειῶν Ζιβ3. 501b21. κύστεως περίττωμα τὸ τῶν θηλειῶν
1516	παχύτερον ἔτι ἢ τὸ τῶν ἀρρένων Ζιζ18. 573a19. ἄρρην αἴξ
1517	i q τράγος (cf h v) Ζιζ13. 573b30. — b. (biologica) αἶγες
1518	ποηφάγοι, πῶς τὴν νομὴν ποιȣ͂νται Ζιθ10. 596a13. φυσω-
1519	δῶν ἔνια ποιεῖ γάλα Ζιγ21. 522b33. πῶς οἱ περὶ τὴν Οἴτην
1520	τρίβȣσι τὰ ȣ̓́θατα βίᾳ Ζιγ20. 522a8. πῶς αἰγοθήλας θη-
1521	λάζει τὰς αἶγας Ζιι30. 618b5. πῶς κατάκεινται αἱ αἶγες
1522	Ζιι3. 611a4. διὰ τί τῶν αἰγῶν ἡγεμόνα ȣ̓ καθιστᾶσιν οἱ νο-
1523	μεῖς Ζιζ19. 574a10. αἶγες et οἶες comparantur Ζιι3. 610b3.
1524	θ10. 596b6. ἔχȣσι κρότωνας. φθεῖρας δ' ȣ̓́ Ζιε31. 557a16.
1525	πόσα ζῶσιν ἔτη Ζιζ18. 573b23, 29. ἐνυπνιάζειν φαίνονται
1526	Ζιδ10. 536b29. τί ποιȣ͂σι φρονίμως πρὸς βοήθειαν Ζιι6. 612
1527	a3. θ4. 830b20. — νομικὸν αἶγα θύειν Ηε10. 1134b22. θαυ-
1528	μαστόν τι περὶ θυσίαν αἰγός θ137. 844b1. — c. (physiogno-
1529	monica). ὄμματα αἰγωπά Ζγε1. 779a33. τίνες ὀφθαλμῶν,
1530	b6. εἰκάζειν τινὰ αἰγὶ φυσῶντι πῦρ Ζγδ3. 769b19. — φ. (παρὰ
1531	φύσιν γιγνόμενά τινα). τράγαιναι δύο ἔχȣσαι αἰδοῖα· αἰξ κέ-
1532	ρας ἔχȣσα πρὸς τῷ σκέλει Ζγδ4. 770a35, b32, 35. —
1533	ο. (διαφοραὶ κατὰ τὰς χώρας, κατ' εἴδη sim) αἶγες ϗ̀ ἥμερα
1534	Κρήτη. ἐν Λιβύη ȣ̓κ ἔστιν αἰξ ἄγριος Ζιι6. 612a3. θ28.606a7.
1535	(capra fera Cretensis, Su p 63 n 43, fort aegocerus pictus AZι
1536	I 63 n2d). ἐν Συρίᾳτὰ ῶτα αἱ αἶγες ἔχȣσι σπιθαμῆς ϗ̀ παλαι-
1537	στῆς Ζιθ28. 606a14(ovis aurita St, — capra hircus mambricus
1538	ἐν Λυκία αἱ αἶγες κείρονται ὥσπερ τὰ πρόβατα Ζιθ28. 606a17
1539	(capra Angorensis St K Cr AZιI 63 n 2c). χίμαιρα (cf h v)
1540	Ζιγ21. 522b33. αἶγες περὶ τὴν Οἴτην, ἐν Λήμνῳ Ζιγ20.
1541	522a7, 13. περὶ τὴν Αἰθιοπίαν Ζιζ19. 573b29. ἐν Αἰγύπτῳ
1542	Νάξῳ, ἐν Χαλκίδι (θαυμαστά τινα περὶ τὴν χολήν) Ζμδ2.
1543	676b36. ἐν Κεφαλληνίᾳ θ9. 831a19.
1544	2. αἴξ avis Ζιθ3. 593b23 (fort vanellus, Kiebitz, qui
1545	adhuc in (Graecia aex appellatur Belon C, refutant C S Su,
1546	Su p 153 n 139, probabiliter anserum species, fort anser
1547	leucopsis Su, cf AZι I 86 n10).
1548	3. αἶγες ἐν τῷ ȣ̓ρανῷ. οἱ καλȣ́μενοι ὑπό τινων δαλοὶ ϗ̀
1549	αἶγες διὰ τίν᾽ αἰτίαν μα4. 341b3sqq.
1550	Αἰολίς οβ1351b19.
1551	αἰόλος. ἡμέραι αἰόλοι ἐπὶ ρίωνι ϗ̀ ἀκαιρίαι τῶν πνευμάτων
1552	πκϛ13. 941b24
1553	Αἰόλȣ καλȣμεναι νῆσοι μβ8. 367a3. κ4. 395b21. θ101. 838
1554	αἶραι, ὑπνωτικόν υ3. 456b30 (Iolium temulentum L).
1555	αἴρειν, opp πιέζειν Ρα5. 1361b16. αἴρειν τὸ ἱμάτιον, opp
1556	ἕλκειν Ηη8. 1150b4. ἄραι (τȣ̀ς πόδας), opp θεῖναι πε41. 885
1557	b7. ἠρκότες τὰ πρόσθια τῶν σκελῶν Ζπ11. 710b20. ἆραι
1558	πια28. 902b2. λίθος ὑπὸ πνεύματος ἀρθείς μα7. 344b33.
1559	αἴρεσθαι βραδέως, ῥᾶον ἀπὸ τῆς γῆς, ἠρθαι ἀπὸ τῆς γῆς (de
1560	avibus sim) Ζιι32. 619b5. Ζμδ6. 683a32, 35. κῦμα με-
1561	τέωρον αἴρειν θ130. 843a7. ἄνεμος αἰρόμενος πκϛ21. 942
1562	b28. πιε9. 912a35. κε7. 938b9. κϛ34. 944a25. αἴρειν φύ-
1563	ματα πδ13. 878a15. ἡ αἴρȣσα θερμότης Ζμδ10. 686b29.
1564	αἴρειν τὸν θώρακα, τὸ ὄργανον, αἴρεσθαι, opp συνίζειν αν21.
1565	480a27, 20. 19. 479b13. 20. 479b32, 480a4. 21. 480a24,
1566	δύο δακτύλȣς ἀρθῶσιν οἱ μαστοί Ζγα20. 728a31. omisso
1567	obiecto αἴρειν, opp συνίζειν, intransitivam vim habere videtur
1568	αν9. 475a8. 17. 479a26. — ὁ θυμὸς αἴρεται Πη7. 1328a2.
1569	— ἀρθέντος τȣ͂ αἰτίȣ (sublata causa) πιθ36. 920b11. — med
1570	αἱρεῖσθαι τὴν ἀρχὴν ἀριστίνδην, τȣ̀ς ἄρχοντας, αὐτοκράτορας
1571	Πβ11. 1272b36. δ5. 1292b1. 10. 1295a11. 13. 1297b15.
1572	14. 1298b2. ε3. 1303a16. αἱρεῖσθαι active non addito ob-
1573	iect Πβ6. 1266a14, 22, 28. γ11. 1282a8. αἱρησόμενοι
1574	ρεθέντες Πβ8. 1268a13. — αἱρεῖσθαι, syn διώκειν, βȣλεσθαι:
1575	εἰ μὴ πάντα δι’ ἕτερον αἱρȣ́μεθα, syn δι' αὐτὸ βȣλόμεθα
1576	Ηα1. 1094a20, 19. καθ᾽ ατὸ διώκει ϗ̀ αἱρεῖται Ηη10.
1577	1151b1. αἱρεῖσθαι ϗ̀ φιλεῖν ηεη2. 1236a11. τὸ μέσον ϗ̀
1578	εὐρίσκειν ϗ̀ αἱρεῖσθαι Ηβ6. 1107a6. opp φεύγειν Ηβ5. 1106
1579	b6. γ6. 1113b1. 11. 1116a11, 14. κ2. 1173a12. Pα 5.
1580	1360b5. τα11. 104b6. αἱρεῖσθαί τι ἀντί τινος Ρβ23. 1399
1581	b18. ποῖα ἀντὶ ποίων αἱρετέον Ηγ1. 1110a30, b7. ὀρθῶς αἱ-
1582	ρεῖσθαι Ηγ6. 1113a18. ȣ̓χ αἱρετέον ὁμοίως περὶ ἱματίȣ ϗ̀
1583	φίλȣ ηεη2. 1237b36. — αἱρεῖσθαι ἄτοπα Αγ33. 89a27. αἱ-
1584	ρεῖσθαι τὸ α (sc μᾶλλον) ἢ τὸ δ Αβ22. 68a39. — αοετοὶ
1585	ἄρχοντες, opp κληρωτοί, ἀρχαὶ αἱρεταί, opp κληρωταί (αἱρετοὶ
1586	ἐκ πάντων, ἐξ αἱρετῶν κληρωτοί al) Πβ6. 1266a9, 26. 8.
1587	1268a1, 12. δ9. 1294b9, 12, 32. 14. 1298a23, 27, b7, 22.
1588	15. 1299a17. ε3. 1303a15. Ηι6. 1167a31. αἱρετὴ τυραν-
1589	νίς Πγ14. 1285a31. ε10. 1310b20. βασιλεῖαι αἱρεταί, opp
1590	κατὰ γένος Πγ14. 1285a16. — αἱρετόν, syn διωκτόν, opp
1591	φευκτόν Ηα5. 1097a31. γ15. 1119a22. η6. 1148b3, 4.
1592	κ2. 1172b20. Ρβ21. 1394a25. Αβ22. 68a25, 28, 30. τβ7.
1593	113a3, 5, 11. 8. 113b32 sqq. γ3. 118b33-35. 4. 119a3.
1594	ε4. 133a28. 6. 135b15. ἕξεις αἱρεταί Πβ6. 1265a35. αἱ-
1595	ρετὸν δι αὐτό, δι' ἕτερον Ηα5. 1097a31. τγ1. 116a29.
1596	τὸ πρὸς δόξαν, τὸ διὰ τὴν δόξαν αἱρετόν τγ3. 118b21. μά-
1597	λιστα αἱρετόν, ὃ μὴ δι᾽ ἕτερον μηδ᾽ ἑτέρȣ χάριν αἱρȣ́μεθα
1598	Ηκ2. 1172b21. τὸ καλὸν ϗ̀ τὸ δι' αὐτὸ αἱρετόν Μλ7. 1072
1599	a35. αἱρετὸν μὲν τὸ ἀπλῶς ἀγαθόν, αὐτῷ δὲ τὸ αὑτῷ (
1600	αὐτῷ) ἀγαθόν ηεη2. 1237a1. αἱρεταὶ καθ'’ αὐτὰς σοφία ϗ̀
1601	φρόνησις Ηζ13. 1144a1. τὰ τῶν ἀρχιτεκτονικῶν τέλη αἱρε-
1602	τώτερα τῶν ὕπ αὐτά Ηα1. 1094a15. αἱρετώτερον μεθ
1603	ετέρȣ ἀγαθȣ͂ ἢ μονȣμενον Ηκ2. 1172b28, 32, 34. α5. 1097
1604	b17. αἱρετώτερον τὸ αὐταρκέστερον Πβ2. 1261b14. ὁ θά-
1605	νατος τῆς τοιαύτης σωτηρίας αἱρετώτερος Ηγ11. 1116b20.
1606	αἱρετιτέρα πολιτεία Πδ11. 1296b11. γ15. 1286b5. αἱρετώ-
1607	τερον τὸν νόμον ἄρχειν Πγ16. 1287a19. κατὰ τὸ αἱρετώτερον
1608	ἢ φευκτότερον εἶναι πῶς ἔχȣσιν οἱ ὅροι Αβ22. 68a25. πότερον
1609	αἱρετώτερον ἢ βέλτιον δυεῖν τγ 1-4. ἡ εὐδαιμονία αἱρετωτάτη
1610	μὴ συναριθμȣμένη Ηα5. 1097b16. τίς αἱρετώτατος βίος Πη1.
1611	αἱρετωτάτη ζωή, πολιτεία Πγ18. 1288a37. δ2. 1289b15.
1612	τοῖς φίλοις αἱρετώτατον τὸ συζῆν Ηι12. 1171b32.
1613	αἵρεσις τῆς τροφῆς Πα8. 1256a26. — αἵρεσις τῶν ἀρχῶν,
1614	τῶν γερόντων sim Πγ11. 1282a26 (syn ἀρχαιρεσίαι 1281
1615	b33). δ14. 1298a3. β9. 1271a9. εἰς δατητῶν αἵρεσιν f381.
1616	1541b9. 383. 1541b35, 1542a2. αἱρέσει ἢ κλήρῳ Πδ15.
1617	1300a19, 21, 23. 16. 1300b18. αἵρεσις δυναστευτική Πε6.
1618	1306a18. ποιεῖσθαι τὴν αἵρεσιν Πβ9. 1271a9. — αἵρεσις,
1619	αἱρέσεις, opp φυγή, φυγαί τα11. 104b2. Ηβ2. 1104b30.
1620	ημα35. 1197a2. β3. 1199a5. τὰ ὑπὸ τὴν αἵρεσιν Ηβ2.
1621	1104b35. τὴν κατὰ τὸ καλὸν αἵρεσιν φίλαυτος ἔσται ημβ13.
1622	1212b6. πράξεις ϗ̀ αἱρέσεις τῶν φύσει ἀγαθῶν ηεη15. 1249
1623	a25. περὶ τιμῆς αἵρεσιν ϗ̀ χρῆσιν ηεγ5. 1233a4. ὡς πρὸς
1624	δόξαν οῦσαν τὴν αἵρεσιν τῆς εὐγενείας f 82. 1490a13. ἡ αἵ-
1625	ρεσις τȣ͂ ζῆν τιμία ηεα5. 1216a15. ποιεῖσθαι τὴν αἵρεσιν
1626	ηεα5. 1215b35. διδόναι αἵρεσιν ηεα5. 1215b21. Ρβ24. 1401
1627	b36 (pro αἵρεσις scribendum videtur διαίρεσις Πη14. 1333
1628	a34 e ci Schn δ6. 1292b35).
1629	αἶσα, etymol i q ἀεὶ ȣ̓͂σα (αἰτία) κ7. 401b14.
1630	8. 36. 620a18 (emerillon C, falco aesalon, merlin K Cr,
1631	falconum species St Su p 100 n 13 AZι I 93).
1632	αἰσθάνεσθαι, αἰσθητός. cf αἴσθησις. . τῷ αἰσθάνεσθαι τὸ
1633	ζῷον πρὸς τὸ μὴ ζῷον διορίζομεν ζ1. 467b24. υ2. 455b23.
1634	ψα2. 403b27. τȣ͂ μὴ αἰσθάνεσθαι τὰ φυτὰ τί τὸ αἴτιον
1635	ψβ12. 424a33. τὰ αἰσθανόμενα ȣ̓ πάντα κινητικά ψα5. 410
1636	b19. — τὸ αἰσθάνεσθαι πάσχειν τι ἐστίν ψβ11. 423b31.
1637	τὸ αἰσθάνεσθαι διχῶς λέγομεν, κατὰ δύναμιν, κατ' ἐνέργειαν
1638	(αἴσθησιν ἔχειν, αἰσθήσει χρῆσθαι) ψβ5. 417a10. γ2. 426
1639	a33. τε2. 129b33 sqq. τὸ κατ᾽ ἐνέργειαν αἰσθάνεσθαι ὁμοίως
1640	λέγεται τῷ θεωρεῖν ψβ5. 417b19. αι4. 441b23. χρῆσις
1641	ὁπόταν βȣ́ληται, αἰσθάνεσθαι δ' ȣ̓κ ἐπ᾽ αὐτῷ· ἀναγκαῖον
1642	γὰρ ὑπάρχειν τὸ αἰσθητόν ψβ5. 417b24. τὸ αἰσθητὸν
1643	ἐνεργεῖν ποιεῖ τὴν αἴσθησιν αι2. 438b22. τὸ αἰσθητὸν πρό-
1644	τερον τῆς αἰσθήσεως δοκεῖ εἶναι Κ 7. 7b 36. ἡ τȣ͂ αἰσθητȣ͂
1645	ȣ̓ ταὐτὸν αὐταῖς ψγ2. 425b26, 426a1. cf γ8. 431b28.
1646	ἀπελθόντος τȣ͂ θύραθεν αἰσθητȣ͂ ἐμμένει τὰ αἰσθήματα αἰ-
1647	σθητὰ ὄντα εν2. 460b3. τὸ πάθος ἐστὶν ̓ μόνον ἐν αἰσθα-
1648	νομένοις τοῖς αἰσθητηρίοις, ἀλλὰ ϗ̀ ἐν πεπαυμένοις εν2. 459
1649	αι6. 446b3. Μθ7. 1084b23, 33 Bz. — ȣ̓́τε τῆς ψυχῆς ἴδιον
1650	τὸ αἰσθάνεσθαι ȣ̓́τε τȣ͂ σώματος υ1. 454a7. cf τα15. 106
1651	b23. αἰσθάνεσθαι αὐτῶν ἁπτομένȣς, διὰ τῶν μεταξύ ψγ1.
1652	424b28, 29. β11. 423b7. αι4. 442b1. — b. λεκτέον καθ-
1653	αἰσθητὰ καθ' αὐτά, opp κατὰ συμβεβηκός ψβ6. 418a16,
1654	20-24. αἰσθητὰ ἴδια, opp κοινά (i e κίνησις, ἠρεμία, ἀριθμός,
1655	σχῆμα, κίνησις, Τrdlbg p 166 addit χρόνος) ψβ6. 418a11.-
1656	17. τὰ αἰσθητὰ (int ἴδια) πάντα ἔχει ἐναντίωσιν αι4. 442
1657	a32. τὸ αἰσθάνεσθαι κρίνειν ἐστίν, ὁ αἰσθανόμενος κρίνει πως
1658	τβ4. 111a19. τὰ παθήματα τὰ αἰσθητὰ πότερον εἰς ἄπει-
1659	ρον διαιρετά αι6. 445b3-446a20. Ογ4. 303a1. — αἰσθά-
1660	νεσθαι πόρρωθεν Ζγε2. 781b6. τὰς διαφορὰς τῶν ὑποκειμέ-
1661	μᾶλλον ἔστιν αἰσθάνεσθαι ἁπλȣ͂ ὄντος ἢ κεκραμένȣ αι7. 447
1662	a18. παντὸς αἰσθητȣ͂ ὑπερβολὴ ἀναιρεῖ τὸ αἰσθητήριον ψγ13.
1663	435b13. 4. 429b1. β12. 424a29. ἐν τοῖς αἰσθητοῖς τὰ
1664	μικρὰ πάμπαν λανθάνει αι6. 446a4. — πότερον ἐνδέχεται
1665	καθ' ἑκάστην αἴσθησιν αἰσθητά ψγ2. 426b14. τίνι αἰσθα-
1666	νόμεθα ὅτι ὁρῶμεν ϗ̀ ἀκȣ́ομεν ψγ2. 425b12-25 (Alex Aphr
1667	απ. κ. λ. II 7). Ηι7. 1170a31. αὑτȣ͂ (codd αὐτὸ) αἰσθά-
1668	νεσθαι ηεη12. 1244b26. ἀνάγκη ἕν τι εἶναι τῆς ψυχῆς, ῷ
1669	ζῶα διὰ τὸν ἐγκέφαλον ζ3. 469a22. Ζγε3. 783b31. τὸ
1670	αἰσθάνεσθαι διὰ τῶν ἐναίμων γίνεται μορίων Ζμβ10. 656
1671	b25. — c. αἰσθάνεσθαι ἀναγκαῖον τόδε τι, τὸ καθ ἕκαστον
1672	Αγ31. 87b29, 37. τὰ αἰσθητὰ τῶν καθ' ἕκαστα ψβ5. 417
1673	τόν τβ8. 114a21-25. αἰσθάνεσθαι ϗ̀ φρονεῖν ȣ̓ ταὐτόν ψγ3.
1674	427a17-b8. (πότερον ἔστιν αἰσθάνεσθαι τῷ ὁμοίῳ τὸ ὅμοιον
1675	ψγ3. 427a27) αἰσθάνεσθαι, dist δοξάζειν ψβ2. 413b20.
1676	αἰσθάνεσθαι ϗ̀ νοεῖν ȣ̓ ταυτόν ψγ3. 427b8-29. τὸ αἰσθά-
1677	αἰσθανόμεθα, πολλάκις ϗ̀ διανοȣ́μεθά τι εν1. 458b16. μὴ
1678	αἰσθανόμενος μηθὲν ȣ̓θὲν ὂν μάθοι ȣ̓δὲ ξυνείη ψγ8. 432a7.
1679	αἰσθάνεται μὲν τὸ καθ' ἕκαστον, ἡ δ' αἴσθησις τȣ καθόλȣ
1680	ἐστίν Αδ19. 100a17. ἐν τοῖς εἴδεσι τοῖς αἰσθητοῖς τὰ νοητά
1681	νονται τὰ παρόντα, μέμνηνται τὰ γεγενημένα, ἐλπίζȣσι τὰ
1682	μέλλοντα Ρα11. 1370a34. ψβ6. 418a8. 9. 421a11, 14,
1683	b10, 22. 11. 424a2, 8. αι7. 448a6, 18. αἰσθάνεσθαι τὰς ἄλ-
1684	λας αἰσθήσεις πάσας Γα8. 324b29. c gen, veluti χρόνȣ,
1685	26. Πα5. 1254b22. ȣ̓θενὸς αἰσθάνεται τῶν ὀσφραντῶν ἄνευ
1686	τȣ͂ λυπηρȣ͂ ϗ̀ ἡδέος ψβ9. 421a11. αἰσθάνεσθαι τȣ͂ λυπηρȣ
1687	ϗ̀ ἡδέος Πα2. 1253a13. ἐν ταῖς κυήσεσι τȣ͂ οἴνȣ αἰσθάνονται
1688	αἱ πλεῖσται Ζιη5. 585a32. (ad significandam percipiendi
1689	notionem uterque casus, ubi accedit πάθȣς alicuius notio,
1690	ὠφελȣ́μενος sim Ζιι6. 612a22. 37. 622a18. η10. 587b8. —
1691	αἰσθητός. αἰσθητόν, opp νοητόν ψγ8. 431b22. Μβ4. 999
1692	b2. ημα35. 1196b25 sqq. τῶν αἰσθητῶν ȣ̓κ ἔστιν ὁρισμὸς
1693	ȣ̓δ᾽ ἐπιστήμη Μζ15. cf 11. 1036b29. ȣ̓δὲν τῶν αἰσθητῶν
1694	67a39. τε 3. 131b21. ἐπιστῆμαι τῶν αἰσθητῶν ψβ5. 417
1695	b26. ἐν τοῖς αἰσθητοῖς πολλὴ ἡ τȣ͂ ἀορίστȣ φύσις Μγ5.
1696	1010a13. πότερον τὰς αἰσθητὰς ȣ̓σίας μόνας εἶναι φατέον
1697	Μβ2. 997a34. 6. 1002b12. κ2. 1059a38. γ5. 1010a3.
1698	b3. ȣ̓ καλῶς λέγȣσιν οἱ πάντα τὰ αἰσθητὰ κινεῖσθαι φά-
1699	σκοντες ἀεί Φθ8. 265a4. ΜΑ6. 987a34. ὕλη αἰσθητή, opp
1700	νοητή Μη6. 1045a34. τὸ αἰσθητὸν ἅπαν ἐν τῇ ὕλη Οα9.
1701	278a11. τὸ αἰσθητὸν πᾶν ἐστὶ μέγεθος, ἁπτόν, ἐν τόπῳ
1702	σθητὸν ἔχει δύναμιν ποιητικὴν ἢ παθητικήν Οα7. 275b5. ἀριθ-
1703	μὸς αἰσθητός, dist μαθηματικός, νοητός, εἰδητικός ΜΑ8.
1704	990a16, 32. ν3. 1090b36. cf μ2. 1077a6. — ἡ ἡδονὴ κα-
1705	τάστασις ἀθρόα ϗ̀ αἰσθητὴ εἰς τὴν ὑπάρχȣσαν φύσιν Ρα11.
1706	ȣ̓κ αἰσθητῶς δὲ παραγίνεται πρὸς τὰς ὄψεις χ3. 798b27.
1707	αἴσθημα. τὸ μήτε τὰ αἰσθητὰ εἶναι μήτε τὰ αἰσθήματα ἴσως
1708	ἀληθές, τὸ δὲ τὰ ὑποκείμενα μὴ εἶναι, ἃ ποιεῖ τὴν αἴσθησιν,
1709	ἀδύνατον Μγ5. 1010b32. τὰ αἰσθητὰ μηδὲν μεταβάλλοντα
1710	νησις ἐνσημαίνεται οἷον τύπον τινὰ τȣ͂ αἰσθήματος μν1. 450
1711	a31. ϗ̀ ἀπελθόντος τȣ͂ θύραθεν αἰσθητȣ͂ ἐμμένει τὰ αἰσθή-
1712	ματα αἰσθητὰ ὄντα εν2. 460b2. μονὴ αἰσθήματος Αδ19.
1713	99b36 (cf μνήμη 100a3). τὸ ἐνύπνιον αἴσθημα τρόπον τινά
1714	συμβαίνȣσαι ἀπὸ τῶν αἰσθημάτων εν3. 461a19. ὑπόλειμμα
1715	τȣ͂ ἐν τῇ ἐνεργείᾳ αἰσθήματος εν 3. 461b22. τὰ φαντά-
1716	σματα ὥσπερ αἰσθήματά ἐστι πλὴν ἄνευ ὕλης ψγ8. 432a9.
1717	τῇ διανοητικῇ ψυχῇ τὰ φαντάσματα οἷον αἰσθήματα ὑπάρχει
1718	αἰσθήματα f 76. 1488b29.
1719	αἴσθησις. 1. π. (αἴσθησις universe) τὸ ζῷον αἰσθήσει ὥρισται
1720	διαφέρει αἰσθήσει τὰ ζῷα τῶν ζώντων μόνον, τῶν φυτῶν
1721	Ζμγ4. 666a34. β1. 647a21. 10. 656a3. δ5. 681a19.
1722	ε1. 778b32. ψβ2. 413b1. αι436b11. ζ1. 467b24. ΜΑ1.
1723	980a28 Bz. Ηι9. 1170a16. ζ2. 1139a20. (δοκεῖ ϗ̀ ὁ σπό-
1724	γος ἔχειν τινὰ αἴσθησιν Ζια1. 487b10. οἱ ἐκ φύσεως ἀλό-
1725	γιστοι ϗ̀ μόνον τῇ αἰσθήσει ζῶντες θηριώδεις Ηη6. 1149
1726	Ηβ1. 1103a28, 29. — ἡ αἴσθησις ἐν τῷ κινεῖσθαί τε ϗ̀
1727	πάσχειν συμβαίνει, δοκεῖ γὰρ ἀλλοίωσίς τις εἶναι ψβ5. 416
1728	b33. 4. 415b24. εν2. 459b5. Φη2. 244b11, 25. Μγ5. 1009
1729	b13. sed quoniam δχῶς λέγεται ἡ αἰἴσθησις, ἡ μὲν ὡς δυ-
1730	a6, ea αἴσθησις, quae est σωτηρία τȣ͂ δυνάμει ὄντος ὑπὸ τȣ
1731	ἐντελεχείᾳ ὄντος et cum τῷ θεωρεῖν τὸν ἐπιστήμην ἔχοντα
1732	comparatur (ψβ5. 417b3), ȣ̓κ ἔστιν ἀλλοίωσις ἀλλ' ἐνέρ-
1733	γεια τȣ͂ αἰσθητικȣ͂ ἢ ἕτερον γένος ἀλλοιώσεως ψγ7. 431a5.
1734	Arist Psych p 15). αἰσθήσεωως πάσης πρὸς τὸ αἰσθητὸν
1735	ἐνεργȣ́σης Ηκ4. 1174b14. ȣ̓ μόνον πασχει αλλα ϗ̀ ἀντι-
1736	ποιεῖ τὸ τῶν χρωμάτων αἰσθητήριον εν2. 460a25. ταχεῖα ἡ
1737	αἴσθησις εν2. 460a24. ἡ αἴσθησις τὰ αἰσθητά πως, εἶδος
1738	αἰσθητῶν, δεκτικὸν τῶν αἰσθητῶν εἰδῶν ἄνευ τῆς ὕλης ψγ8.
1739	431b23, 432a2. β12. 424a18. ἡ αἴσθησις ȣ̓ μέγεθος ἀλλὰ
1740	λόγος τις ϗ̀ δύναμις ἐκείνȣ ψβ12. 424a27, 31. ἡ αἴσθησις
1741	μεσότης τις τῆς ἐν τοῖς αἰσθητοῖς ἐναντιώσεως ψβ11. 424
1742	a4. ἡ αἴσθησις δύναμις σύμφυτος κριτική Αδ19. 99b35.
1743	ψγ9. 432a16. (Platoni ἡ αἴσθησις τȣ͂ στερεȣ͂ ψα2. 404b23).
1744	τῇ αἰσθήσει quae intercedat ad τὸ αἰσθητὸν ratio ψγ2. 425
1745	b25-426b8. τὸ αἰσθητὸν πρότερον τῆς αἰσθήσεως δοκεῖ εἶναι
1746	Κ7. 7b36. ἡ τȣ͂ αἰσθητȣ͂ ἐνέργεια ϗ̀ τῆς αἰσθήσεως ἡ αὐτὴ
1747	μέν ἐστι ϗ̀ μία, τὸ δ' εἶναι ȣ̓ ταȣὐτὸν αὐταῖς ψγ2. 425b26,
1748	426a15. αι3. 439a15. τῇ αἰσθήσει ȣ̓́τε τὸ μέλλον ȣ̓τε τὸ
1749	γενόμενον, ἀλλὰ τὸ παρὸν μόνον γνωρίζομεν μν1. 449b14.
1750	ἀπελθόντων τῶν αἰσθητῶν ἔνεισιν αἱ αἰσθήσεις ϗ̀ φαντασίαι
1751	ἐν τοῖς αἰσθητηρίοις ψγ2. 425b25. εν2. 459a24 sqq. αἴσθη-
1752	σις, dist φαντασία ψγ3. 428a5-16, 27. β2. 413b22. Μγ5.
1753	1010b3. cf εν2. 460b24. Ζκ7. 701b17. τὸ ἐγρηγορέναι
1754	ὥρισται τῷ λελύσθαι τὴν αἴσθησιν υ1. 454b1. εν3. 462a18.
1755	ϗ̀ καθεύδȣσι τοῖς ζῴοις αἰσθήσεις συμβαίνȣσιν Ζγε1. 779
1756	a13. — ἡ αἴσθησις κίνησίς τις διὰ σώματος τῆς ψυχῆς ἐστί
1757	κοινὸν ψυχῆς ϗ̀ σώματος Φη2. 244b11. υ1. 454a9, 10. αι1.
1758	436a8, b6. ἡ αἴσθησις ἐγγίγνεται ἐν τοῖς ὁμοιομερέσι Ζμβ1.
1759	647a5, 21. τῷ κινεῖσθαι τὸ μεταξὺ τῆς αἰσθήσεως ὑπὸ τȣ͂
1760	αἰσθητȣ͂ γίνεσθαι τὴν αἴσθησιν αι3. 440a19. ȣ̓δὲν ἁπτόμενον
1761	τȣ͂ αἰσθητηρίȣ ποιεῖ τὴν αἴσθησιν ψβ7. 419a26. 11. 423b21.
1762	αἰσθήσεις ἁπτικαί, dist δι’ ἄλλȣ αι5. 445a7.
1763	b. (αἴσθησις τῶν ἰδίων, αἰσθήσεων diversitas, αἴσθησις
1764	κοινή) αἴσθησις τῶν ἰδίων, dist τῶν οἷς συμβέβηκε τὰ ἴδια,
1765	τῶν κοινῶν ψγ3. 428b18-25. λέγω δ'’ ἴδιον ὃ μὴ ἐνδέχεται
1766	ἑτέρᾳ αἰσθήσει αἰσθάνεσθαι ϗ̀ περὶ ὃ μὴ ἐνδέχεται ἀπατη-
1767	θῆναι ψβ6. 418a11. ὑπάρχει καθ' ἑκάστην αἴσθησιν τὸ μέν
1768	τι ἴδιον τὸ δέ τι κοινόν υ2. 455a13. ἑκάστη αἴσθησις ἐν
1769	αἰσθάνεται, ἑνὸς γένȣς ἐστί, μιᾶς ἐναντιώσεως ψγ1. 425a20.
1770	β11. 422b23, 424a4, 11. Μγ2. 1003b19. τα15. 106a30.
1771	ταῦτα (τὰ ὁμοιομερῇ σώματα) διαφέρει ἀλλήλων τοῖς τε
1772	πρὸς τὰς αἰσθήσεις ἰδίοις ϗ̀ τῷ ποιεῖν τι δύνασθαι μδ8.
1773	385a1. ἡ αἴσθησις τῶν ἰδίων ἀληθής ἐστιν ἢ ὅτι ὀλίγιστον
1774	ἔχȣσα τὸ ψεῦδος ψγ3. 428b18, a11. 427b12. Μγ5. 1010
1775	b2, 15. Ηζ2. 1139a18. ἀπατώμεθα περὶ τὰς αἰσθήσεις (i e
1776	περὶ τὰ οἷς συμβέβηκε τὰ ἴδια) ἐν τοῖς πάθεσιν ὄντες εν2.
1777	460b4. — τίνος ἕνεκα πλείȣς ἔχομεν αἰσθήσεις ἀλλ' ȣ̓ μίαν
1778	μόνην ψγ1. 425b4-11. ὅτι ȣ̓κ ἔστιν αἴσθησις ἑτέρα παρὰ
1779	τὰς πέντε ψγ1. 424b22-425a13 (Alex Aph απ. κ.λ. II 6
1780	z Ar St II 36). αι5. 444b19. ad τὰ ἁπλᾶ σώματα quo-
1781	modo referantur singula αἰσθήσεως genera ψγ1. 424b30-
1782	425a9 (cf αἰσθητήριον). περὶ τῶν αἰσθήσεων τῶν ζων, τίσι
1783	πᾶσαι ὑπάρχȣσι, τίσιν ἐλάττȣς Ζιδ8. ψγ12. αι1. 436b18.
1784	πᾶσι τοῖς ζῴοις ὑπάρχει κοινὴ ἡ ἀναγκαιοτάτῃ αἴσθησις, ἀφή
1785	(ἁφὴ ϗ̀ γεῦσις) ψβ2. 413b4, 9, 414a2. Ζια3. 489a17.
1786	θ12. 596b24. Ζμβ8. 653b23. cf ἁφή 2. τῶν αἰσθήσεων
1787	τίνες ἀναγκαῖαι, τῆς σωτηοίας ἕνεκα, τίνες τȣ͂ εὖ ἕνεκα αι1.
1788	436b20-437a1. ψγ12. 434b24. 13. 435b20. f 39. 1481
1789	a13, 15. ȣ̓κ ἔστιν ȣ̓δὲ τοῖς ἄλλοις ζῴοις κατὰ ταύτας τὰς
1790	αἰσθήσεις (ὄψιν, ἀκοήν, ὀσμήν) ἡδονὴ πλὴν κατὰ συμβεβη-
1791	κός Ηγ13. 1118a17. τί συμβάλλονται αἱ αἰσθήσεις (prae-
1792	cipue ὄψις et ἀκοή) πρὸς φρόνησιν αι1. 437a3a17. ἔχειν
1793	αἰσθήσεις ἐπὶ τὸ πρόσθεν, ἐκ τȣ͂ πλαγίȣ Ζια15. 494b11.
1794	Ζπ4. 705b12. ἀκριβέστεραι γίνονται αἱ αἰσθήσεις διὰ τῶν
1795	καθαρώτερον ἐχόντων τὸ αἷμα μορίων Ζμβ10. 656b3. 4. 650
1796	Πθ5. 1340a3 (latiore sensu ἔχειν αἴσθησίν τινος i q usum
1797	habere alicuius rei, novisse aliquid Ηζ12. 1143b5. Πα2.
1798	1253a17. γ11. 1281b35. cf Ζeller Gesch II 2. 504, 2. ἡ
1799	φύσις βȣ́λεται τὴν τῶν τέκνων ἐπιμελητικὴν αἴσθησιν πα-
1800	219a25. πε17. 882b19. (sed ὅταν ἐν τῇ μητρὶ λάβη πρῶ-
1801	τον αἴσθησιν Ζγε1. 778b22 ie τὴν τῆς αἰσθήσεως δύναμιν,
1802	ἀρχήν). δῆλον (ἄδηλον) τῇ αἰσθήσει. διὰ τῆς αἰσθήσεως Ζια6.
1803	491a23. Με1. 1025b11. κ7. 1064a8. δῆλον, σημεῖον πρὸς
1804	Γα10. 327b33, 328a13. μχ1. 849b27. τὰ κατὰ τὰς αἰσθή-
1805	σεις, syn τὰ αἰσθητά Μκ6. 1063b2, 3. ὑπὲρ τὰς αἰσθήσεις
1806	τὰς ἡμετέρας ἂν εἴη τὸ ἀξίωμα Μμ2. 1077a30. λίαν ἐστὶ
1807	παρὰ τὴν αἴσθησιν Ζγβ8. 747b10.
1808	σεις et αἰσθητήρια distinguuntur, veluti Ζια15. 494b11).
1809	τῷ κινεῖσθαι τὸ μεταξὺ τῆς αἰσθήσεως ὑπὸ τȣ͂ αἰσθητȣ͂ γί-
1810	νεσθαι τὴν αἴσθησιν αι3. 440a19. ἐπὶ τῶν ἄλλων αἰσθητη-
1811	ρίων φανερωτέρως ἐστὶν ἡ αἴσθησις διφυής, ὦτα γὰρ δύο
1812	σεων ἐνίας Ζμδ10. 686a8. πάσας τὰς αἰσθήσεις ἐν τῇ κε-
1813	φαλῇ εἶναι f 90. 1492a30. μεταφέρειν τὴν αἴσθησιν εν2.
1814	459b9. αἰσθήσεις ἐπιπεπλασμέναι τῶν μεθυόντων πγ27.875
1815	a31. τὰς αἰσθήσεις βεβαρύνθαι διὰ τὰς τῶν σιτίων πληρώ-
1816	πλα12. 958b16
1817	3. αἴσθησις interdum a notione actionis vel facultatis τȣ͂
1818	αἰσθάνενθαι transfertur (cf ποίησις, πρᾶξις sim) ad ea quae
1819	sensibus percipiuntur. ὁ ὀποιανȣ͂ν εὐρὼν τέχνην παρὰ τὰς
1820	ΜΑ1. 981b14, 980a22. inde explicatur αἱ ἐξ ἀνάγκης ἀκο-
1821	λȣθȣ͂σαι αἰσθήσεις τῇ ποιητικῇ πο15. 1454b17 (Bernays
1822	Dial p 57 Vhl Poet I 79) cf 7. 1451a6. Ρβ8. 1386a32
1823	(αἰσθήσει cod Αc, Vhl l 1, ἐσθῆτι Bk).
1824	ὕλης ἕκαστον ψγ2. 425b23. Ζμβ1. 647a7. τὰ αἰσθητήρια
1825	ὁμοιομερῆ, opp τῶν ὀργανικῶι μερῶν ἕκαστον ἀνομοιομερές
1826	Ζμβ1. 647a2-14. τῶν αἰσθητηρίων ἕκαστον πρὸς ἕκαστον
1827	ἐπιζευγνύȣσι τῶν στοιχείων Ζμβ1. 647a12. 10. 656b16.
1828	ἀπτόμενον τȣ͂ αἰσθητηρίȣ ποιεῖ τὴν αἴσθησιν ψβ7. 419a26,
1829	14, 28, 29. cf 11. 422b22, 423b29. 12. 424a24. Ζμβ10.
1830	656b35. Ζγε2. 781b16. παντὸς αἰσθητȣ͂ ὑπερβολὴ ἀναιρει
1831	τὸ αἰσθητήριον ψγ13. 435b15. 12. 424a29. ταχὺ τὰ ἰ-
1832	θος ἐστὶν ȣ̓ μόνον ἐν αἰσθανομένοις τοῖς αἰσθητηρίοις. ἀλλὰ
1833	ϗ̀ ἐν πεπαυμένοις εν2. 459b6. εἰσὶ κινήσεις φανταστικαὶ ἐν
1834	τοῖς αἰσθητηρίοις εν3. 462a9. — τίνα τῶν ζων πάντα ἔχει
1835	τὰ αἰσθητήρια Ζιδ8. ψγ12. Ζμδ11. 691a11. cf Πδ4. 1290
1836	b5. 9. 421b32. ἔχειν τὰ αἰσθητήρια φανερά, μὴ φανερά
1837	Ζιβ13. 505a33. 10. 502b35. δ8. 533a19. Ζμβ10. 656a36.
1838	τὰ αἰσθητήρια καλῶς τέτακται τῇ φύσει Ζμβ10. 656a33,
1839	b26sqq. Ζια15. 494b11-18. αι5. 445a25. αἰσθητήρια διμερῆ,
1840	ψβ9. 421a12. ἡ παρὰ τὰς διαφορὰς ἀκρίβεια τȣ αἰσθητηρίȣ-
1841	ἐν τῷ τὸ αἰσθητήριον καθαρὸν εἶναι Ζγε2. 781b3, 20. cf β6. 744
1842	b23. αἰσθητήριον διεφθαρμένον, λελωβημένον Μκ6. 1063a2. —
1843	τῶν κοινῶν ȣ̓δὲν αἰσθητήριον ἴδιον ψγ1. 425a13-b3. τῶν ἰίων αἱ
1844	469a12. υ2. 455a20. (cf αἴσθῆσις 1b). ἔστι μία αἴσθησις
1845	ϗ̀ τὸ κύριον αἰσθητήριον ἕν υ2. 455a21. τὰ αἰσθητήρια ἐπὶ
1846	Αἰσχίνης περὶ Κρατύλȣ Ργ16. 1417b1.
1847	αἶσχος ἀνώδυνον τὸ γελοῖον πο5. 1449a35. ἀσυμμετρία τῶν
1848	ὀργανικῶν τὸ αἴσχος f 41. 1482a12.
1849	αἰσχροκέρδεια, syn ἀνελευθερία Ηδ3. 1122a2sqq. Ρβ6.
1850	1383b26. δι᾽ αἰσχροκέρδειαν Πγ15. 1286b18.
1851	αἰσχροκερδής def Ηδ3. 1122a12, 8. ηεγ4. 1232a13. ημα25.
1852	1192a10.
1853	αἰσχροκερδία, εἶδος ἀνελευθερίας, def αρ7. 1251b4, 5.
1854	αἰσχρολογεῖν Ργ2. 1405b10.
1855	ἐξορίζειν ἐκ τῆς πόλεως Πη17. 1336b4.
1856	αἰσχροπραγεῖν, opp καλὰ πράττειν Ηδ1. 1120a15.
1857	αἰσχρός. εἶναι τῶν αἰσχρῶν (fort de ignavis) ηεγ5. 1232b2.
1858	— περὶ καλȣ͂ ϗ̀ αἰσχρȣ͂ Ρα9. αἰσχρὰ κατ᾽ ἀλήθειαν, κατὰ
1859	πράξεις αἰσχραί, ὀνόματα αἰσχρά ρ36. 1441b20. ἀποκαλεῖν
1860	ὡς ἐν αἰσχρῷ Ηι8. 1168a30. τȣ͂ αἰσχρȣ͂ ἐστὶ τὸ γελοῖον
1861	μόριον πο5. 1449a34.
1862	Αἰσχύλος δύο ὑποκριτὰς εἰσήγαγε, τὰ τȣ͂ χορȣ͂ ἡλάττωσς
1863	σχύλȣ Φιλοκτήτης πο22. 1458b22 (affertur versus fr 249),
1864	Νιβη πο18. 1456a17 (? Nck fr tr p 38). Aeschyli sunt
1865	Φορκίδες, Προμηθεύς πο18. 1456a2 (Nck p 65), ὅπλων κρί-
1866	σις πο23. 1459b5, Μυσοί πο24. 1460a32 (Nick p 35).
1867	σατυρικῷ f 575. 1572b26. Aeschvli versus citantur Ζιι49 B.
1868	633a18 (fr 297), Ρβ10. 1388a7 (fr 298).
1869	Αἰσχύλος, Ἰπποκράτȣς τȣ͂ Χίȣ μαθητής, περὶ κομητῶν μα6.
1870	342b36, 343a27.
1871	fci) (πὸ) τῶν μονάρχων Πε10. 1311b7. — ποῖα αἰσχύ-
1872	νονται ϗ̀ πρὸς ποίȣς ϗ̀ πῶς ἔχοντες Ρβ6. ȣ̓δεὶς ταὐτὰ τȣ̀ς
1873	γνωρίμȣς ϗ̀ τȣ̀ς ἀγνῶτας αἰσχύνεται Ρβ6. 1384b24. ȣ̓κ
1874	αἰσχυντέον Ηδ15. 1128b25. — οἱ αἰσχυνόμενοι ἐρυθριῶσιν,
1875	δόασι τὰ ῶτα πρὸς τὸ ἑρυθριᾶν πλα3. 957b10. λβ1. 960
1876	a37. 8. 961a3. 12. 961a31.
1877	αἰσχύνη def Ρβ6. 1383b13, 1384a23. ἐπὶ τίσι γίγνεται
1878	Ηδ15. 1128b21, 22. dist φόβος τδ5. 126a8. — ἤμπισχε
1879	τὴν τȣ͂ σώματος αἰσχύνην (Alcidam) Ργ3. 1406a29. —
1880	αἰσχυντηλός, syn αἰδήμων Ηδ15. 1128b20, 19. τίνες αἰ-
1881	σχυντηλοί, πότε μάλιστα Ρβ12. 1389a29. 13. 1390a2. 6.
1882	1385a9. οἱ αἰσχ. ȣ̓ μαχητικοὶ περὶ κέρδȣς Ρα12. 1372b30.
1883	αἰσχυντηλȣ͂ σημεῖα φ6. 812a31. ζῶα αἰσχυντηλὰ ϗ̀ φυ-
1884	1384b18.
1885	αἰσχυντικά Ρβ6. 1384a9 (ἀναίσχυντα e cod A hl Spgl).
1886	Αἰσώπȣ λόγος ὑπὲρ δημαγωγȣ͂ Ρβ20. 1393b9, 23. Αἴσωπος
1887	ὁ λογοποιὸς ηὐδοκίμει f 533. 1566b30, 34. οἱ Δελφοὶ ἀνε-
1888	1551a28. λόγοι Αἰσώπειοι ϗ̀ Λιβυκοί Ρβ20. 1393a30.
1889	Αἰσώπȣ μῦθοι μβ3. 356b11. ὁ Αἰσώίπȣ Μμος (cf fab155
1890	Halm) Ζμγ2. 663a35.
1891	αἰτεῖν, dist δανείζεσθαι, ἀπαιτεῖν Ρβ6. 1383b29. αἰτεῖν τȣ̀ς
1892	gice αἰτῆσαι τθ13. 163a6, 11, 21. αἰτήσασθαι τθ13. 163
1893	a20, 23. αἰτήσεται Αα24. 41b8. δεικνύναι πάντα τὰ αἰτη-
1894	θέντα ἐν τῷ α σχήματι Αγ3. 73a13. αἰτεῖται, opp ἀναγ-
1895	καῖόν ἐστιν Αα31. 46b11. αἰτεῖται ὁ δεῖ δεῖξαι Αα31. 46
1896	ἀρχῇ sive τὸ ἐξ ἀρχῆς Αα24. 41b8, 13, 20. β16. Μγ4.
1897	1006a17 Bz def Αβ16. 64b36 (WVz ad 64b28). αἰτεῖν τὸ
1898	ἐξ ἀρχῆς Μγ4. 1006a21. ποσαχῶς φαίνονται αἰτεῖσθαι τὸ
1899	ἐν ἀρχῇ τθ13. 162b31- 163a13. αἰτεῖσθαι τἀναντία τθ13.
1900	163a14-28. αἰτεῖσθαι διελόμενον Αδ13. 96b35.
1901	ἴτη μα logice, def Αγ10. 76b23-34, 77a3. ρ20. 1433b17.
1902	opp ἀνάγκη Αδ13. 97a21. coni ὑπόθεσις, πρότασις Αγ25.
1903	86a34. προκαταλήψεις ϗ̀ αἰτήματα ρ7. 1428a8. περὶ αἰτή-
1904	ματος ρ20. μέγα λίαν τὸ αἴτημα ψβ7. 418b26.
1905	ἴτησις. τὸ πτωχεύειν ϗ̀ τὸ εὔχεσθαι ἄμφω αἰτήσεις Ργ2.
1906	1405a19. — αἴτησις ἀποκρίσεως ε11. 20b22.
1907	ἰτητικός, syn εὐχερῶς εὐεργετεῖσθαι Ηδ2. 1120a33.
1908	ἰτία, τὸ αἴτιον. α. αἴτια, dist σημεῖα, συμπτώματα μτ1.
1909	462b27. τὸ καθὸ ἰσαχῶς ϗ̀ τὸ αἴτιον ὑπάρξει Μδ18. 1022
1910	a20. αἰτία, syn et dist ἀρχή, v ἀρχή 3, est enim ἡ ἀρχὴ
1911	πρώτη τῶν αἰτίων Γα7. 324a27, ἔστιν ἀρχή τις ϗ̀ ȣ̓κ ἄπειρα
1912	τὰ αἴτια Μα2. 994a1. τὰ ἐξ ἀρχῆς αἴτια ΜΑ3. 983a24.
1913	ἡ πρώτη αἰτία, τὰ πρῶτα αἴτια Φβ3. 194b20. α1. 184a13.
1914	Μγ1. 1003a31. μα2. 339a24. 1. 338a20. Ζγδ1. 765b6.
1915	τὰ πρῶτα ϗ̀ τὰ αἴτια ΜΑ2. 982b2. τὸ αἴτιον πρότερον ȣ̔
1916	αἴτιον Αδ16. 98b17. αἱ ἀκρόταται αἰτίαι, τὸ αἴτιον τὸ ἀκρό-
1917	τατον Μγ1. 1003a27. Φβ3. 195b22. αἰτία, coni syn στοι-
1918	χεῖον ψα2. 405b17 cf ἀρχή 3, sed dist στοιχεῖα μὲν τρία,
1919	αἰτίαι δὲ ϗ̀ ἀρχαὶ τέτταρες Μλ4. 1070b26, 24. (τέτταρα
1920	διώρισται αἴτια τῶν στοιχείων, int θερμὸν ψυχρὸν ὑγρὸν
1921	ξηρόν μδ1. 378b10). ὀρᾶν μηδεμίαν αἰτίαν εὔλογον μτ1.
1922	462b19, 24. διά τιν' αἰτίαν εὔλογον Ζμβ17. 660b16. ἀπο-
1923	δȣ͂ναι τὴν αἰτίαν Ζγε1. 779b21. ȣ̓ μικρὸν ἔργον τὸ ἀπ᾽
1924	ἐκείνης τῆς ἀρχῆς τὴν αἰτίαν συναγαγεῖν Ζγδ1. 764a28.
1925	πόρρωθεν ἅπτεσθαι τῆς αἰτίας Ζγδ1. 765b5. — . causarum
1926	genera Ar distinguit quatuor, causam materialem (ἡ ὕλη, ἡ
1927	ὕλη ϗ̀ τὸ ὑποκείμενον, ἐξ ȣ̔͂ γίγνεται), formalem (τὸ εἶδος, τ
1928	ἐστι, τὸ τί ἦν εἶναι, ἡ ȣ̓σία ϗ̀ τὸ τί ἦν εἶναι, ὁ λόγος ὁ τȣ͂ τί ἦν
1929	εἶναι, εἶδος ϗ̀ λόγος, ὁ λόγος), motricem (τὸ κινȣ͂ν, τὸ κινῆσαν,
1930	τί πρῶτον ἐκίνησε, ὅθεν ἡ κίνησις, ὅθεν ἡ ἀρχὴ τῆς κινήσεως,
1931	τῆς μεταβολῆς), finalem (τὸ τέλος, τίνος ἕνεκα, τὸ ȣ̔͂ ἕνεκα,
1932	τὸ ȣ̔͂ ἕνεκα ϗ̀ τἀγαθόν) Φβ3. 194b23-195a3. 7. 198a16-22.
1933	γ7. 207b34. δ1. 209a20. υ2. 455b14. Ζγα1. 715a4. ε1.
1934	778b8-10. Αδ11. 94a21-23. ΜΑ3. 983a26-32. δ1. 1013
1935	a16. 2. 1013a24-b3, 16. η4. 1044a33 sqq. λ4. 1070b26.
1936	πῶς τȣ αὐτȣ͂ πολλά ἐστιν αἴτια Φβ3. 195a5-26. Μδ2.
1937	1013b4-28. β2. 996b6. πότερον μιᾶς ἐπιστήμης θεωρῆσαι
1938	πάντα τὰ γένη τῶν αἰτίων Μβ2. 996a20. αἴτια ἐνυπάρχοντα,
1939	ἐν αὐτῷ, ἐντός, opp ἔξω, ἐκτός Φβ5. 197a2. 6. 197b36.
1940	Μλ4. 1070b22. τὰ μὲν κινȣ͂ντα αἴτια ὡς προγεγενημένα
1941	ὄντα, τὰ δ' ὡς ὁ λόγος ἅμα Μλ3. 1070a21. αἴτια τρία
1942	(ὕλη, εἶδος, στέρησις) Μλ4. 1070b32. τὰ τρία (εἶδος, κι-
1943	νȣν, ȣ̔͂ ἕνεκα) ἔρχεται εἰς [τὸl ἐν πολλάκις Φβ7. 198a24sqq.
1944	cf ψβ4. 415b9. Ζγα1. 715a6. β1. 732a4. ἡ αἰτία ἡ κι-
1945	νȣ͂σα πρώτη, ᾖ ὁ λόγος ὑπάρχει ϗ̀ τὸ εἶδος τῆς ὕλης Ζγβ1.
1946	732a4. πλείȣς αἰτίαι περὶ τὴν γένεσιν τὴν φυσικήν, οἷον ἥ τε
1947	ȣ̔ ἕνεκα ϗ̀ ἡ ὅθεν ἡ ἀρχὴ τῆς κινήσεως Ζμα1. 639b11. —
1948	causa materialis: ἡ ἐν ὕλης εἴδει αἰτία ΜΑ3. 984a17. αἴτιον
1949	ῶς ὑλη μα4. 342a28. — causa motrix: μα2. 339a24, 31.
1950	ἡ κινȣσα, ἡ κινητικὴ αἰτία Ζγβ1. 732a4. ε8. 789b20. ἡ
1951	πρώτη ϗ̀ ἀρχαιόγονος αἰτία κ6. 399a26. τὸ αἴτιον ϗ̀ ποιη-
1952	τικόν, opp ἢ ὕλη ψγ5. 430a12. τὰ κατὰ κίνησιν αἴτια ἀνά-
1953	παλιν τοῖς τελικοῖς Αδ11. 94b23. τὸ πρῶτον αἴτιον, ὃ ἐν
1954	τῇ εὐρέσει ἔσχατόν ἐστιν Ηγ5. 1112b19. — causa forma-
1955	lis: Μζ17. 1041a28. τὰ ὡς λόγος αἴτια Μλ3. 1070a22.
1956	παραλείπȣσι τὴν κυριωτέραν αἰτίαν, ἐξαιρȣσι γὰρ τὸ τί ἦν
1957	εἶναι ϗ̀ τὴν μορφήν Γβ9. 335b35. — causa fnalis: αἰτία
1958	τȣ͂ εὖ ΜΑ6. 988a14. τὸ αἴτιον τȣ͂ καλῶς ϗ̀ ὀρθῶς ψα2.
1959	404b2. διὰ τὸ βέλτιον ϗ̀ τὴν αἰτίαν τὴν ἕνεκά τινος Ζγβ1.
1960	731b23. δ3. 767b14, opp ἡ ἐξ ἀνάγκης αἰτία Ζγε8. 789
1961	b19. δ8. 776a25 cf ἀνάγκη. ὡς ἐξ ἀνάγκης γιγνομένων
1962	Ζγε1. 778b1. cf 8. 789b3. — e. αἴτια δοκȣ͂σιν εἶναι φύσις
1963	ϗ̀ ἀνάγκη ϗ̀ τύχη, ἔτι δὲ νȣ͂ς ϗ̀ πᾶν τὸ δι' ἀνθρώπȣ Ηγ5.
1964	1112a31. αἰτίαι φυσικαί πο4. 1448b4. δόξειεν ἂν φυσι-
1965	κώτερον εἶναι τὸ αἴτιον Ηι7. 1167b29. φύσει, ὅσων ἡ αἰτία
1966	αἴτιον πρότερον τȣ͂ καθ᾽ ἕτερον Φθ5. 257a30. αἴτιον καθ
1967	αὐτό, opp κατὰ συμβεβηκός Φβ5. 196b25. 6. 198a9. Μν8.
1968	1065a30. αἴτια λεγόμενα ὡς συμβεβηκός Φβ3. 195a32-b3.
1969	Μδ2. 1013b34-1014a6. τῶν κατὰ συμβεβηκὸς ϗ̀ τὸ αἴ
1970	1025a24. τῶν ἀπὸ τύχης ἡ αἰτία ἀόριστος Ρα10. 1369a33.
1971	αἱ αἰτίαι τῶν συμβεβηκότων ταῖς ȣ̓σίαις ψα1. 402b18. τὰ
1972	αἴτια πῶς λέγεται προτέρως ϗ̀ ὑστέρως Φβ3. 195a29-32.
1973	Μδ2. 1013b31-34. τὰ ἐγγύτατα Μη4. 1044b2. αἴτια ὡς
1974	τὰ αὐτὰ αἴτια τοῖς αὐτοῖς, τἀναντία αἴτια τῶν ἐναντίων
1975	Οβ13. 259a29. μδ7. 384b3. 6. 383b16, a8. αἴτια ἀλλή
1976	λων πῶς Φβ3. 195a8-10. Μδ2. 1013b9-11. cf Αδ16. 98
1977	b17. — . αἰτία, causa cognoscendi , cf ἀρχή 2. διὰ τὰς
1978	ἄπασιν ὁμοίως Ηα7.1098a33. ταυτην οἰητέον εἶναι ἱκανὴν αἰτίαν
1979	Γα3. 318a27. εἷς λόγος ϗ̀ μία αἰτία ἐπὶ πάντων Μζ17.
1980	1041a17. ἡ αἰτία ϗ̀ τὸ διὰ τί Ρβ21. 1394a30. τὰ ἀνώ-
1981	τερον αἴτια, syn μὴ αἰτιατά Αγ9. 76a19. ȣ̓κ ἐνδέχεται αἴτια
1982	γνωριμώτερα, πρότερα Αγ2. 71b22 sqq. αἴτιον τὸ μέσον Αδ2.
1983	90a7. αἱ αἰτίαι πᾶσαι διὰ τȣ͂ μέσȣ δείκνυνται Αδ11. ȣ
1984	αἴτιον τὸ μέσον, dist ᾧῷ αἴτιον τὸ μέσον Αδ12. 95a22. 17.
1985	99a5 Wz, 17, 31. 18. 99b11. παραλογισμοὶ παρὰ τὸ μὴ
1986	sensu iudiciali. οἱ ἐν αἰτία f 385. 1542a23, 40. οἱ τὴν αἰ-
1987	τιαν ἐπενεγκόντες ρ30. 1437a9 (ἐπ αἰτίᾳ μοιχείας, ἐκ γα-
1988	μικῆς αἰτίας Πε6. 1306a38, 34). τὴν αἰτίαν εἰς τὴν τύχην
1989	ἀναφέρειν ρ30. 1437b23. εἴ τις αἰτίαν ἔχει κακȣ͂ν τȣς γο-
1990	Ργ17. 1417b34. — . αἰτίαν ἔχει (i e dicitur, fertur) πρό-
1991	τερον Ἑρμότιμος εἰπεῖν ΜΑ3. 984b19 Bz.
1992	αἰτιᾶσθαι, ie τίθεσθαι αἰτίαν. ȣ̓κ αἰτιάσεται τὴν δίνην Οβ13.
1993	295a32. αἰτιώμενος ἀπορροάς μτ2. 464a6. αἰτιᾶσθαι τὰ
1994	αἰτιᾶσθαι τὸ θερμόν Ζγδ1. 764b22. αἰτιᾶσθαί τί τινος, veluti
1995	τῶν κοσμικῶν πάντων αἰτιῶνται τὸ αὐτόματον al Φβ4. 196
1996	a25. 3. 195a12. Μδ2. 1013b13. Α4. 985a21. Οα10. 280
1997	a19. μβ3. 357a15. 8. 368a30. Ζγε8. 788b14. Πη13. 1332
1998	φότητος αἰτιωμένοις τὸ πολὺ κενὸν ἔχειν Οδ2. 309a28. —
1999	ἀἰτατέον τῆν τῶν ἀεὶ κινȣμένων δῦύναμιν μα2. 339a32.
2000	αἰτιατέον τὴν ἡλικίαν ρ8. 1428b37. — αἰτιατόν (i e ἐφ
2001	ȣ̔͂ αἴτιον τὸ αἴτιον Φβ3. 195b7. Μδ2. 1014a10). αἰτιατὸν ϗ̀
2002	76a20. ἕως τȣ͂ τελευταίȣ αἰτιατȣ Μκ8. 1065a11.
2003	αἰτίασις. ἀπὸ τῆς αἰτιάσεως τȣ͂ θανάτȣ μέχρι τȣ͂ τέλȣς πο18.
2004	1455b31.
2005	αἰτιολογία (ci Halm, ἀντιλογία codd et edd) ρ7. 1428a7.
2006	22, 34. δ4. 1292a23. αἴτιοι οἱ ὀρθῶς κείμενοι νόμοι Πβ4.
2007	1262b5. τȣ μὴ γίνεσθαι πολλȣ̀ς αἴτιος ἡ κίνησις μα7. 345
2008	a6. — τὸ αἴτιον i q ἡ αἰτία, v h v — αἰτιώτερον τὸ
2009	καθόλȣ Αγ24. 85b24. τὸ πρότερον αἰτιώτερον τȣ͂ κινεῖσθαι
2010	τȣ ἐχομένȣ Φθ5. 257b16.
2011	154. 846a9.
2012	αἰτώλιος, avis Ζιζ6. 563a31, cf αἰγώλιος.
2013	Αἰτωλοί f 64. 1486b22. Αἰτωλῶν πολιτεία f433. 1549b34.
2014	ἀσπάλακες ἐν Αἰτωλοῖς θ176. 847b3. — Αἰτωλίας ἔθνος
2015	αἰχμή (Hom F 661, C 542) Ργ11. 1412a1.
2016	αἰφνίδιοι φόβοι, opp πρόδηλοι Ηγ11. 1117a18.
2017	αἰών. ἔμπεδος αἰών (Emped 72) Φθ1. 251a1. — τὸ τέλος τὸ
2018	περιέχον τὸν τῆς ἑκάστȣ ζωῆς χρόνον, ȣ̓ μηδὲν ἔξω κατὰ
2019	τὸ τὸν πάντα χρόνον ϗ̀ τὴν ἀπειρίαν περιέχον τέλος αἰών
2020	ἐστιν, ἀπὸ τȣ͂ ἀεὶ εἶναι εἰληφὼς τὴν ἐπωνυμίαν Οα9. 279
2021	a25, 27. cf β1. 283b28. ζωὴ ϗ̀ αἰὼν συνεχὴς ϗ̀ ἀίδιος ὑπάρ-
2022	χει τῷ θεῷ Μλ7. 1072b29. ὑπολείποι ἂν ὁ αἰὼν διαριθ-
2023	Ζμα5. 644b23. Μλ9. 1075a10. τὸν ἄπειρον αἰῶνα τυγ-
2024	χάνȣσι διὰ τέλȣς ȣ̔́τω νενομικότες f 40. 1481a39. δι' αἰ-
2025	νος κ2. 391b19. 5. 397a31, b7. ἐξ αἰῶνος εἰς ἕτερον αἰῶνα
2026	κ5. 397a10. 7. 401a16.
2027	αἰωρεῖσθαι, coni ἀνίπτασθαι θ79. 836a12.
2028	ἀκάθαρτος. ὅταν τὸ σῶμα ἀκάθαρτον ᾖ πε27. 883b27.
2029	ἀκαιρίαι τῶν πνευμάτων ϗ̀ αἰόλοι ἡμέραι πκϛ13. 941b25.
2030	ἀκακία. τῇ αὑτῶν ἀκακίᾳ οἱ νέοι τȣ̀ς πέλας μετρȣ͂σιν Ρβ12.
2031	ἀκαλθφὴ καλȣσν οἱ μὲν κνίδας οἱδ᾽ ἀκαλήφας Ζμδ5. 6a1
2032	a36. ἔνυδρον Ζια1. 487a25. ȣ̓κ ὀστρακόδερμον, ἀλλ᾽ ἔξω
2033	πίπτει τῶν διηρημένων γενῶν, ἐπαμφοτερίζει φυτῷ ϗ̀ ζῴῳ
2034	Ζμδ5. 681b1. τὸ τῶν ἀκαληφῶν γένος ἴδιον descr Ζια1.
2035	a36. γένη τῶν ἀκαληφῶν ἐστὶ δύο Ζιδ6. 531b10. Ἀριστο-
2036	τέλης μήτρας ϗ̀ καρδίας ϗ̀ ἀκαλήφης ἀπέχεσθαί φησι τȣ̀ς
2037	Πυθαγορικȣ́ς f 189. 1511b29, 34. (ortie de mer C, urtica
2038	marina S, actinia St K Cr Ka Ζμ Fr AZι I 173; cf de va-
2039	ἀκάλυπτα βράγχια Ζια5. 489b5. β13. 505a2. Ζμδ13.
2040	696b4.
2041	ἀκάλυφες αἰσθητήριον ψβ9. 422a1.
2042	ἀκάμας. πόνȣς τλῆναι μαλερȣ̀ς ἀκάμαντας f 625. 1583b12.
2043	ἀκαμάτȣ πυρός (Orph VI 14) κ7. 401b3.
2044	ἄκαμπτος. περὶ ἀκάμπτȣ μδ8. 385a14. 9. 385b26-386a9.
2045	δακτύλȣ τὸ ἄκαμπτον φάλαγξ Ζια15. 493b29.
2046	ἀκαμψία, coni ὀρθότης Ζμβ8. 654a24. ἀκαμψία τῆς φω-
2047	ἄκανθα. 1. μόριον τȣ͂ τῶν ζῴων σώματος. o. (vocabuli usus)
2048	τῶν ἰχθύων τοῖς ᾠοτόκοις ἄκανθά ἐστι Ζμβ9. 655a19. cf
2049	Ζιι37. 622a8. 14. 616a32. ἐν τοῖς μὴ ἔχȣσιν ὀστᾶ ἀλλ
2050	ἄκανθαν κοίλη ἄκανθα μόνον ἡ τῆς ῥάχεώς ἐστιν Ζμβ6. 652
2051	511b33. 512a3, τῶν ἰχθύων τὰ ᾠοτοκȣ͂ντα ἄκανθαν ἔχει
2052	ἥ ἐστιν ὥσπερ τοῖς τετράποσιν ἡ ῥάχις Ζιγ7. 516b16. 1.
2053	509b19, τῶν ὄφεων Ζιγ1. 511a20. alia τῶν ἀκανθῶν ge-
2054	nera descr ἐχίνων χερσαίων Ζιγ11. 517b22. Ζγα5. 717b31
2055	Ζιζ10. 565b27, ἀστακȣ͂ Ζιδ2. 526b11, 14, ἐχίνων θαλατ-
2056	τίων Ζιδ5. 530b8, 11, 17. Ζμδ5. 679b30, 681a8. Ζγε3.
2057	783a23. — b. (ἡ ἄκανθα τί ἐστι, τίνος ἕνεκα, ἐκ τίνος
2058	γίγνεται) refertur inter τὰ ξηρὰ ϗ̀ στερεὰ τῶν ὁμοιομερῶν
2059	Ζμβ2. 947b16. c Ζιδ1. 524b25. Ζμβ8. 654a20. 9. 655
2060	a16. Ζιγ7. 516b12. δ7. 532a33. ἡ ἄκανθα τὸ ἀνάλογον (τῆς
2061	αὐτῆς φύσεως) τῷ ὀστῷ Ζια1. 486b19. γ2. 511b7. Αδ14.
2062	98a22. ἡ ἄκανθα σωτηρίας ἕνεκα, πρὸς τὴν ὀρθότητα ϗ̀ τὴν
2063	ἀκαμψίαν Ζμβ8. 653b35, 654a26. 6. 652a4. cf Ζιδ7.532
2064	a33. ἄκανθαι ἐν ἐχίνοις χερσαίοις τριχὸς χρείαν παρέχȣσιν,
2065	ἐν ἐχίνοις θαλαττίοις ποδῶν Ζια6. 490b29. δ5. 530a6. Ζμδ5.
2066	681a9. — αἱ ἄκανθαι ϗ̀ αἱ τρίχες γίνονται ἐκ περιττώματος
2067	Ζγε3. 783a27. φανερὸν ὅτι μυελὸς τῆς αἱματικῆς τροφῆς
2068	τῆς εἰς ὀστᾶ ϗ̀ ἄκανθαν μεριζομένης ἐστὶ τὸ ἐμπεριλαμβα-
2069	νόμενον περίττωμα πεφθέν Ζμβ6. 652a22. — 2. ἄκανθαι
2070	spinae in plantis et arboribus quibusdam φτα5. 820a20. β6.
2071	826b35, 827a1. 7. 827b5, 11. Ζμβ9. 654b7. ἄκανθα, sarmenta
2072	spinis horrida Ζιι8. 613b10. — ἄκανθα (cynarocephala quae-
2073	dam, fort cnicus ferox L) Ζιι1. 610a5, 609a32. θ3. 593a1.
2074	ἀκανθηρος de piscium quorundam ordine usurpatur, γίνεται
2075	ἐν τῷ εὐρίπιῳ ȣ̓́τε σκάρος ȣ̓τε θρίττα ȣ̓́τε ἄλλο τῶν ἀκαν-
2076	θηροτέρων ȣ̓θέν Ζι37. 621b16. M p 284.
2077	ἀκανθίας γαλεός descr Ζιζ10. 565a29, b27. γαλεοὶ ϗ̀ ἀκαν-
2078	θίαι Ζι37. 621b17. ἔχει καρδίαν πεντάγωνον f 293. 1529
2079	a15, 18 (spinax Gazae C S, squalus acanthias Ζιζ10 et raia
2080	acanthias Ζιι37 St, squalus acanthias K Cr, acanthias vul-
2081	garis J auller Abhandl d Berl Akad 1840 p 193. 235 AZι
2082	I 145).
2083	ἀκάνθιον. ἐν ἰχθύσιν ἐνίοις κατὰ τὴν σάρκα κεχωρισμένα
2084	ἀκάνθια λεπτά Ζιγ7. 516b19 (v AZι I 335. spinae epipleu-
2085	rales).
2086	ἀκανοις, aks. ἀκνθοφάγος, ἐπὶ ἀκανθῶν νέμεται, τίοι ζῴι
2087	πολέμιος Ζιθ3. 592b30. ι1. 610a4. ἀκανθίδες κακόβιοι, κα-
2088	κόχροοι, φωνὴν λιγυρὰν ἔχȣσιν Ζιι17. 616b31. (une des va-
2089	rictés du serin C, fringilla caunabina St Su p 120 n 67 (lo-
2090	ger disquisitionum de avibus ab Arist commemoratis spe-
2091	cimen I p 1 AZι I 86; sive fringilla carduelis Cr, sive frin-
2092	gilla spinus K Cr, refutat Su).
2093	ἄκανθος. τῆς ἀκάνθȣ εἶδος περὶ τὴν Ἐρύθειαν διαποίκιλον τὴν
2094	χροανf 253. 1524b39 (Acacia vera W. cf Iandsberg in a-
2095	nus Ζtschr f Med IV 2, 269. W A Schmidt die griech Pa-
2096	pyrusurkunden p 77, 385).
2097	ἀκανθοστεφῆ εἶναι ϗ̀ ποικιλόχροα φυκίδα f 279. 1528a10.
2098	ἀκανθοφάγος Ζιθ3. 592b30.
2099	ἀκανθυλλίς avis, eius μέγεθος, νεοττιά Ζιθ3. 593a13. ι13.
2100	616a5 (serin C, arorum species, fort parus pendulinus sive
2101	caudatus St Cr, parus (aegithalus) pendulinus K Gloger I 2
2102	AZι I 77, n 12).
2103	ἀκανθώδης. ἀκανθῶδες φύσει τὸ ῥόδον ἐστί πιβ8. 907a22.
2104	τροφὴ ἀκανδώδης ϗ̀ ξυλικὴ τῶν πολυκοιλίων Ζμγ14. 674
2105	b3, a29. ἀκανθώδης γλῶττα Ζιβ10. 503a2. 13. 505a30.
2106	ἀκανθώδης ὁ τόπος τȣ͂ στόματος Ζμβ17. 660a16. ῥάχις
2107	ἀκανθώδης, ἀκανθωδεστέρα Ζιγ7. 516b20, 22, 23. σκέλη
2108	ἀκανθώδη (dist νευρώδη, ὀστώδη) Ζμδ10. 689b10. ταῖς
2109	ὄφεσιν ἀκανθώδης ἡ τῶν ὀστῶν φύσις Ζμβ9. 655a20. ἀκαν-
2110	θώδης ȣ̓ρά Ζμδ13. 695b7, 10, κεφαλή Ζγγ3. 754a28.
2111	ἀκανθώδης φύσις τῶν βραγχίων Ζμβ17. 660b25, 23. cf
2112	Ζιδ9. 535b22. ἀκανθώδεις τρίχες Ζια6. 490b28. Ζγε3. 781
2113	b33. κραγγῶνος πτερυγίων τὸ μέσον ἀκανθῶδες Ζιδ2. 525
2114	b30. ἐπικάλυμμα ἀκανθῶδες Ζμδ13. 696b5. Ζιβ13. 505
2115	a6. τῶν ἀκανθωδῶν ἡ κίνησις ταχεῖα Ζμδ13. 696b7.
2116	Ἀκανίας λιμήν σ 973a5.
2117	ἀκαρί, τῶν ζῴων ἐλάχιστον, λευκόν, γίνεται ἐν κηρῷ παλαιȣ-
2118	μένῳ, ὥσπερ ἐν ξύλῳ Ζιε32. 557b8. (‘duo diversa insecta
2119	simul memorat Ar, — alterum est phalaena cereana L, al-
2120	terum ἀκαρί termes fatale L᾽ S I 392, 675, fort der-
2121	mestes fatidicus sive bostrichus quidam St, acarus K Su
2122	p 230 n 46 M p 230, τυρῷ pro κηρῷ ci et interpr acarus
2123	siro AZι I 159).
2124	ἀκαριαῖος. ἀκαριαία μεταβολή μα14. 352a26. ἀκαριαῖος
2125	χυμός αι6. 446a9. ἀκαριαία φλόξ αν17. 479a19. ἀκαριαῖον
2126	φλέγμα μτ1. 463a14. ἀκαριαίȣ τινὸς μεταβάλλοντος Ζιθ2.
2127	590a3. τȣ͂ οἴακος ἀκαριαῖόν τι μεθισταμένȣ Ζκ7. 701b26.
2128	Ἀκαρνάνων πολιτεία f 434. 435. 433. 1549b32. Λεύκαρος
2129	ὁ Ἀκαρνάν f 435. 1550a5.
2130	ἀκαρπία, opp εὐετηρία θ122. 842a22.
2131	φυτῶν ἐν ὅσοις τὸ μὲν καρποφορεῖ τὸ δ' ἄκαρπόν ἐστιν
2132	Ζγγ5. 755b10. τὰ ἄκαρπα, opp τὰ κάρπιμα οα6. 1344b29.
2133	β1346b15. ἄκαρπα μέν, χρήσιμα δέ Πα11. 1258b30. κ6.
2134	401a2. τὰ ἄκαρπα κτήματα ἐλευθεριώτερα τῶν καρπίμων
2135	Ακαστος. ὁ ἐν Ἰολκῷ ἀγὼν Ἀκάστȣ καθηγησαμένȣ f 594
2136	1574b31.
2137	ἀκάτακτος. περὶ ἀκατάκτȣ μδ8. 385a14. 9. 386a9-17
2138	(dist ἄθραυστος)
2139	921b23.
2140	ἀκατάλληλος. ἀσθενῇ ϗ̀ ἀκατάλληλα τὰ ἐπὶ τῆς γῆς κ6.
2141	397b31.
2142	ἀκατάστατος. πνεύματα ἀκατάστατα πκϛ13. 941b29.
2143	ἀκατέργαστος τροφὴ Ζμβ3. 650a15. γ14. 674b12. πλῆ-
2144	θος αἱματικὸν ἀκατέργαστον Ζγδ1. 766b23.
2145	ἄκαυλος. πτερὸν ἄκαυλον Ζμδ6. 682b18. 12. 692b14.
2146	ἄκαυστος. περὶ ἀκαύστȣ μδ8. 385a18. 9. 387a17-22.
2147	γέθȣς ὑπερβολὴν ἡ θερμότης ἠκέσατο φ6. 813b27.
2148	ἄκεντρος. τῶν σφηκῶν οἱ κηφῆνες ἄκεντροι Ζιε22. 553b11
2149	(coni νωθροί). ι40. 624b6. 41. 628b4. Ζγγ10. 759b4. opp
2150	ἔγκεντρος Ζιι41. 628b1.
2151	ἀκέραιον νομήν Ζιζ21. 575b3.
2152	ἀκέρατος κριός, κάμηλος Ζιθ28. 606a21. Ζμγ14. 674a32.
2153	ἀκέρατα ζῷα, opp κερατοφόρα Ζιβ1. 501a14. Ζμβ5. 651
2154	a34. γ15. 676a14. δ10. 686b18.
2155	ἄκερκος. ὁ ἄνθρωπος ἄκερκον Ζμδ10. 689b6, 22.
2156	ἄκερως. ζῷα ἄκερα, opp κερατοφόρc Ζιβ1. 499b16.
2157	ἀκήρατος. στοιχεῖον ἀκήρατόν τε ϗ̀ θεῖον κ2. 392a9. δόξα
2158	ἀκήρατος ρ1. 1421a37.
2159	ἀκίνδυνος. οἱ ἐθισμοὶ ἀκίνδυνοι Ηγ15. 1119a27. — ἀκιν-
2160	δύνως διάγειν Πδ11. 1295b33.
2161	ἀκινησία, opp κίνησις Ηγ15. 1154b27. μα3. 340b18. συ-
2162	νεχὴς κίνησις ϗ̀ μία τῷ χρόνῳ, ὅπως μὴ ἀκινησία μεταξὺ
2163	ᾖ Φε4. 228b3. ᾠ ἡ κίνησις ὑπάρχει, τȣ́τῳ ἡ ἀκινησία ἠρε-
2164	μία Φγ2. 202a5, 4. ὁ ὕπνος τȣ͂ αἰσθητικȣ͂ μορίȣ οἷον δεσμὸς
2165	ϗ̀ ἀκινησία τις υ1. 454b10, 26. τὸ σκωλήκιον ἐξ ἀκινησία
2166	λαμβάνει κίνησιν Ζιε19. 552a26. ἀκινησία, i e νηνεμία μβ8.
2167	366b6.
2168	ἔντομα ἡσυχάζȣσι ϗ̀ ἀκινητίζȣσιν ἐπιδήλως Ζιδ10. 537b7.
2169	ἀκμάζει τὸ σῶμα ἀπὸ τῶν τριάκοντα ἐτῶν μέχρι τȣ͂ πέντε
2170	ϗ̀ τριάκοντα Ρβ14. 1390b10. cf Πη16. 1335a30. ὁ βȣς
2171	ἀκμάζει πεντέτης sim, ἰχθύες ἀκμάζȣσι τȣ͂ ἔαρος Ζιζ21.
2172	575b4. ε14. 546a12. ι37. 621b19. ὁ νέος ϗ̀ ἀκμάζων
2173	τος Ρα5. 1361b11. Ζιγ19. 521a34. Ζγδ2. 766b29. ε7.
2174	787b11. οἱ ἀκμάζοντες ποῖοί τινές εἰσι τὰ ἤθη Ρβ14.
2175	ἀκμαῖος. ἱ ἀκμαῖοι Ηκ4. 1174b33. χειμὼν ἀκμαιότατος πα
2176	17. 861a24.
2177	σις ψα5. 411a30. γ12. 434a24. cf 9. 432b24. opp νεότης,
2178	γῆρας αν18. 479a32. μα14. 351a28. Ρβ12. 1388b36. 14.
2179	1390b12. Ζιη3. 583b27. Ζγδ6. 775a13. μέχοι τῆς ἀ-
2180	κμῆς, μέχρι ἀκμῆς τινός Ζιγ11. 518b13. ε14. 546b29. ἡ
2181	ἀκμὴ ποίων ἦθῶν ἐστίν Ρβ14. ἀνθȣσαν ἔχειν τὴν ἀκμὴν
2182	Isocr 5, 10) Ργ11. 1411b28. ἑτέρας ἀκμῆς τὸ πολεμεῖν ϗ̀
2183	τὸ βȣλεύεσθαι Πη9. 1329a8. — ἀκμήν adv τῆς μήτρας
2184	ἀκμὴν ἐναίμȣ τε ȣ̓́σης ϗ̀ διαθέρμȣ f 259. 1525b33.
2185	ἄκμων Ζγε8. 789b11. ακ802b42.
2186	ψόφȣ τε ϗ̀ σιγῆς ψβ8. 421b4. 10. 422a23. διττὸν ἡ ἀκοή,
2187	δυνάμει, ἐνεργείᾳ (ἡ ἐνεργεία ἀκοὴ peculiari nomine dicitur
2188	ἄκȣσις) ψγ2. 426a7, 12. ἡ κατ᾽ ἐνέργειαν ἀκοὴ ἅμα γί-
2189	νεται ϗ̀ ὁ κατ' ἐνέργειαν ψόφος ψγ2. 425b31. ἡ φωνὴ ϗ̀
2190	ἡ ἀκοὴ ἔστιν ὡς ἕν ἐστι ϗ̀ ἔστιν ὡς ȣ̓χ ἕν ψγ2. 426a28.
2191	ἡ ἀκοὴ λόγος τις, διὰ τȣτο φθείρει ἕκαστον ὑπερβάλλον τὴν
2192	ἀκοήν ψγ2. 426a29. διαφέρει καθαριότητι ἀκοὴ γεύσεως
2193	Ηκ5. 1176a1. περὶ ἀκριβείας ἀκοῆς Ζγε2. 781a14-b29. ἡ
2194	ἀκοὴ ϗ̀ ἡ ὄψις πρὸς τὸ εὖ εἶναι συμβάλλονται f 39. 1481
2195	a12. τῶν ζῴων τῶν ἐχόντων ἀκοὴν τὰ μὲν ἔχει ὦτα, τὰ
2196	δ' ȣ̓κ ἔχει ἀλλὰ πόρȣς φανερȣ́ς Ζια11. 492a24. cf 15. 494
2197	b13. β10. 503a5. 12. 504a23. δ8. 533a20, b4. τίνα ζῶῷα
2198	ȣ̓κ ἔχει ἀκοήν Ζιβ13. 505a34. δ8. 533a34, b4, 535a13.
2199	ι40. 627a17. ἀκοὴν ἔχει τὸ ζῷον ὅπως σημαίνη τι αὐτῷ
2200	ψγ13. 435b24. πρὸς τὰ ἀναγκαῖα κρείττων ἡ ὄψις ϗ̀ καθ'
2201	αὐτήν, πρὸς δὲ νȣ͂ν ϗ̀ κατὰ συμβεβηκὸς ἡ ἀκοὴ πλεῖστον
2202	συμβάλλεται αι1. 437a5, 11, 13. cf ΜΑ1. 980a25, b23 Bz.
2203	Ζιι1. 608a19. ἀκοὴ ἀμβλυτέρα ὄψεως πζ5. 886b32. ἀκοῆς
2204	πόρος νυκτὸς μᾶλλον ἀνεῳγμένος πια33. 903a22. τὴν ἀκοὴν
2205	μάλιστα ἐκ γενετῆς πηρȣ͂νται πια1. 898b28. αἱ περὶ τὴν
2206	ἀκοήν, δι' ἀκοῆς ἡδοναί Ηγ13. 1118a7. ηεγ2. 1230b28-
2207	1231a17. — ἡ ὄψις προτερεῖ (celeritate motus) τῆς ἀκοῆς
2208	μβ9. 369b9. cf κ4. 395a17. ἡ κατὰ τὴν ἀκοὴν ἁρμονική
2209	(cf αἰσθητικὴ ἐπιστήμη), opp ἡ μαθηματική Αγ13. 79a2.
2210	— 2. ἀκοή i e τὸ τῆς ἀκοῆς αἰσθητήριον. δυοῖν ὅμμασι ϗ̀
2211	δυσὶν ἀκοαῖς κρίνειν Πγ16. 1287b27. ὁ κόρη ὕδατος, ἡ ἀκοὴ
2212	ἀέρος, συμφυὴς ἀέρι ψγ1. 425a4. β8. 420a4. (etiam ta-
2213	libus locis, quales sunt ἡ ὄσφρησις ϗ̀ ἡ ἀκοὴ πόροι συνά-
2214	πτοντες πρὸς τὸν ἀέρα τὸν θύραθεν Ζγβ6. 744a2, ἔχει ϗ̀ τὴν
2215	ἀκοὴ potest τὸ αἰσθητήριον significare). ἀφὴ τῆς ἀκοῆς ἀνο-
2216	μοία γίγνεται ακ803b8. ἀκοὴ δεξιά, ἀριστερά πλα29. 960
2217	a30. συμπιέζεσθαι τὰς ἀκοάς πια44. 904a22.
2218	ἄκοιλος. ἄκοιλα τὰ τελευταῖα τῆς ἀορτῆς Ζιγ5. 515a31.
2219	ἀκοινώνητος. τὸ τοῖς κακοῖς ἀκοινωνητότερον τγ2. 117b31.
2220	ἀκολασία. περὶ ἀκολασίας Ηγ13-15. ηεγ2. ημα22. πκη.949
2221	a24-950a19 (cf ἀκόλαστος). def Ηβ7. 1107b6. ηεβ3. 1221
2222	a2. αρ1. 1249b31. 3. 1250a20. 6. 1251a16-23. nomen ex-
2223	plicatur Ηγ15. 1119a33sqq. — δαπανηροὶ εἰς ἀκολασίαν
2224	εk τὰς ἀκαλαίας Ζ1 b19b31. 3. 1121b9
2225	ἀκολασταίνειν Ηβ6. 1107a19. ἀκολασταίνων, syn ἀκόλα-
2226	στος Ηγ7. 1114a12.
2227	ἀκόλαστος Ηγ13-15. ηεγ2. ημα22. ὁ ἀκ. λέγεται πολλα-
2228	χῶς ηεγ2. 1230a38-b9. τίνα δεῖ λέγειν ἀκόλαστον Ηη6.
2229	1148a17. ὁ ἀκόλαστος def Ηη8. 1150a21. ηεβ3. 1221
2230	a19. τὰ θηρία ȣ̓́τε σώφρονα ȣ̓́τ᾽ ἀκόλαστα Ηη7. 1149b31.
2231	dist ἀκρατής Ηη2. 1145b16. 4. 1146b20. 11. 1152a4sqq.
2232	ημβ6. 1203a1. ὁ ἀκόλαστος ȣ̓ μεταμελητικός, ἀνίατος Ηη9.
2233	1150b29, 32, 1151a11. ημβ6. 1203b30. ἀκόλαστοι οἱ
2234	πολλοὶ τῶν ἀσώτων Ηδ3. 1121b8. τῶν γυναικῶν αἱ ἀκό-
2235	λαστοι περὶ τὸ ἀφροδισιάζεσθαι, πρὸς τὴν ὁμιλίαν τὴν τῶν
2236	ἀφροδισίων Ζιζ18. 572a12. η1. 582a26.
2237	ἀκολȣθεῖν. μετὰ τȣ̀ς συνδέσμȣς, ȣ̓̀ς ἂν προείπης, ἀποδίδȣ τȣς
2238	ἀκολȣθȣ͂ντας ρ26. 1435a39. — ἡ ἀναθυμίασις ἀκολȣθεῖ τῇ
2239	ὁρμῇ τῆς ἀρχῆς μβ8. 366a7. cf γ1. 370b14. οἱ νέοι οἷοι
2240	ἀκολȣθεῖν τῇ ὁρμῆ Ρβ12. 1389a9. διὰ τὸ τὴν φύσιν αὐτὴν
2241	ȣ̔́τως ἐπάγειν ἀκολȣθȣ͂μεν Οα1. 268a20. τὸ μὴ ἀκολȣθεῖν
2242	τῇ λαιμαργίᾳ Ζμδ13. 696b30. ἀκολȣθεῖν τῷ λόγῳ, τῷ
2243	νόμῳ, ταῖς δόξαις, τῇ ἀναλογίᾳ, ταῖς ὁμοιότησιν, τοῖς φαι-
2244	νομένοις Πδ11. 1295b8 (syn πειθαρχεῖν τῷ λόγ b6). 14.
2245	1298a38. β11. 1273a40. Ηε14. 1137b2. ζ3. 1139b19.
2246	ημα34. 1194a39. ΜΑ5. 986b31. 9. 990b21. ταῖς ἡλικίαις
2247	οἰόμεθα ἀκολȣθεῖν Ηζ12. 1143b8. ἡ ἐποποιία τῇ τραγωδίᾳα
2248	μέχρι τȣτȣ ἠκολȣθησεν, opp ταύτη διαφέρȣσιν πο5. 1449
2249	b10. — sequi videtur causam effectus, propositiones conclu-
2250	sio, conditiones id quod ex iis suspensum est, substantiam
2251	accidens; de his rationibus ἀκολȣθεῖν usurpatur. τῇ ȣ̓σίᾳ ἡ
2252	γένεσις ἀκολȣθεῖ ϗ̀ ταύτης ἕνεκά ἐστιν, ȣ̓χ αὕτη τῇ γενέσει
2253	Ζγε1. 778b5. ἀρχῆς κινηθείσης πολλὰ ἀνάγκη μεθίστασθαι
2254	τῶν ἀκολȣθȣ́ντων Ζγδ1. 766a29, 764b25. cf 10. 778a1,
2255	777b35. ἐκ τȣ͂ ἀκολȣθȣ͂ντος προτρέπειν ἢ ἀποτρέπειν Ρβ23.
2256	1399a11, 13 (syn ἕπεσθαι a10). ἀκολȣθεῖ ὡς ἐπὶ τὸ πολὺ
2257	ἐὰν θάτερα πλεοναχῶς λέγηται, ϗ̀ θάτερα πλεοναχῶς λέγε-
2258	σθαι Ηι1. 1129a23. ἀκολȣθεῖν καθ᾽’ ὁμοιότητα Ηη11. 1151
2259	b34. οἱ βίοι ἀκολȣθȣ͂σι κατὰ ταύτας τὰς διαιρέσεις sim Ζιθ2.
2260	590a16, 18. γ2. 517a3. ἀναγκαῖον ἀκολȣθεῖν ψυχομένῳ
2261	τῷ ζῴῳ γίνεσθαι τȣ͂το τὸ μόριον Ζγδ1. 764a28. ἀκολȣθεῖν
2262	ἀπό τινος Φζ4. 235b1. ἐὰν αἱ τρίχες ὥσι λευκαί, ȣ̓κ ἀκο-
2263	λȣθεῖ τῷ δέρματι λευκότης Ζγε4. 784a27. ἀκολȣθεῖ τῷ με-
2264	γέθει ἡ κίνησις· διὰ γὰρ τὸ τὸ μέγεθος εἶναι συνεχὲς ϗ̀
2265	κίνησίς ἐστι συνεχής Φδ11. 219a11, b15. 12. 220b24. μᾶλ-
2266	λον ἀκολȣθȣ͂σι παιδεία ϗ̀ εὐγένεια τοῖς εὐπορωτέροις Πδ8.
2267	1293b37. τῇ δικαιοσνη ἀκολȣθȣ͂σιν αἱ ἄλλαι ἀρεταί Πγ13.
2268	1285a39. ηεγ5. 1232a31. cf Πβ6. 1265a34. αἱ ἄλλαι δια-
2269	φοραὶ ταύταις ἀκολȣθȣ͂σι Ζμβ1. 646a18. τὰ ἤθη σχεδὸν ἀεὶ
2270	τȣ́τοις (τῷ φαύλῳ ϗ̀ τῷ σπȣδαί) ἀκολȣθεῖ μόνοις· κακίᾳ
2271	γὰρ ϗ̀ ἀρετῇ τὰ ἤθη διαφέρȣσι πάντες πο2. 1448a3. ἐπεὶ
2272	τὸ ἀγαθὸν διχῶς, ϗ̀ αἱ φύσεις ϗ̀ αἱ ἕξεις ἀκολȣθήσȣσιν Ηη13.
2273	1152b28. cf Μδ10. 1018a36. ἀκολȣθȣ͂σι ταύτη αἱ ἄλλαι
2274	μεταβολαί Μη1. 1042b3. cf μα3. 340b17. ἀκολȣθεῖ διχῶς,
2275	ἢ ἅμα ἢ ὕστερον Ρα6. 1362a29, 36. εὐθὺς ἀκολȣθεῖν γε-
2276	νομένοις, dist προιȣ́σης τῆς ἡλικίας γίνεσθαι Ζγε1. 778a27.
2277	ἐν ἀκολȣθεῖ βέλτιστον ηθος τῇ εὐτυχίᾳ Ρβ16. 1391b2. cf
2278	9. 1386b25. συμβαίνει ταῖς τοιαύταις ἕξεσι τὰ τοιαῦτα
2279	ἀκολȣθεῖν Ρα10. 1369a20, 27 (syn ἐπακολȣθεῖν a22). τῷ
2280	μεμνημένῳ ἀκολȣθεῖ φαντασία τις ȣ̔͂ μέμνηται Ρα11. 1370
2281	a29. τὰ ἀκολȣθȣ͂ντα (sc ταῖς αἰσθήσεσι) ϗ̀ κοινά, οἷον κίνησις
2282	μέγεθος ψγ1. 425b5. ἡ ἁφὴ ϗ̀ γεῦσις ἀκολȣθεῖ πᾶσι ζῴοις
2283	ἐξ ἀνάγκης αι1. 436a13. τὰ ταῖς δημοκρατίαις ἀκολȣθȣ͂ντα
2284	ϗ̀ δοκȣ͂ντα εἶναι τῆς πολιτείας οἰκεῖα ταύτης Πζ1. 1317a30,
2285	20. τὸ κοινὸν ἀκολȣθεῖ πᾶσι τοῖς καθ’ ἕκαστον Ζγδ3. 768
2286	b13. — inde ἀκολȣθεῖν τινί eadem vi usurpatur, atque ὑπάρ-
2287	χειν τινί, κατηγορεῖσθαί τινος (cf ἕπεσθαι. Steinthal p. 222)
2288	Αα5. 26b6, 9. 27. 43b4, 19, 31 et saepe. ε12. 13. ΜΑ1.
2289	981a27 Bz. δ6. 1016b35. Φε4. 228b30. ημβ6. 1203
2290	b19, 25. 11. 1209a7, b32 al. ἀκολȣθεῖν παντί, ȣ̓δενί Αα4.
2291	26b6. ἀκ. ἀντιφατικῶς, ἀντεστραμμένως ε13. 22a34. ἀκ.
2292	ἀνάπαλιν τβ8. 114a4. ἥτοι ταὐτά ἐστιν ἢ ἀκολȣθεῖ ἀλλή-
2293	λοις Αα13. 32a24, 27. cf Μγ2. 1003b23. ψγ1. 425b8.
2294	ἀκολȣθȣ͂ν πᾶσι τὸ ὂν ϗ̀ τὸ ἐν (syn ἕπεσθαι) τδ6. 127a26, 27.
2295	1410a4. — ἀκολȣθησις τῷ λόγῳ ηεγ1. 1229a1. — πρότε-
2296	ρον λέγεται τὸ μὴ ἀντιστρέφον κατὰ τὴν τȣ εἶναι ἀκολȣ-
2297	θησιν Κ12. 14a30. cf a35, b12. 13. 14b28, 15a6, 8. —
2298	ἀκολȣθησις logice, cf ἀκολȣθεῖν i q κατηγορεῖσθαί τινος. αἱ
2299	ἀκολȣθήσεις ε13. 22a14. ἡ τῶν ἑπομένων ἀκολȣθησις τι28.
2300	181a23. αἱ τῶν ἐναντίων ἀκολȣθήσεις τβ9. 114b14. ἀκο-
2301	λȣ́θησις ἐπὶ ταὐτά τβ8. 113a28, 30, 33, 114a2 al. ἀνά-
2302	παλιν ἡ ἀκ., ἡ κατὰ τὴν ἀντίφασιν ἀκολȣθησις τβ8. 113
2303	b15, 19, 25sqq. ι28. 181a30. ἡ κατὰ τὰς ἀντιθέσεις ἀκο-
2304	λȣ́θησις τι28. 181a26. ἡ ἀκολȣθησις ἀντιστρέφει τι5. 167b2.
2305	ἀκολȣθητικὸς τοῖς πάθεσι, τῇ φαντασία Ηα1. 1095a4. η8.
2306	1150b28. ταῖς ἐπιθυμίαις Ρβ12. 1389a5. τῷ λόγον ἔχοντι
2307	ηεβ1. 1220a10.
2308	ἀκόλȣθος. χρῆσθαι γυναιξὶ ϗ̀ παισὶν ὥσπερ ἀκολȣ́θοις Πζ8.
2309	1323a6. τὸ ἀκόλȣθον γένος τῶν κυνῶν, dist τὸ θηρευτικόν
2310	Ζιι1. 608a30. — ἀκόλȣθον τοῖς εἰρημένοις, δόξειε δ᾽ ἀκό-
2311	λȣθον εἶναι διελθεῖν Πζ8. 1321b4. Ηδ4. 1122a18 (cf ἕπε-
2312	σθαι). — τὸ καλὸν ϗ̀ τὸ ἡδὺ ϗ̀ τὰ τȣτοις ἀκόλȣθα ρ7. 1427
2313	b40. — τὸ ἀκόλȣθόν τινι i q ἀκολȣθȣ͂ν τινί (cf h v) τβ4. 111
2314	b22 (i e ὃ ἔστιν, εἰ τὸ προκείμενον ἔστι). 5. 112a17, 22
2315	(veluti ἀκόλȣθον ἀνθρώπῳ ζῷον, δίπȣν al). — ἀκολȣ́θως
2316	φτβ10. 829b39.
2317	ἀκονᾶν. πρίων ἀκονώμενος πζ5. 886b10. inde ἀκονωμένȣ scri-
2318	bendum videtur pro ἀκοινȣμένȣ πλε3. 964b37.
2319	ἀκόνη. τὰς ἀκόνας τȣ͂ μολίβδȣ τήκεσθαι f 204. 1515a27.
2320	cf 205. 1515a33.
2321	ἀκόνιτος. τὰ ἀκόνιτα τῶν ἀγγείων σπᾷ τὸ ὕδωρ εἰς αὐτά
2322	Ζγβ4. 739b12.
2323	(opp στηρίζεσθαι).
2324	ἀκόντιον. ἔχων ἀκόντια Ρβ20. 1393b17.
2325	ἀκοπίαστος ὁδός κ1. 391a12.
2326	ἄκοπος. τοῖς τετράποσιν ἄκοπον τὸ ἑστάναι Ζμδ10. 689b17.
2327	περίπατοι ἀκοπώτεροι, opp κοπιαρώτεροι πε1. 880b16. 10.
2328	881b20. 23. 883a24. ἡ συνήθεια ἄκοπον πε12. 882a1. —
2329	ἄλυπον ϗ̀ μετὰ τὰς ἐργασίας ἄκοπον Ζικ1. 633b20, 24.
2330	ἀκοπώτεροι πολλοὶ ἐμέσαντες πε7. 881a37. — σῖτος ἐαθεὶς
2331	ἐν τῷ ψύχει πολλὰ ἔτη γίνεται ἄκοπος πιδ2. 909a19.
2332	1308b26, vel id quod expetitur Πβ7. 1267a3, 9. ε5. 1305
2333	a32. ἄκος ἐπὶ πάσῃ ὑπερβολῇ Πγ7. 1408b1. ȣ̓κ ἐπιζητεῖν
2334	εἰ μὴ παρὰ φιλοσοφίας ἄκος Πβ7. 1267a12.
2335	ἀκοσμία ἀκολȣθεῖ τῇ ἀκολασίᾳ αρ6. 1251a22. — κόσμος τὸ
2336	σύμπαν, ἀλλ' ȣ̓κ ἀκοσμία κ6. 399a14. cf f 16. 1477a1. —
2337	ἀκοσμία τῶν δυνατῶν (apud Cretenses) Πβ10. 1272b8.
2338	ἀκȣάζεσθαι (Hom ι7) Πθ3. 1338a29.
2339	ἀκȣειν. ἅμα ἀκȣ́ει ϗ̀ ἀκήκοε αι6. 446b2 (cf αἰσθάνεσθαι α).
2340	ἀκȣ́εται ἐν ἀέρι ϗ̀ ὕδατι ψβ8. 419b18. ἐκπνέοντες ἧττον
2341	ἀκȣ́ȣσιν ἢ εἰσπνέοντες Ζγε2. 781a30. cf πια41. 903b34. 48.
2342	904b11. 44. 904a16. τῶν ζῴων τίνα ȣ̓κ ἀκȣει, cf ἀκοό
2343	μᾶλλον ἑνὸς ἀκȣ́οντες συνίεμεν ἢ πολλῶν ἅμα ταὐτὰ λε-
2344	γόντων ακ 801b16. ἀκȣ́ει (τὸ τῆς ἀκοῆς αἰσθητήριον) ȣ̓ μό-
2345	νον κατ’ εὐθυωρίαν ἀλλὰ πάντοθεν Ζμβ10. 656b28. ἔστι
2346	μὲν ὡς τὸ αὐτὸ ἀκȣ́ει ὁ πρῶτος ϗ̀ ὁ ὕστερος, ἔστι δ' ὡς
2347	a15. οἱ φυσικοὶ λόγοι, τὸ ὁρᾶν ϗ̀ τὸ ἀκȣειν φάσκοντες εἶναι
2348	λυπηρόν, ἀλλ᾽ ἤδη συνήθεις ἐσμέν, ὡς φασίν Ηη15. 1154b8.
2349	— ἄκȣειν c gen μικρȣ͂ ψόφȣ Οα11. 281a22. ἀκȣ́ειν μὲν
2350	τȣ͂ λόγȣ, παρακȣ́ειν δέ Ηη7. 1149a26. ἀκȣσάτω τȣ͂ Ησι-
2351	Πδ14. 1298a19. absol συνομοιοπαθεῖ ὁ ἀκȣ́ων τῷ παθη-
2352	τικῶς λέγοντι Ργ7. 1408a23. ȣ̓χ ἡ ἀπόδειξις αἰτία, ἀλλ' ὁ
2353	ἀκȣ́ων Αγ24. 85b22. — ἀκȣειν i q λέγεσθαι. Ἀγαμέμνων
2354	κακῶς ἀκȣ́ων ἠνείχετο Ππ14. 1285a11. ἀρχὴν ταύτην ἄξιον
2355	opp ἀνήκȣστον ψβ9. 421b4. τὸ φωνῆεν ἔχει φωνὴν ἀκȣστήν
2356	πο20. 1456b26. ὁ λόγος αἴτιος τῆς μαθήσεως ἀκȣστὸς ὡν
2357	αι1. 437a13. τὸ ἀκȣστὸν ὑπὸ τȣ͂ ὁρατȣ͂ πέφυκε φθάνεσθαι
2358	κ4. 395a17. τὸ ἀκȣστὸν μόνον ἧθος ἔχει τῶν αἰσθητῶν πιθ
2359	27. 919b26.
2360	ἀκȣσιος. κινεῖταί τινας ϗ̀ ἀκȣσίȣς κινήσεις ἔνια μέρη τῶν ζῴων
2361	Ζκ11. 703b4. περὶ ἑκȣσίȣ ϗ̀ ἀκȣσίȣ Ηγ1-3. ηεβ7-9. ημα
2362	12-16. δοκεῖ ἀκȣσια τὰ βίᾷ ἢ δι ἄγνοιαν γινόμενα Ηγ1.
2363	1109b35. τὰ βίᾳ ϗ̀ ἀπάτη ἀκȣ́σια Ρc15. 1377b5. ἀκȣ́-
2364	δὲ ϗ̀ ἀντὶ τῶνδε ἑκȣσια Ηγ1. 1110a8b7. ἀκȣσια συναλ-
2365	λάγματα Ηε5. 1131a3. φονικȣ͂ εἴδη τὰ ἐκ προνοίας, τὰ
2366	ἀκȣ́σια Πδ16. 1300b26. δικάζειν φόνȣ ἀκȣσίȣ f 417. 1547
2367	b28. — ἀκȣσίως πράττειν Ηγ2. 1111a2. 3. 1111a28.
2368	σίως Ρβ23. 1397a14 (fr trag adesp 55).
2369	ἄκȣσις, ἡ κατ᾽ ἐνέργειαν ἀκοή, ἡ τȣ͂ ἀκȣστικȣ͂ ἐνέργεια ψγ2.
2370	426a1, 7, 12. αι3. 439a16. opp κωφότης τε6. 135b32.
2371	ἀκȣσματα, syn ἀκροάματα Ηκ4. 1174b28. 2. 1173b18.
2372	ἀκȣσματα ϗ̀ ὁράματα ἀνελευθερίας Πη17. 1336b2. 
2373	ἀκȣστικὸς τȣ͂ πατρός Ηα13. 1103a3. — τὸ ἀκȣστικόν: ἡ τȣ͂
2374	ἀκȣστικȣ͂ ἐνέργεια (cf ἄκȣσις) ψγ2. 426a7.
2375	ἄκρα. (φλεβῶν τινῶν) σχίζεται ἄκρα ἑκατέρα, ἡ μὲν ἐπὶ τὸν
2376	μέγαν δάκτυλον, ἡ δ' ἐπὶ τὸν ταρσόν Ζιγ2. 512a6. λευ-
2377	σπασμέναι φαίνονται ἐν τῇ θαλάττη μγ4. 373b10. ἡ Ἱππȣ
2378	ἄκρα θ134. 844a8.
2379	Ακραγαντ:νος Ἐμπεδοκλῆς Οα10. 279b16. Ακραγαντίνων
2380	πολιτεία f436.
2381	ἀκραίπαλος πγ17. 873b11.
2382	ἀκρασία. περὶ ἀκρασίας Ηη1-11. ημβ4-6. πκη949a24-950
2383	a19. def Ηη6. 1147b22. 7. 1149b25. 9. 1150b34. ηεη2.
2384	1237a9. Ρα12. 1372b13. β19. 1392b23. αρ6. 1251a23-
2385	29 (cf ἀκράτεια). πκη3. 949b15. ἀκρασία πόλεως Πε9.
2386	θηριότης Ηη1. 1145a16 sqq. 9. 1150b33, 35. ημβ4. 5. Ρα10.
2387	1368b14. (πότερον ἔστι τις σπȣδαία ἀκρασία Ηη3. 1146
2388	a19). ἀκρασία θηριώδης, νοσηματώδης, ἁπλῶς Ηη6. 1148
2389	b19, 35, 1149a19. ἀκρασία παρακολȣθεῖ τῇ ἀφροσύνῃ αρ6.
2390	ἀκρασία. dist μαλακία ημβ6. 1202b33. cf Ηη1. 1145a35.
2391	2. 1145b9. ἀκρασία ἁπλῶς, κατὰ μεταφοράν Ηη7. 6. 1147
2392	b22. ημβ6. 1202a33 sqq. πκη3. 949b14. ἀκρασίας τὸ μὲν
2393	προπέτεια τὸ δ' ἀσθένεια Ηη8. 1150b19 sqq. ἀκρασία προ-
2394	τρεπτική (προπετική?). ἀσθενιή ημβ6. 1203a30sqq.
2395	ἀκράτεια daf ἕρ1. 1250a1. 3. 1250a22 (cf ἀκρασία6. 1251
2396	a23-29).
2397	ἀκρατεύεσθαι, def ἐνεργεῖν κατὰ την ἀκράτειαν ηεβ7. 1223
2398	a38, b9. Ηη5. 1147a24. πῶς ὑπολαμβάνων ἀκρατεύεταί τις
2399	Ηη3. 1145b21, 30. 5. 1146b25, 1147b1, 18. τῶν ἀκρα-
2400	σιῶν, ἢν οἱ μελαγχολικοὶ ἀκρατεύονται Ηη11. 1152a28.
2401	ἀκρατευτικὰ ἀδικήματα, dist ὑβριστικά, κακȣργικά Ρβ16.
2402	1391a19.
2403	ἀκρατής, def Ηη2. 1145b11. 6. 1148a4-11. 9. 1151a4, 20
2404	28. ι4. 1166b8. ηεβ7. 1223a37. 8. 1224b19. ψγ9. 433a3.
2405	τζ8. 146b25. πκη2. 949b6. 7. 949b38. πότερον εἰδὼς πράτ-
2406	τει Ηη5. 2. 1145b12. ὁ ἀκρατὴς μεταμελητικός, ἰατός, ἡμι-
2407	πόνηρος Ηη9. 1150b30 sqq. 11. 1152a17. ημβ6. 1203b30.
2408	τὰ θηρία ȣ̓κ ἀκρατῇ Ηη5. 1147b4. ἀκρατής, dist ἀκόλα-
2409	στος Ηη11. 1152a4sqq. 9. 1151a20-28. 6. 1148a13 sqq.
2410	ημβ6. 1203a1. opp ἐγκρατής, dist μαλακός Ηη8. 1150
2411	a33, 13, 14. 6. 1147b23. ημβ6. 1202b36. dist πονηρόε
2412	Ηη11. 1152a20-24. ἀκρατεῖς τὴν προπετῆ ἀκρασίαν (opp
2413	τὴν ἀσθενῆ) Ηη8. 1150b26. ἀκρατὴς ἁπλῶς, dist ἀκρατὴς
2414	κατὰ μέρος sive κατὰ πρόσθεσιν, veluti θυμȣ, τιμῆς, κέρ-
2415	δȣς al Ηη6. 2. 1145b19. 3. 1146b3-5. 4. 1146b19. 6. 1147
2416	b33, 1148a11. 8. 1150b11. ημβ6. 1202a32, 35. πκη3.
2417	949b13, 14. ἀκρατὴς πρὸς τὸν οἶνον sim, περὶ τὰ πόματα
2418	Ζιθ4. 594a10. Ζγδ7. 774a4. Ζμδ11. 691a3. ἀκρατεῖς τῆς
2419	κεφαλῆς, τῶν ὄπισθεν Ζγβ6. 744a31. Ζιι12. 615a23. —
2420	ἀκρατῶς βοτεύειν Ηγ7. 1114a15.
2421	ἀκράτητον ὑπὸ τῆς φύσεως ϗ̀ ἄπεπτον μδ7. 384a33.
2422	ἀκράτισμα. ἕως ἀκρατίσματος ὥρας Ζιζ8. 564a20.
2423	ἀκρατοποτȣ͂σιν οἱ οἰνόφλυγες πγ5. 871a28. 26. 874b23.
2424	ἄκρατος. ζωρότερον κέραιε' ȣ̓ (σημαίνει) τὸ ἄκρατον ὡς οἰνό-
2425	φλυξιν πο25. 1461a15. πομα ἧττον ἄκρατον πκα20. 929
2426	a36. μελίκρατον ἄκρατον, opp ὑδαρές Μν6. 1092b30. μᾶλ-
2427	λον κραιπαλῶσιν οἱ ἀκρατέστερον πίνοντες ἢ οἱ ὅλως ἄκρατον
2428	πγ3. 871a16. 14. 873a4. (cf εὔκρατος πγ22. 874a28). —
2429	αὐτὸ ἂν μάλιστα ἕκαστον ἦν ἄκρατον ὄν Ζγα18. 723a20.
2430	μέλαν ἄκρατον χ5. 795a9, b30, 796a3. ἀκρατέστερον ἄν-
2431	θος χ4. 794b6. ἶρις ἄκρατος μγ4. 375a10. ὀλιγαρχία ἄκρα-
2432	τος ϗ̀ τελευταία Πε10. 1312b35. δ11. 1296a2. β12. 1273
2433	b37. κακὸν ἄκρατον Μν4. 1091b37. ἄκρατος τῆς διανοίας
2434	ὀργή (cf Ἀλκιδάμας) Ργ3. 1406a10. λόγος ἄκρατος Μγ4.
2435	1009a4. — τὸ κεκραμένον τȣ͂ ἀκράτȣ πᾶν ἥδιον (de sonis,
2436	cf ἄμικτον) πιθ38. 921a4.
2437	ἀκρέμων. οἱ ἀκρέμονες, dist τὰ φύλλα φτβ10. 829b8.
2438	ἀκρίβεια τῶν φθόγγων ακ801b2, 804a28, 31. κατ᾽ ἀκρί-
2439	βειαν ἔντορνος ὁ κόσμος Οβ4. 287b15. τὸ ἔμβρυον ἀπαρτί-
2440	ζεσθαι πρὸς ἀκρίβειαν f 257. 1525a26. ἀκρίβειαν τȣ́των
2441	(τῶν κινήσεων) ȣ̓δεμίαν ὑποληπτέον Ζιη3. 583b5. — ἡ πόρ-
2442	ρωθεν ἀκρίβεια τῶν αἰσθήσεων, ἡ περὶ τὰς διαφορὰς ἀκρί-
2443	βεια τῶν αἰσθήσεων Ζγε2. 781b17, 2. ἡ τῆς διανοίας ἀκρί-
2444	βεια Ζι7. 612b21. τὴν ἀκρίβειαν ȣ̓ δεῖ ὁμοίως ἐν ἅπασιν
2445	ἐπιζητεῖν Ηα7. 1098a27. εἴδησις (δύναμις) τιμιωτέρα ἑτέρα
2446	ἑτέρας κατ' ἀκρίβειαν ψα1. 402a2. Αδ19. 99b34. ȣ̓ τὴν
2447	αὐτὴν ἀκρίβειαν δεῖ ζητεῖν διά τε τῶν λόγων ϗ̀ διὰ τῆς
2448	αἰσθήσεως Πη7. 1318a20. πρὸς ἀκρίβειαν, opp πρὸς ὄψιν
2449	αν16. 478b1. εἰς ἀκρίβειαν Πη11. 1331a2. τῇ ἀκριβείᾳα
2450	τῶν νόμων γλαφυρώτερος Πβ12. 1274b7. δι' ἀκριβείας λέ-
2451	γειν, γράφειν, διορίζειν, ἀποδȣ͂ναι, ἰδεῖν Αα1. 24b14. τη3.
2452	153a11. Φα8. 191b29. 9. 192a35. Ζια6. 491a9 (opp ἐν
2453	τύπῳ). 13. 493b1. Ζμα5. 644b35. Ζγα20. 728b12. γ2.
2454	753b14. Ηκ3. 1174b2. αν12. 477a6. κ6. 397b11. κατ.
2455	ἀκρίβειαν ζητεῖν ηεη2. 1236b18. — ὅπȣ μάλιστα ὑποκρί-
2456	xaας, ἐνταῆθȣ ἤατ ἵρ6 5 Ρ71a. 111a16. —
2457	plur ὡς ἐνδέχεται λαμβάνειν τῶν τοιȣ́των τὰς ἀκριβείας
2458	μβ5. 362b25.
2459	ακριβής. δεικνύναι, συλλογίζεσθαι ἀκριβέστερον, opp μαλα-
2460	κώτερον Μκ7. 1064a7. Ρβ22. 1396a34. ἀρχαὶ ἢ ἀκριβέ-
2461	στεραι ἢ ἁπλȣ́στεραι Με1. 1025b7. ἀντὶ λόγȣ ἁπλȣ͂ ἀκρι-
2462	βέστερος Μζ4. 1030a16. τοῖς μὲν ἀκριβέστερον τοῖς δὲ
2463	ἀμαυρῶς Οα9. 279a29. vν μὲν ἱκανῶς πρὸς τὴν παρȣ͂σαν
2464	χρείαν, ἀκριβέστερον δὲ πάλιν Οα3. 269b21. ἀκριβῆ λόγον
2465	ἀποδȣ͂ναι, opp τύπῳ περιλαβεῖν τα1. 101a21. ἀκριβὴς ϗ̀ πε-
2466	ριττὴ διάνοια τζ4. 141b13. ἀκριβὲς ἐν ὑπολήψει, syn σαφές
2467	τβ4. 111a9. ὅροι μήτε ἀσαφεῖς μήτε ἀκριβεις Ρα10. 1369
2468	b32. ἐν οἷς τὸ ἀκριβὲς μή ἐστιν ἀλλὰ τὸ ἀμφιδοξεῖν Ρα2.
2469	1356a8. ὑποπτεύειν ϗ̀ μηδὲν ἀκριβὲς ἔχειν πκθ13. 951b35.
2470	— τὸ τȣ ἀριθμȣ μέτρον ἀκριβέστατον Μα1. 1053a1. κι-
2471	νεῖσθαι ἐν ἀκριβεστάτοις μέτροις κ5. 397a10. ἀκριβέστεραι
2472	ἀνάγκαι Οβ5. 287b34. αἰσθητήριον ἀκριβές. αἴσθησις ἀκρι-
2473	βής, ἀκριβεστέρα ψβ9. 421a12, 10 (opp χείρων). αι6. 446
2474	a12. Ζια15. 494b16. Ζμβ2. 648a19, cf ἀκρίβεια. διώρισται
2475	ἀκριβέστερον τη3. 153a25. ὁρισμὸς ἀκριβής Ηθ9. 1159a3.
2476	διὰ λογικωτέρων ϗ̀ ἀκριβεστέρων λόγων Μμ5. 1080a10.
2477	cf λ8. 1073b16. οἱ ἀκριβέστεροι τῶν λόγων ΜΑ990b15. μ4.
2478	1079a11. σαρκὸς ϗ̀ νεύρȣ οἱ λόγοι ȣ̓κ ἀκριβεῖς μδ12. 390a19.
2479	ὁ ἀκριβέστατος ἑκάστȣ λόγος Πγ4. 1276b24. τὴν σοφίαν τοῖς
2480	ἀκριβεστάτοις τὰς τέχνας ἀποδίδομεν Ηζ7. 1141a9. ἀκριβέστε
2481	ροι γενόμενοι, opp ἐξ ἀρχῆς τζ4. 142a4. — ἀκριβέσταται ἐπι-
2482	στῆμαιΟγ7. 306a27. Ηζ7. 1141a16. Ρα1.1355a24. αἱ ἀκρι-
2483	βεῖς ϗ̀ αὐτάρκεις τῶν ἐπιστημῶν Ηγ5. 1112b1. ἀκριβεστέρα
2484	ἀπόδειξις ἡ μᾶλλον ἐξ ἀρχῆς Αγ24. 86a17. ἀκριβεστέρα ἐπι-
2485	στήμη τίς Αγ27. ἀκριβέσταται τῶν ἐπιστημῶν αἢ μάλιστα
2486	τῶν πρώτων εἰσίν ΜΑ2. 982a25 Bz. μ3. 1078a10. ἡ
2487	ἀκριβεστάτη τῶν ἐπιστημῶν ἡ σοφία Ηζ7. 1141a16. ἀκρι-
2488	βεστέρας ἔχειν γνώσεις ἀποδείξεως Αδ19. 99b27. τὸ ἀκριβὲς
2489	ȣ̓χ ὁμοίως ἐν ἅπασι τοῖς λόγοις ἐπιζητητέον Ηα1. 1094b13,
2490	24. — τὸ ἀκριβὲς ἀνελεύθερον εἶναι δοκεῖ Μα3. 995a10.—
2491	λόγος ἀκριβής, i e oratio exquisita, elaborata Ργ17. 1418b1.
2492	εν τῇ δημηγορικῇ τὰ ἀκριβῆ περίεργα, ἡ δὲ δικανικὴ ἀκρι-
2493	βεστέρα Ργ12. 1414a9, 10. ἀκριβὴς ὥσπερ λογογράφος
2494	Ργ12. 1413b13. — ἐπιθεωρεῖν τὰ μεγάλα τῶν ἠθῶν ϗ̀ τὰ
2495	ἀκριβῆῇ ϗ̀ τὰ μέτρια ρ23. 1434b30 — ἀκριβῶς. τύπῳ ϗ̀
2496	ȣ̓κ ἀκριβῶς Ηβ2. 1104a2. ἀποδεῖξαι ἢ ἀκριβῶς ἢ μαλα-
2497	κῶς Γβ6. 333b25. ἀκριβῶς διαριθμήσασθαι ϗ̀ διαλαβεῖν εἰς
2498	εἴδη Ρα3. 1359b3. ἀκριβῶς ὁρᾶν, ὀσφραίνεσθαι, θεωρεῖν Ρα7.
2499	1364a38. Πγ9. 1280b28. ῥυθμὸν ἔχειν μὴ ἀκριβῶς, syn
2500	μέχρι τȣ πο8. 1408b31, 32. ȣ̓κ ἀκριβῶς λέγονται οἱ λόγοι
2501	Μζ6. 1031a7. καθ' αὐτὸ ϗ̀ ἀκριβῶς λέγειν μα3. 341a14.
2502	ȣ̓χ ὁμοίως ἀκριβῶς ἔχειν Πβ6. 1265b2. — (Wzad Αγ13.
2503	78b32).
2504	ἀκριβοδίκαιος ἐπὶ τὸ χεῖρον Ηε14. 1138a1.
2505	ἀκριβολογεῖσθαί τι Ρα10. 1369b2. διατρίβειν ἀκριβολογȣ-
2506	μένȣς Πη12. 1331b18. ἀκριβολονγεῖσθαι, opp ἐκ παρόδȣ τὰς
2507	λόγȣς ἀποδέχεσθαι Ογ8. 306b27. opp ἀκολȣθεῖν ταῖς ὁ-
2508	μοιότησιν Ηζ3. 1139b19. ἀκριβολογεῖσθαι κατὰ μέρος, opp
2509	καθόλȣ λέγειν Πα11. 1258b34. — ȣ̓χ ἅπαντα ἀκριβολογη-
2510	τέον Ργ1. 1404a37.
2511	ἀκριβολογία Ρα5. 1361b34. ἡ μαθηματικὴ ἀκριβολογία
2512	Μα3. 995a15. ἡ καθ᾽ ἕκαστον ἀκριβολογία, opp νομικῶς
2513	διελεῖν Πθ7. 1341b30. τοιαύτην ȣ̓κ ἐπραγματεύθησαν ἀκρι-
2514	βολογίαν Ζιγ3. 513a10. — ἡ ἀκριβολογία μικροπρεπές Ηδ4.
2515	1122b8.
2516	ἀκριβȣν. ἡ διάμετρος βȣ́λεται μὲν κατὰ τὸν διὰ παντὸς εἶναι
2517	φαινόμενον, ȣ̓κ ἀκριβοῖ δέ μβ6. 363b32. ἡ φύσις ȣ̓κ ἀκριβοι
2518	Ζγδ9. 778a6. ζῷά τινα ȣ̓κ ἀκριβώσει περὶ τὰς διαφορὰς
2519	τῶν χρωμάτων Ζγε1. 780b26. κατὰ τὴν ἀφὴν διαφερόντως
2520	ἀκριβἐν, opp λείπεσθαι τῶν ἄλλων ζῴων ψβ9. 421a22. μὴ
2521	ἀκριβȣ͂ν, syn πταίειν, σφάλλεσθαι τῇ γλώττη πγ31. 875
2522	b28. πρότερον δύνανται τῇ λέξει ἀκριβȣ͂ν ἢ τὰ πράγματα
2523	συνίστασθαι πο6. 1450a36. cf διακριβȣν, ἐξακριβȣν. — ἠκρι-
2524	βῶσθαι πρὸς πᾶσαν ἀρετήν Πγ7. 1279b1. εἰκόνες μάλιστα
2525	ἤκριβωμέναι πο4. 1448b11.
2526	ἀκρίς, insectum, refertur inter τὰ πηδητικὰ ἔντομα Ζιδ7.
2527	531b20, 532b10. ε19. 550b22, 32. Ζμδ 6. 683a33. Ζγα
2528	16. 721a2, 4. ἀκρίδος μέγεθος Ζιθ3. 593b23. ἑξάπȣς. ὄπι-
2529	σθεν ἔχει τὰ πηδαλιώδη Ζμδ6. 683a36. ἔχει κοιλίαν ϗ̀ ἀπὸ
2530	ταύτης τὸ λοιπὸν ἔντερον εἱλιγμένον Ζιδ7. 532b10. θήλεσι
2531	τὸ ταῖς ὑστέραις ἀνάλογον μόριον ἐσχισμένον παρὰ τὸ ἔν-
2532	τερον Ζγα16. 721a23. θηλειῶν ϗ̀ ἀρρένων τίνες αἱ διαφοραί
2533	Ζιε28. 555b20, 21, 556a1, 2. — ἐκ συγγενῶν γίγνονται,
2534	συνδυάζονται Ζιε19. 550b32. Ζγα16. 721a4, sed ἀκρίδες
2535	τινὲς ἐγένοντο αὐτόματοι ἔγκυοι Ζικ6. 637b18. πῶς ὀχεύ-
2536	ονται, πῶς ϗ̀ πότε γίγνονται ϗ̀ ἐκπέττονται σκώληκες, ἐκ-
2537	— πῶς ᾄδȣσι (ψόφον ποιȣ͂σιν) ἀκρίδες Ζικ6. 637b16. δ9.
2538	535b12. φωνὴ λιγυρά ακ804a23. — πῶς μάχονται τοῖς
2539	ὄφεσιν Ζι6. 612a34. ἀκρίδος τι γένος ἐν Ἄργει, ὃ καλεῖται
2540	σκορπιομάχος, πῶς μάχεται θ139. 844b23. ἐν Αἰτωλοῖς
2541	φασὶν ὁρᾶν τȣς ἀσπαλάκȣς σιτεῖσθαι τὰς ἀκρίδας θ147. 847
2542	b4. (criquet C, locusta S, tetigonia Fabr St, non modo acri-
2543	dium genus sed etiam locustina et gryllina F p. 313 n 61,
2544	dubitat M p 222, acridium genus K, refertur ad orthoptera
2545	saltatoria, genus incertum AΖγ 35, acridium AΖιI 156 n 2,
2546	locust acridium et Ζιι 6 spex lacerticida Cr, acridium et Ζιε
2547	28. 555b21 certe locustinarum genus Su 198 n 10).
2548	ἄκριτος ϗ̀ χαλεπὸς ὁ Ὀρίων μβ5. 361b31.
2549	ἀκροάματα ϗ̀ ὁράματα Ηκ2. 1173b18.
2550	ἀκροᾶσθαι πρὸς χάριν Ρα1. 1354b34. δελφῖνος ῥέγχοντος
2551	ἤδη ἠκρόανταί τινες Ζιδ10. 537b3.
2552	ἀκρόασις. αἱ ἀκροάσεις κατὰ τὰ ἔθη συμβαίνȣσιν Μα3. 994
2553	b32. τὸ πλῆθος τῶν τραγῳδιῶν τῶν εἰς μίαν ἀκρόασιν τιθε-
2554	μένων πο24. 1459b22.
2555	ἀκροατής. ἀναλαβεῖν τὸν ἀκροατήν Ρα1. 1354b32. ὁ ἀκροα-
2556	τὴς ἢ θεωρὸς ἢ κριτής Ρα3. 1358b2. πῶς κλέπτεται ὁ
2557	ἀκροατής Ργ7. 1408b5. — Θάλητος ἀκροατὴς Λυκȣ͂ργος
2558	Πβ12. 1274a29. τῆς πολιτικῆς ȣ̓κ οἰκεῖος ἀκροατὴς ὁ νέος
2559	Ηα1. 1095a2.
2560	ἀκροατικός. ἔγραψάς μοι περὶ τῶν ἀκροατικῶν λόγων f612.
2561	1581a41.
2562	ἀκρογένειος. οἱ ἀκρογένειοι εὔψυχοι φ6. 812b24.
2563	ἀκρόδρυον. ȣ̓́τ᾽ ἀκρόδρυα ȣ̓́τ᾽ ὀπώρα χρόνιος Ζιθ28. 606b2.
2564	τὰ ἄλλα τὰ ἀκρόδρυα πκβ8. 930b26 (cf ὀπώρα, οἷον σῦκα
2565	ϗ̀ τὰ τοιαῦτα b20). ἕσμα ὁ αὐχὴν τȣ καρπȣ͂ τῶν ἀκρο-
2566	δρύων f 254. 1525a3, 9.
2567	ἀκροθώραξ. οἱ ἀκροθώρακες, opp οἱ σφόδρα μεθύοντες πγ2.
2568	871a9. 27. 875a29.
2569	ἀκροκώλιον πκγ40. 935b38.
2570	ἀκρόνυχοι ἄνεμοι μβ8. 367b26. — ἀκρόνυχον adverb πκς
2571	18. 942a23.
2572	ἀκρόπολις ρ9. 1429b21. ἡ (ἐν Ἀθήναις) ἀκρόπολις Ρβ23.
2573	1400a33. κ6. 399b34. οβ1347a15. f 374. 1540b3. 402.
2574	1545a31. ἀκρόπολις ὀλιγαρχικὸν ϗ̀ μοναρχικόν Πη11. 1330
2575	b19. — metaph ὥσπερ ἀκρόπολις τȣ͂ σώματος Ζμγ7. 670
2576	a26. ἀκρόπολις σωτηρίας ρ1. 1421a1.
2577	ἀκροποσθία, κοινον δέρμιατος ϗ̀ βαλάνȣ Ζια13. 493a29. διὰ
2578	τί ȣ̓ συμφύεται Ζμβ13. 657b6. (praeputium penis).
2579	ἄκρος, α, ον, τὸ ἄκρον. ἄκρα, i e τὰ μάλιστα ἐναντία, opp
2580	τὰ μέσα, τὰ ἀνὰ μέσον, τὰ μεταξύ Κ10. 12a23. τδ3.
2581	123b25, 124a7, 8. Φδ11. 219a27. ε1. 224b32 (cf b29,
2582	33). 5. 229b20. ζ4. 234b19. Γβ3. 330b33. 5. 332b7. 8. s
2583	335a8. ψβ11. 424a7. Πδ9. 1294b18. τὸ μέσον ἀμφο-
2584	τέρων μετέχει τῶν ἀκρων Ζμγ1. 661b11. ἀμφοτέρων τῶν
2585	ἄκρων τὸ μέσον ἔσχατον Ζκ9. 702b17. ita lineae puncta
2586	extrema τῆς εὐθείας τῶν ἐντὸς τῶν ἄκρων ὁτιȣ͂ν σημεῖον δυ-
2587	νάμει ἐστὶ μέσον Φθ8. 262a23. ἡ Ζ(int γραμμή) ἄκρα, τὸ 
2588	Ζ ἄκρον Φθ8. 262b12, 19. ἅπτεσθαι λέγεται ὧν τὰ ἄκρα
2589	ἅμα Φε3. 226b23. Μκ12. 1068b27. ξύλα ἀπ' ἄκρȣ φέ-
2590	ρειν ἢ κατὰ τὸ μέσον μχ26. 857a5. τȣ͂ πολυαγκίστρȣ τὸ
2591	ἄκρον Ζιδ7. 532b26. ἐπ' ἄκρῳ τῷ δένδρῳ Ζι33. 619b15.
2592	ἐπ᾽ ἄκροις τοῖς πτόρθοις Ζμδ10. 687a1. αἱ αἴγες τῶν ἄκρων Πs
2593	ἁπτόμεναι μόνον Ζιθ10. 596a15. τῶν ἀνθῶν τὰ ἄκρα χ5.
2594	796b29. τὰ ἄκρα τῶν φυτῶν φτβ1. 822b17. γλῶττα ἄκρα
2595	Ζιβ17. 508a25. οἱ τὴν ῥῖνα ἄκραν παχεῖαν ἔχοντες φ6. 811
2596	a28. ἐπ᾽ ἄκρας τῆς καρδίας Ζιβ17. 507a9. ἐπ᾽ ἄκρȣ τῶν
2597	κεράτων Ζιγ9. 517a22. ἐπ' ἄκρων τῶν πτερυγίων Ζιι13. κ0
2598	615b29. ἐπ᾽ ἄκρȣ τȣ͂ ᾠȣ͂ Ζγγ3. 754b9. περὶ ἄκραν τὴν
2599	τῆς κέρκȣ πρόσφυσιν Ζιβ11. 503b13. τὰ τριχώματα λευ-
2600	καίνεται ἐπ᾽ ἄκρȣ Ζγα5. 785a35. τὰ πτερώματα πρὸς τοῖς
2601	ἄκροις ξανθότερα χ6. 798a5, 10. ὁ ὄνυξ ἐπ' ἄκρȣ (τῶν
2602	δακτύλων) Ζια15. 494a15. cf β1. 499a27. ἐπικάμπτειν τὸν ο
2603	δάκτυλον ἀπ᾽ ἄκρȣ Ζιε30. 556b17. τὸ ἄκρον τῆς χειρός
2604	Ζκ8. 702b3. τὰ ἄκρα (τῶν ποδῶν) Ζιδ2. 525b19. (πόδες)
2605	ἐπ' ἄκρȣ, ἐξ ἄκρȣ Ζιβ8. 502b9. δ2. 526a14, 17, 20, b7.
2606	ε32. 557b15. πλεκτάνη ἐξ ἄκρȣ δικρόα Ζιδ1. 524a6. τὰ
2607	ἄκρα τῶν πτερυγίων Ζιι13. 615b29. τὰ ἄκρα τȣ͂ ῥύγχȣς a0
2608	Ζμγ1. 662b15. τὸ ἄκρον τῆς γλώττης Ζια11. 492t28
2609	(opp τὸ πλατ). Ζμβ11. 660b8. ηεγ2. 1231a13. γλῶττα
2610	ἐπ᾽ ἄκρȣ τριχώδης Ζμδ11. 691a7. τὸ ἄκρον τῆς καρδίας
2611	Ζια19. 496a19. β17. 507a5. Ζμγ4. 666b1, τȣ͂ αἰδοίȣ ϗ̀
2612	τῶν ὑστερῶν Ζια13. 493a26. γ1. 510b18, τȣ͂ ᾠȣ͂ Ζιζ10. a
2613	564b31. 13. 567b28. Ζγγ2. 752b12. 3. 754b14, τȣ͂ κέρκȣ
2614	Ζιε17. 549a33. ἐπὶ τὸ ἄκρον (usque ad extremam prtem
2615	corporis) ἐλθὼν ὁ ὄφις Ζιθ4. 594a18. — in enunciatioui-
2616	bus σύνδεσμος τίθεται ϗ̀ ἐπὶ τῶν ἄκρων ϗ̀ ἐπὶ τȣ͂ μέσȣ
2617	πο20. 1457a2. — in civitate ἄκροι i d πλȣ́σιοι et πένητες, 
2618	opp μέσοι Πδ12. 1296b39. in doctrina morali ἄκροι di-
2619	cuntur ὁ ὑπερβάλλων et ὁ ἐλλείπων, opp ὁ μέσος Ηβ7.
2620	1107b31, 1108a7. 8. 1108b24. δ10. 1125b25. αἱ ἄκραι
2621	διαθέσεις Ηβ8. 1108b14. (his cf ἂν ληφθῇ τὰ ἄκρα ἑκα-
2622	τέρων (i e τȣ͂ τε ἄρρενος ϗ̀ τȣ͂ θήλεος), ἡ τὸ μὲν ποιητικὸν 45
2623	ϗ̀ κινȣ͂ν, τὸ δὲ παθητικὸν ϗ̀ κινȣ́μενον, ȣ̓κ ἔστιν ἐκ τȣ́των
2624	τὸ γιγνόμενον ἕν Ζγα21. 729b14). ἡ ἀδικία τῶν ἄκρων ἐστι
2625	Ηε9. 1134a1. τὰ ἄκρα ϗ̀ ἑαυτοῖς ϗ̀ τῷ μέσῳ ἀντίκειται, ἐναν-
2626	τιώτερα ἑαυτοῖς ἢ τῷ μέσῳ Ηβ8. ἐναντιώτερον τοῖς ἄκροις
2627	τὰ μέσα ἢ ἐκεῖνα ἀλλήλοις ηεγ7. 1234a34. τῷ μεγέθει 50
2628	ἄκρος, τῷ δὲ ὡς δεῖ μέσος Ηδ7. 1123b14. τὸ μέσον εἶναί
2629	πως ἄκρον Ηβ6. 1107a23. — ἄκρα termini proportionis
2630	Ηε8. 1133b2. — ἄκρα terminus maior et minor syllogismi
2631	Αα4. 25b34, 36. 31. 46b22. Μζ6. 1031a25, 26. (οἱ ἄκροι
2632	Αδ12. 95b40, οἱ ὅροι Wz). ac terminus maior dicitur τὸ εs
2633	πρῶτον τῶν ἄκρων Αα31. 46b2, τὸ μεῖζον ἄκρον Αα4. 26
2634	a18-22 Wz, τὸ ἄκρον Αα38. 49a26, 37. β8. 59b2. 23.
2635	68b34, 35, 38. δ17. 99a4 (cf a22); terminus minor τὸ
2636	ἔσχατον ἄκρον Αβ8. 59b29, τὸ ἔλαττον ἄκρον Αα4. 26a18-
2637	22, τὸ ἄκρον Αα36. 48a41, b26. β24. 69a13, 18 Wz. — e
2638	τὰ ἄκρα termini medii in secunda ac tertia fgura sylogismo-
2639	rum Αβ27. 70b4 Wz. 23. 68b26 (cfa22). τὸ πρὸς τῷ μείζονι,
2640	ἐλάττονι ἄκρῳ i e propositio maior, minor Αα4. 26b1, 2. —
2641	ἀκρότατος. ἀκροτάτη κορυφῇ (Hom Α 499) κ6. 397b26.
2642	τὸ πρῶτον ϗ̀ ἀκρότατον Οα9. 279a33. ἀκρόταται αἰτίαι Μγ1.
2643	πρακτῶν ἀγαθῶν, αἱρετώτατον ȣ̔͂ τυχεῖν ἔστιν ἀκροτάτȣ Ηα2.
2644	1095a16. Πη2. 1325a7. 14. 1333a30. ἀκροτάτη δόξα Μγ5.
2645	1010a10. ἀκροτάτη πολιτεία, opp κοινή Πδ1. 1288b35.
2646	ἀκροτάτην ἔχει θέαν Φδ2. 209b20. ὑστέραι ἀκρόταται (i e
2647	μάλιστα ψυχραί?) Ζκ7. 638b6. — ἄκρως τȣ͂ μέσȣ τυχεῖν
2648	Ηβ9. 1109a34. οἱ ἄκρως θερμανθέντες φ6. 812a24. —
2649	ἀκρόθεν. ῥὶς ἀκρόθεν παχεῖα φ6. 811a29.
2650	ἀκροστήθιον τὸ ἀπὸ τ͂ ὁμφαλȣ͂ πρὸς τὸ ἀκροστήθιον, τὸ
2651	ἀπὸ τȣ͂ ἀκροστηθίȣ πρὸς τὸν τράχηλον φ6. 810b17.
2652	τὰς ἀκρότητας φτβ9. 829a10. — ἡ ἀκρότης τȣ͂ παρόντος
2653	λόγȣ ἐστὶ διορίσασθαι φτα3. 818a36.
2654	ἄκρȣλοι τρίχες φ6. 812b33.
2655	ἀκροχειρίζεσθαι Ηγ2. 1111a15.
2656	ἀκρόχολοι, def Ηδ11. 1126a18.
2657	ἀκρωμία. ζῷα τετράποδα χαίτην ἔχοντα ἐν τῷ πρανεῖ τȣ͂
2658	αὐχένος ἀπὸ τῆς κεφαλῆς μέχρι τῆς ἀκρωμίας (ὥσπερ ἵπ-
2659	πος, ὀρεύς, βόνασος), ἐπὶ τῇ ἀκρωμία (ἱππέλαφος), ἀπὸ τῆς
2660	630a24. ἄρκτος τῷ στόματι τὴν ἀκρωμίαν δακȣ͂σα κατα-
2661	βάλλει τὸν ταῦρον Ζιθ5. 594b14.
2662	ἀκρώμιον. τὰ ἀκρώμια. χαίτην ἐπὶ τῶν ἀκρωμίων ἔχȣσι βόες
2663	τινὲς ϗ̀ κάμηλοι Ζιθ28. 606a16.
2664	πρὸς ἀμφότερα τὰ ἀκρωτήρια θ130. 843a4. omnino partes
2665	extremae, ἡ κύλιξ κολοβός, ἂν τρυπηθῇ τὸ ȣ̔͂ς ἢ ἀκρώτη-
2666	ριόν τι Μδ27. 1024a25, imprimis corporis animalium par-
2667	tes extremae, χεῖρες, πόδες, δάκτυλοι Ζιγ12. 519a21. Ζγδ4.
2668	iq τῶν δακτύλων τὰ ἄκρα Ζμδ10. 687b24, 690b9. ἀκρω-
2669	τήρια ἰσχυρότερα, λιπαρώτερα, εὐεκτικώτερα φ2. 806b33.
2670	ἀκρωτήρια μεγάλα, ἰσχυρά, ἀσθενῆ, ἐγκρατῆ, τίνων τῆς ψυ-
2671	χῆς παθημάτων σημεῖά ἐστιν Αβ27. 70b17, 35. φ3. 807
2672	περὶ ἔνια ἀκρωτήρια τῶν ὀστῶν Ζιγ8. 517a4.
2673	ἀκτὴ στενοπόρος (apud Lycophronem cf h v) Ργ3. 1405b36.
2674	τὴν ἀκτὴν ταύτην τῆς Ἑὐρώπης Ἰταλίαν τούνομα λαβεῖν
2675	Πη10. 1329b11. περὶ τὰς ἀκτάς, πρὸς ταῖς ἀκταῖς Ζιε15.
2676	619a6. διασημήνασθαι ταῖς ἀκταῖς Ζιε17. 549b18.
2677	ἀκτίς. ἀκτίνεσσιν (Emped 225) αι2. 437b31. ὁ κῶνος ὁ ἀπὸ
2678	τȣ͂ ἡλίȣ συμβάλλει τὰς ἀκτῖνας μα8. 345b6. ἐμπεριλαμ-
2679	βανομένων τῶν τȣ͂ ἡλίȣ ἀκτίνων μβ9. 369b14. ᾖ ἐπαλλάτ-
2680	σχίζεσθαι εἰς ἀχανὲς αἱ ἀκτῖνες μα3. 340a32. ἀκτνες ἀνα-
2681	κλώμεναι μα3. 340a29. 12. 348a17. χ1. 791b1. ξύσματα,
2682	ἂ φαίνεται ἐν ταῖς διὰ τῶν θυρίδων ἀκτῖσιν ψα2. 404a4.
2683	πιε13. 913a10. νυκτὸς ἀπεληλύθασιν ἐκ τȣ ἀέρος αἱ ἀκτῖ-
2684	Ακτορος υiὸς Ποδάρκης f 596. 1576a33.
2685	ἄκυλος. ὑς πιαίνεται ἀκύλοις Ζιθ6. 595a29 (glans ouercus
2686	Hicis).
2687	ἄκυμος τόπος πκγ4. 931b31.
2688	Ρα15. 1376b27, 12. ἄκυρα ψηφνίσματα Ηη10. 1151b15.
2689	ὁ μὲν ἀμφορεὺς κύριος ἦν, ὁ δὲ ἄκυρος f 426. 1548b33, 40.
2690	ποιεῖν τȣ̀ς φαύλȣς νόμȣς ἀκȣ́ρȣς ρ37. 1443b28. ἄκυρον τὸ
2691	τȣ͂ θήλεος βȣλευτικόν Πα13. 1260a13. — τῶν πλεοναζόν-
2692	των (αἰδοίων) τὸ μὲν κύριον τὸ δ᾽ ἄκυρον Ζγδ4. 772b28.
2693	αἱ τῶν ἀκυρότερων περίοδοι ἀκολȣθȣ͂σι ταῖς τῶν κυριωτέρων
2694	Ζγδ9. 778a1.
2695	ἀκωλύτως χωρεῖν κ7. 401b10.
2696	ἄκων. πολιτείαν βίᾳ κατέχειν ἀκόντων Πε4. 1304b12. τὰ
2697	τραματα λυπηρὰ ϗ̀ ἄκοντι ἔσται Ηγ12. 1117b8. dist ȣ̓χ
2698	ἑκών Ηγ2. 1110b21. τὸ Ἐμπεδοκλέȣς εἰς Ἀπόλλωνα προ-
2699	οίμιον ἄκȣσα κατέκαυσεν ἀδελφή f 59. 1485b14. — ἄκων
2700	passive Ρβ6. 1384a20.
2701	ἀλαζονεία, def Ηβ7. 1108a21. ηεβ3. 1221a6. ημα33. 1193
2702	a28. περὶ ἀλαζονείας Ηδ13. ἀκολȣθεῖ τῇ ἀδικίᾳ ἀλαζονεία
2703	αρ7. 1251b2. δι' ἀλαζονείαν Ρα2. 1356a29.
2704	ἀλαζονεύεσθαι Ηδ13. 1127b17, 21. οα4. 1344a19.
2705	ἀλαζονικὸν ἡ ὑπερβολὴ ϗ̀ ἡ λίαν ἔλλειψις Ηδ13. 1127b29.
2706	ἀλαζών, def Ηβ7. 1108a22. δ13. 1127a21. ηεβ3. 1221
2707	a24. γ7. 1234a2. ημα33. 1193a29. ȣ̓κ ἐν τῇ δυνάμει ὁ
2708	ἀλαζών, ἀλλ' ἐν τῇ προαιρέσει Ηδ13. 1127b14. ἀλαζών,
2709	syn προσποιητικὸς ἀνδρείας Ηγ10. 1115b29.
2710	ἀλαμπής, opp στίλβων χ3. 793a12. ὀμμάτιον ἀλαμπές φ3.
2711	807b35.
2712	ἄλας, τὸ θ138. 844b16. φτβ2. 824a37.
2713	ἀλᾶτο (Hom Ζ201) πλ1. 953a24.
2714	ἁλατοπωλία τῶν ἁλῶν οβ1346b21.
2715	Ἄλβιον, νῆσος Bρετανική κ3. 393b12.
2716	ἀλγεῖν. ἀλγȣ͂ντι συναλγεῖν ηεη6. 1240a33. οἱ ἀλγȣ͂ντες ἀνα-
2717	βοῶσιν πκζ9. 948b21. ὅταν ἀλγήσωσιν αἱ κάμηλοι Ζιβ1.
2718	499a30. ἀλγεῖν τȣ̀ς πόδας, τȣ̀ς ὥμȣς Ζιθ7. 595b14. 26..
2719	605b1.
2720	ἀλγεινός. ἀλγεινότερος πθ8. 890a37, 39.
2721	ἀλγηδών, def τζ6. 145b2, 13. ποιεῖσθαι κίνησιν μετ᾽ ἀλγη-
2722	δόνος αν20. 479b28. ὑπ᾽ ἀλγηδόνος ϗ̀ θυμȣ͂, δι' ἀλγηδόνος
2723	ϗ̀ θυμȣ͂ ἐξελαύνεσθαι πρὸς τὸν κίνδυνον Ηγ11. 1116b34,
2724	1117a3.
2725	ἀλγήματα περὶ τὸν νῶτον, περὶ τȣ̀ς ὄρχεις Ζιγ3. 512b18, 25.
2726	ἄλγος. ἄλγεσι (Hom ο400) Ρα11. 1370b5.
2727	ἀλέα Ζγγ11. 761b8. Ζιε8. 542a28 al (ἁλέα πα9. 860a14).
2728	coni πνιγος, θερμότης Με2. 1026b34. μα3. 341a19. opp
2729	ψῦχος μα10. 347a20. Ζιθ13. 598a1. Ηη6. 1148a8. ἀλέα
2730	ἡ γινομένη ὑπὸ τȣ͂ περιέχεσθαι sim Ζμβ6. 652a8. δ10. 686
2731	a10. πβ30. 869a32. ἀλέαι ϗ̀ ψύχη ηεγ1. 1229b5. πε40.
2732	885a19. ἐν ταῖς ἀλέαις μα12. 348b4. δ1. 379a27. αν4.
2733	472a31. Ζγγ2. 753a23. πκγ9. 932b19. κε16. 939b9.
2734	ἀλέα πολλή πα20. 861b24. β30. 869a38. ἀλέα ἰσχύȣσα
2735	Ζιζ16. 570a23. δεῖ μηδ᾽ ἀλέαν εἶναι σφόδρα Ζιε16. 548
2736	b26. πονεῖν ταῖς ἀλέαις Ζιδ6. 531b16.
2737	ἀλεάζειν. ἀλεάζοντες πολλάκις ἀναπνέȣσιν αν4. 472b4. θέρμη,
2738	ἡ ποιήσει ἀλεάζειν πα39. 863b22. ε38. 884b39.
2739	ἀλεαίνειν intr Ζμβ10. 656a22. πϛ3. 885b27.
2740	ἀλεγίζειν, ἂν δ’ ἀλεγίζει (Mus 2) Ζιζ6. 563a19.
2741	ἀλεείνειν (Hom Α 542) Ρβ9. 1387a34. (Hom Ζ 202) πλ1.
2742	953a25.
2743	ἀλεεινός, opp ψυχρός μα12. 348b4. ἀλεεινοὶ τόποι sim, syn
2744	θερμοί, opp ψυχροί, χειμερινοί μκ5. 466b17, 20. μα10. 347
2745	a21. 12. 348a19, 349a4. πιδ13. 910a6. ἐν τοὶς ἀλεεινο-
2746	τάτοις Ζια5. 490a24. ἀλεεινὸν πνεῦμα, ὕδωρ, θάλαττα μβ3.
2747	358a30. 6. 364a23. Ζιβ10. 503a13. πκγ9. 932b20. κε21.
2748	939b33. ἀλεειναὶ (ἀλεεινότεραι) ὦραι, ἡμέραι, νύκτες μα10.
2749	347a21. 12. 348b6, 9, 349a4. Ζγβ8. 748a29. πκ11.
2750	ἀλεκτρυόνι διαιρȣμένῳ ὑπὸ τὸ ὑπόζωμα, ἃ ἐν τέρατος λόγῳ
2751	τιθέασιν Ζιζ2. 559b18. τὰ γιγνόμενα ἐκ μίξεως τῶν μῃ
2752	ὁμογενῶν, οἷον πέρδικος ϗ̀ ἀλεκτρυόνος, τελος ἀποβαίνει κατὰ
2753	τὸ θῆλυ τὴν μορφήν Ζγβ4. 738b27-36. — πῶς τὰ ἤθη
2754	μεταβάλλȣσιν οἱ ἀλεκτρυόνες κατὰ τὰς πράξεις. γίνονται ϗ̀
2755	θηλυδρίαι τινὲς ἐκ γενετῆς Ζιι49. 631b13, 17. πῶς ἐκτέ-
2756	μνονται Ζιι50. 631b25. (gallus, coq C S, phasianus gallus
2757	mas L St K Cr AZι I 77 n 13 Su 137 n 106 M 299).
2758	ἀλέκτωρ i q ἀλεκτρυών. ἡ φάσσα ἀλέκτορος τὸ μέγεθος
2759	f 271. 1527a17.
2760	Ἀλεξαμενὸς ὁ Στυρεὺς ἢ Τῆος πρῶτος ἔγραψε διαλόγȣς
2761	f 61. 1485b41, 1486a11.
2762	Ἀλεξανδρεὺς Κλεομένης οβ1352a16.
2763	Ἀλέξανδρος ὁ Πριάμȣ Ρα6. 1363a18. β23. 1397b21, 22,
2764	23, 1399a3. 24. 1401b35. γ14. 1414b38. f 142. 1502a36.
2765	151. 1503b29, 32. ἐν τῷ Ἀλεξάνδρῳ (i e ἐν τῷ ἐγκωμίῳ
2766	Ἀλεξάνδρȣ) Ρβ23. 1398a22. 24. 1401b20 (tribuit hoc po-
2767	lycrati Sauppe Orat II 223, et ad eandem declamationem
2768	refert 1397b21, 22, 23, 1399a3, 1401b35; sed 1399a3
2769	iure Isocrati vindicat Vhl).
2770	Ἀλέξανδρος Macedonum rex ρ1. 1420a5. κ1. 392a2. ο
2771	1352a28, b26. f 602. 1579a19. 612. 1581a40.
2772	Αλέξανδρος ὁ Μολοττός f 571. 1572a7.
2773	Ἀλεξις ϗ̀ Ἑπειός, Hλείȣ υἱοί f 595. 1575a16.
2774	ἀλεπίδωτα τὰ σελάχη Ζμδ13. 697a7.
2775	Ἀλευάδαι ἐν Λαρίσση Πε6. 1306a30.
2776	Ἀλεύας Θετταλός f 456. 1552b43. ἐπὶ Ἀλεύα f 455.
2777	1552b36.
2778	ἄλευρον. ἄλευρα καταπάσαντες Ζι40. 627b19. τῶν ἑφθῶν
2779	ἀλεύρων αἱ γραῖαι καλȣ́μεναι πι27. 893b31. τὸ ἄλευρον
2780	ἐλαίȣ ἐπιχεομένȣ λευκότερον γίνεται πκα1. 927a11. ἀλεύ-
2781	ρων et ἀλφίτων natura dist πα37. 863b2. κα3. 927a23. 7.
2782	927b15. 22. 929b8. 26. 930a3.
2783	ἀλεώρα. Bk modo ἀλεώρα exhibet, modo ἀλεωρά, modo ἀλε-
2784	ωρή. ἡ περὶ τὸ σῶμα ἀλεώρα Ζμδ10. 687a29. τῆς περὶ
2785	τȣ̀ς ἱέρακας ἕνεκα ἀλεώρας Ζιι8. 613b11. τὸ ὄστρακον τοῖς
2786	ᾠοῖς ἀλεώρα Ζγγ3. 754b8. — ἀλεωρὰν ἔχειν Ζμδ5. 679
2787	b28. — ἔχει ἐν αὐτοῖς ἀλεωρήν Ζια1. 488b10.
2788	ἀλήθεια 1. quoniam ἀλήθεια in eo cernitur, ut cogitatio con-
2789	cinat cum natura rerum (cf ἀληθής ἕκαστον ὡς ἔχει τȣ͂ εἶναι,
2790	ȣ̔τω καὶ τῆς ἀληθείας Μα1. 993b31), nominis usus modo ad
2791	τὸ ἂὂν et τὴν ȣ̓σίαν, modo ad cognitionem et scientiam vergit.
2792	πρὸς τὸ πρᾶγμα ϗ̀ τὴν ἀλήθειαν Φθ8. 263a18. ἡ ἀλήθεια,
2793	opp τὰ ὅμοια Πθ5. 1340a24. κατὰ τὴν ἀλήθειαν, opp μῦ-
2794	θος Ζιθ12. 597a7. ζητεῖν τὴν ἀλήθειαν ϗ̀ τὴν φύσιν τὴν
2795	τῶν ὄντων Φα8. 191a25. εἰς ἐπίσκεψιν τῶν ὄντων ἐλθόντες
2796	ϗ̀ φιλοσοφήσαντες περὶ τῆς ἀληθείας ΜΑ3. 983b3 Bz. ἡ
2797	φιλοσοφία ἐπιστήμη τῆς ἀληθείας Μα1. 993b20. φιλοσο-
2798	φεῖν, ἀποφήνασθαι περὶ τῆς ἀληθείας, ἡ περὶ τῆς ἀληθείας
2799	θεωρία Μα1. 993a30, b17. Οα5. 271b6. γ1. 298b13. Γα8.
2800	325a17. ζητεῖν, ἰδεῖν τὴν ἀλήθειαν μβ3. 356b17. Φθ1.
2801	251a6. δηλȣ͂ν τὴν περὶ ἕκαστον ἀλήθειαν Πγ8. 1279b15.
2802	ὥσπερ ὑπ αὐτῆς τῆς ἀληθείας ἀναγκασθέντες Φα5. 188b30.
2803	ΜΑ3. 984b10. ἀγόμενος ὑπ' αὐτῆς τῆς ἀληθείας Ζμα1.
2804	642a19. ἔχει ἕκαστος οἰκεῖόν τι πρὸς ἀλήθειαν ηεα6. 1216
2805	b31. — δόξης ὀρθότης ἀλήθεια Ηζ10. 1142b11. ἀλήθεια ϗ̀
2806	γνῶσις τα11. 104b2. δοκεῖ πρὸς ἀλήθειαν ἅπασαν ἡ γνῶσις
2807	τῆς ψυχῆς συμβάλλεσθαι ψα1. 402a5. προτιμᾶν τὴν ἀλή-
2808	θειαν Ηα4. 1096a16. ἀμφοτέρων τῶν νοητικῶν μορίων ἀλή-
2809	θεια τὸ ἔργον· τῶν πρακτικῶν ἡ ἀλήθεια ὁμολόγως ἔχȣσα τῇ
2810	ὀρέξει τῇὀρθῇ· ἡ πρακτικὴ ἀλήθεια Ηζ2. 1139b12, a30, 27.
2811	ἡ περὶ τὰ φαινόμενα ἀλήθεια (i e ea sententia, ex qua sta-
2812	tuunt τὰ φαινόμενα εἶναι ἀληθῆ) Μγ5. 1009b1. — τῇ ἀλη-
2813	θείᾳ (i e ἀληθῶς, τῷ ὄντι) Ηε8. 1133a27, b19. οβ1350b1,
2814	24. τὸ τῇ ἀληθείᾳ ϗ̀ τῇ φύσει ὂν δίκαιον ημα34. 1196b2.
2815	ἀλήθειαν, syn ἐξ ὑπαρχόντων, opp ἔνδοξα, διαλεκτικῶς Αγ19.
2816	81b21. τυγχάνειν τῆς ἀληθείας, opp τὰ ἔνδοξα Ρα1. 1355
2817	a17. τὰ πρὸς ἀλήθειαν, opp τὰ πρὸς δόξαν, τὰ πρὸς νόμον
2818	Ρα7. 1365b1, 6 (τείνειν πρὸς ἀλήθειανb15). β4. 1381b21.
2819	6. 1384b26. κατ᾽ ἀλήθειαν τζ4. 141b34. Φθ3. 254a24.
2820	Πγ6. 1278b33. κατὰ τὴν ἀλήθειαν Ρα4. 1359b5. opp ψευ-
2821	δῶς Αα29. 45b10, opp κατὰ δόξαν, πρὸς δόξαν, δοξαστι-
2822	κῶς, φαίνεσθαι, αἴσθησις Αα27. 43b9. 30. 46a8, 10. β16.
2823	65a36. τα10. 104a32. θ3. 162b32. Γα3. 318b28, 29.
2824	f 82. 1490a14. ἀλήθειαν διδάσκει, opp οἴεσθαι ποιεῖ ρ15.
2825	1431b4. δόξειεν ἂν ἔχειν ἀλήθειαν Πγ11. 1281a42. —
2826	2. ἀλήθεια, def μεσότης ἀλαζονείας ϗ̀ εἰρωνείας Ηβ7. 1108
2827	a20. δ13. ημα33. ηεβ3. 1221a6. ἀκολȣθει τῇ μεγαλο-
2828	ψυχία ἁπλότης ϗ̀ ἀλήθεια αρ5. 1250b42, 23.
2829	θρυκέ τι ἢ ἔψευσται ε10. 20a36. ὁ ὑπολαμβάνων sim ἀλη-
2830	θεύει, opp ἔψευσται, διέψευσται Μγ4. 1008b3. 5. 1009a14.
2831	θ10. 1051b3. ἀληθεύει τις ἢ ψεύδεται, τὸ ἀληθεύειν ἢ ψεύ-
2832	δεσθαι, οἱ ἀληθεύοντες ἢ ψευδόμενοι ε2. 16b3, 5. 1. 16a10.
2833	4. 17a3. 10. 20a34. Ηδ13. 1127a19. οἷς ἀληθεύει ἡ ψυχὴ
2834	τῷ καταφάναι ἢ ἀποφάναι Ηζ3. 1139b15, 13. δύναμις κάθ
2835	ὴν ἀληθεύομεν ἢ ψευδόμεθα ψγ3. 428a4. τὰ ἀεὶ ἀληθεύ-
2836	οντα, οἷον ἐπιστήμη ἢ νȣ͂ς ψγ3. 428a17. ἀληθεύειν ἐν οἷς
2837	μὴ διαφέρει, ἐν οἷς διαφέρει, ἐν ταῖς ὁμολογίαις Ηδ13. 1127
2838	a33, b4. αρ5. 1250b18. ἀληθεύειν περί τι Μγ5. 1010a9,
2839	περί τινος Μγ5. 1010b25. τὸ ἀληθεύειν αὐτῷ καλὸν ἦν, ἡ
2840	δόξα τȣ͂ ἀληθεύειν al Ηη10. 1151b20. Ρα11. 1371a10, 14.
2841	β6. 1384a33. 7. 1384b24. — ἀληθεύεσθαι (vere dici), ἀλη-
2842	θεύεται (vere dicitur, verum est) ε9. 19a2. 12. 21b17. Αα4.
2843	26b15. 5. 27b21. ἡ φάσις, ἡ ἀπόφασις ἀληθεύσεται Μκ5.
2844	1062a24, 34, b7. ἀληθεύεταί τι (i e ἀληθῶς κατηγορεῖται)
2845	κατά τινος τδ1. 121a20. ε5. 134b35, 135a21, 34,b1, 3.
2846	ζ1. 139a27. Ηα11. 1100a35. Μγ5. 1010a8. 6. 1011b16.
2847	ἀληθεύεταί τι ἐπί τινος ε12. 22a1, 2. 13. 22b2. ἀληθεύσε-
2848	ταί τι κατά τινος τε5. 134a23, 25, b11. Μκ6. 1063b23.
2849	Ηα11. 1100a35. τὸ ἀληθεύεσθαι τοσαυταχῶς, ὁσαχῶς αἱ
2850	κατηγορίαι διήρηνται Αα37. 49a6.
2851	ἀληθευτικός, μέσος ἀλαζόνος ϗ̀ εἴρωνος Ηδ13 (syn ἀληθής
2852	β7. 1108a20). ὁ μεγαλόψυχος ἀληθευτικός Ηδ8. 1124b30.
2853	τὸ λέγειν τὸ ὂν εἶναι ϗ̀ τὸ μὴ ὃν μὴ εἶναι ἀληθές Μγ7.
2854	1011b27. συμπλοκὴ νοημάτων ἐστὶ τὸ ἀληθὲς ἢ ψεῦδος
2855	ψγ8. 432a11. 6. 430a27 sqq. ε1. 16a12. τὸ ὡς ἀληθὲς ὂν
2856	ϗ̀ ιμὴ ὂν ὡς ψεῦδος περὶ σύνθεσιν ϗ̀ διαίρεσίν ἐστι, τὸ δὲ
2857	σύνολον περὶ μερισμὸν ἀντιφάσεως Με4. 1027b18, 20, 25.
2858	κ8. 1065a21. τὸ ἀληθὲς τῷ ἔστιν ὁμοίως τάττεται Αα46.
2859	52a32. Μδ7. 1017a31. ὁμοίως οἱ λόγοι ἀληθεῖς ὥσπερ τὰ
2860	πράγματα ε9. 19a33. περὶ τὰ ἀσύνθετα τὸ θιγεῖν ϗ̀ φάναι
2861	ἀληθές· ἀπατηθῆναι γὰρ ȣ̓κ ἔστιν Μθ10. 1051b24, 27 Bz.
2862	— τὸ ἀληθὲς ϗ̀ τὸ ψεῦδος ἐν τῷ αὐτῷ γένει ἐστὶ τῷ ἀγαθῳ
2863	ϗ̀ κακῷ ψγ7. 431b10. φύσει κρείττω τἀληθῆ ϗ̀ τὰ δίκαια
2864	τῶν ἐναντίων Ρα1. 1355a21, 37. καθ' αὐτὸ τὸ μὲν ψεῦδος
2865	φαῦλον ϗ̀ ψεκτόν, τὸ δ' ἀληθὲς καλὸν ϗ̀ ἐπαινετόν Ηδ13.
2866	1127a29. cf κ1. 1172b4. οἱ ἄνθρωποι πρὸς τὸ ἀληθὲς πε-
2867	φύκασιν ἱκανῶς Ρα1. 1355a16. κατὰ τὸ ἀληθὲς κρίνοντες
2868	Ρβ14. 1390a34. κρίνειν, ἰδεῖν, θεωρεῖν ἰκανῶς, διορίζειν τὸ
2869	ἀληθές, λέγειν τὰληθῆ Πγ16. 1287b2. Ρα1. 1354b10, 1355
2870	a14. 15. 1377a2. β23. 1398a33. — ἐπὶ μόνων τῶν ἀντι-
2871	φατικῶς ἀντικειμένων ἀεὶ τὸ μὲν ἀληθὲς τὸ δὲ ψεῦδος Κ10.
2872	13b2 sqq. δεῖ πᾶν τὸ ἀληθὲς αὐτὸ ἑαυτῷ εἶναι ὁμολογȣ́-
2873	μενον πάντη Αα32. 47a8. Ηα8. 1098b11. ἐξ ἀληθῶν ἀληθῆ,
2874	ἐκ ψευδῶν ἀληθῇ συλλογίσασθαι Αβ2-4. ἐξ ἀληθῶν ȣ̓κ ἔστι
2875	ψεῦδος συλλογίσασθαι Αβ2. 53b7sqq. ἐξ ἀληθῶν δεῖ εἶναι
2876	τὴν ἀποδεικτικὴν ἐπιστήμην Αγ2. 71b21 sqq. πρότασις ὅλη
2877	ἀληθής, cf ὅλος. τὸ ἀληθές i e demonstratio directa Αβ14.
2878	63a1, 4, 6 Wz. — δόξα ἀληθής Πγ4. 1277b28. τὸ ἀληθὲς
2879	ϗ̀ τὸ εἰωθὸς ὑπολαμβάνεσθαι Μμ2. 1077a15. ἀληθές, opp
2880	ἄτοπον μβ3. 358a16. ἀληθές, dist ἀληθὲς τȣ́τῳ Μγ6.
2881	1011b3. ἀληθὲς μέν, ȣ̓ σαφὲς δέ ηεη15. 1249b6. α6.1216
2882	b32. Ηζ1. 1138b26. ἀληθές, opp φαινόμενον Ρβ24. 1402
2883	a26. 25.1402b23. (pemocritus statuit) τὸ ἀληθὲς εἶναι τὸ
2884	φαινόμενον ψα2. 404a28. Γα2. 315b9. ἀληθές, dist φαι-
2885	νόμενον Ρα2. 1356a19. β9. 1387a26. κατὰ τὸ ἀληθές,
2886	dist κατὰ τὸν γεγραμμένον νόμον Ρα13. 1374b1. τὸ ἀληθὲς
2887	δίκαιον, opp τὸ δοκȣ͂ν, τὸ κίβδηλον Ρα15. 1375b3, 4, 6. ἐκ
2888	τῶν ψευδῶν ἀγαθῶν συμβαίνει ποτὲ ἀληθὲς κακόν Πδ12.
2889	1297a11. — ἀληθές ἐστιν (ῆν) εἰπεῖν ε7. 17b30. 9. 18
2890	b10 sqq. 11. 21a18. ΜΑ8. 989b7 Bz. γ4. 1006b29. μ3.
2891	1077b33. saepe omisso v ἐστιν ε9. 18a39. 11. 21a12. 13.
2892	23a13. Αα6. 28b29. 17. 37a7, 18. τζ1. 139a25. Οα12.
2893	283b6. Μδ9. 1017b34. δ15. 1021b1. μ3. 1077a31al.
2894	ἀληθὲς κατηγορῆσαι Αα38. 49a16, 32. τὸ ἀληθὲς εἶναι (i e
2895	ὃ εἶναι ἀληθές ἐστιν) Μδ12. 1019b32 Bzκ. — κατά γε τὸ
2896	ἀληθές Πθ4. 1338b34. τὸ μὲν ἀληθές adverbii instar Πδ8.
2897	1293b25. — ἀληθέστερον ϗ̀ βέλτιον Πδ3. 1290a24. ἀλη-
2898	θέστατον τὸ τοῖς ὑστέροις αἴτιον τȣ͂ ἀληθέσιν εἶναι Μα1.
2899	993b27. — 2. cf ἀλήθεια 2. ἀληθὴς ϗ̀ ἁπλȣς, ὂν καλȣσιν
2900	αὐθέκαστον ηεγ7. 1233b38. ὁ ἀληθὴς μέσος ἀλαζόνος ϗ̀ εἴ-
2901	ρωνος ημα33. 1193a33. ἀποδεῖξαι αὑτὸν μὲν ἀληθῆ, τὸν δὲ
2902	ἐναντίον ψευδῆ Ργ19. 1419b14. huius usus auctorem Ari-
2903	stotelem esse colligas ex Ηβ7. 1108a20 περὶ τὸ ἀληθὲς ὁ
2904	μέσος ἀληθής τις ϗ̀ ἡ μεσότης ἀλήθεια λεγέσθω. — ἀλη-
2905	θῶς. τὰ δυνάμενα ποιεῖν τὸ αὐτῶν ἔργον ἀληθῶς ἐστὶν ἕ-
2906	καστα, dist ὁμωνύμως μδ12. 390a11. ἀληθῶς εἰπεῖν Αγ22.
2907	83a1. ὡς ἀληθῶς Πγ5. 1277b34. δ1. 1288b27. η1. 1323
2908	a24. Ηγ4. 1112a7 (syn ὀρθς). δ7. 1123b29. ε11. 1136
2909	a15. κ10. 1179b15, 23. Ργ11. 1412a21.
2910	ἀληθινός. ἡ ἀληθινὴ σύνοδος τῶν ὠοτόκων ἰχθύων ὀλιγάκις
2911	ὁρᾶται Ζιε5. 541a31. ὑποκάτω τȣτων τὸ ἀληθινὸν αἰδοῖον
2912	Ζιζ32. 579b26. ὀφθαλμοὶ διεφθαρμένοι, πάντ᾽ ἔχοντες μέρη
2913	ταὐτὰ τοῖς ἀληθινοῖς Ζιδ8. 533a7. τὰ γεγραμμένα διὰ τέ-
2914	χνης τῶν ἀληθινῶν διαφέρει Πγ11. 1281b12. cf θ5. 1340a19.
2915	χαλεπαίνει ὁ ὀργιζόμενος ἀληθινώτατα πο17. 1455a32. ὅ γ
2916	ἀληθινὸς πλȣ͂τος Πα8. 1256b30. τόν γ' ἀληθινὸν φίλον Ρβ21.
2917	1395a30. εὐλαβȣ́μενοι ἀληθινὴν δυσχέρειαν Μν4. 1091a37.
2918	μὴ ῥητορικῆς εἶναι τέχνης ἀλλ᾽ ἐμφρονεστέρας ϗ̀ μᾶλλον
2919	ἀληθινῆς Ρα4. 1359b7. ἀληθινὸς ἔλεγχος, opp φαινόμενος
2920	τι5. 168a12. 17. 175b2. ἀριστοκρατία μάλιστα τῶν ἄλλων
2921	παρὰ τὴν ἀληθινὴν ϗ̀ πρώτην Πδ8. 1294a25. συλλογισμοὶ
2922	ἐξ ἀληθινῶν τινῶν ϗ̀ πρώτων Αγ9. 76a28. λόγοι ἀληθινώ-
2923	τεροι, opp κενώτεροι Ηβ7. 1107a31. κἂν εἰ μή ἐστιν (ἀλη-
2924	θές), ἀλλ' ἤδη γέ τι ἐστὶ βεβαιότερον ϗ̀ ἀληθινώτερον Μγ4.
2925	1009a3. — ἀληθινῶς. ὁ ἀληθινῶς δημοτικός Πζ5. 1320a33.
2926	Ἀλήῖον (Hom Ζ 201) πλ1. 953a24.
2927	ἀλήτης (Hom ρ 420. τ 76) Ηδ4. 1122a27.
2928	ἀλῆτις, ᾄσμα ταῖς αἰώραις προσᾳδόμενον f 472. 1556a3,
2929	1555b41.
2930	Ἀλθηφιὰς ἄμπελος f554. 1569b35.
2931	Ἀλθήφιος, εἷς τῶν Ἀλφείȣ ἀπογόνων f 554. 1569b36.
2932	ἁλιάετος, avis. γένος ἀετῶν οἱ καλȣμενοι ἁλιάετοι descr, eius
2933	μορφή, βίος, θήρα, ἐκτροφὴ τῶν τέκνων Ζιθ3. 593b23. ι32.
2934	619a4. 34. 620a1-12. ἐκ τȣ͂ ζεύγȣς τῶν ἀετῶν θάτερον
2935	τῶν ἐγγόνων ἁλιάετος γίνεται παραλλάξ, ἕως ἂν σύζυγα
2936	γένηται· ἐκ δὲ ἁλιαέτων φήνη γίνεται θ60. 835a1. (aigle
2937	de mer C, aquila marina S, pelecanus aquilus St, falco ha-
2938	liaetos K, aquila albicilla Cr, pandion haliaetus ad Ζιθ 3
2939	aquila naevia et fort etiam haliaetus albicilla et falco com-
2940	munis ad Ζι 32. 34 Su 106 n 30 AΖι I 77 n 1J).
2941	ἁλιάς. ῥρύμης τῆς ἀλιάδος ψόφος Ζιδ8. 533b20.
2942	ἀλιεία. ἀφ' ἁλιείας ζῆν Πα8. 1256a36. — τῆς θαλάττης ἡ
2943	ἀλιεία (i e ius piscandi) οβ1346b20.
2944	569b5.
2945	ἁλιεύς. οἱ ἁλιεῖς Πδ4. 1291b23. οἱ ἁλ. τὰ δελέατα ἀπο-
2946	βάλλȣσιν πκθ2. 950b1. τὰ δίκτυα ἀναιρȣ͂νται Ζιθ19. 602b9.
2947	λαμβάνειν ὄψον παρὰ τῶν ἁλιέων f 510. 1561b24. οἱ ἁλ,
2948	ϗ πορφυρεῖς πυρροί εἰσιν πλη2. 966b25. ἐμπειρικοὶ ἀλιεῖς
2949	Ζιδ7. 532b20. eorum de piscibus observationes Ζιδ8. 533
2950	b29. Ζγα15. 720b34. γ5. 756a32.
2951	ἁλιεύς. βάτραχος ὁ ἁλιεὺς καλȣμενος, v s βάτραχος.
2952	ἁλιευτικὸς βίος Πα8. 1256b2. κάλαμος Ζμδ12. 693a23.
2953	τὸ ἀλιευτικόν collective (εἶδος δήμȣ) Πδ4. 1291b22.
2954	ἀλίζειν, syn ἀθροίζειν πκδ9. 936b32. β28. 869a17.
2955	ἀλίζειν. ἄρτοι ἡλισμένοι, opp ἄναλοι πκα5. 927a36. ἁλιζο-
2956	μένη ἡ ἀφύη πλείω μένει χρόνον Ζιζ15. 570a1. τὰ πολλὰ
2957	ἁλίζοντες προσφέρȣσιν Ζιθ10. 596a19. — ἁλίζειν τὰ πρό-
2958	βατα, τὰ βοσκήματα θ138. 844b20. Ζιζ19. 574a9. θ10.
2959	596a24.
2960	Ἀλικαρνασσός f 515. 1562a27.
2961	ἅλιος. ὁ 'Ἀπόλλων ὁ ἅλιος θ107. 840a20.
2962	ἅλις. περὶ μὲν τȣ́των ἅλις Ηα3. 1096a3. 13. 1102b11. τῶν
2963	μὲν ȣ̓ν τοιȣ́των ἅλις Ηκ1. 1172b7. περὶ μὲν τȣ́των ἅλις
2964	τὰ εἰρημένα Ζγγ6. 757a13. — ἅλις ἐγὼ δυστυχῶν (fort
2965	ex poeta tragico) Ηι11. 1171b18.
2966	ἀλίσκεσθαι. ἄστυ ἁλῴη (Hom I 592) Ρα7. 1365a13. Ρα-
2967	βυλωνίας ἑαλωκυίας Πγ3. 1276a29. ἁλȣ͂σα Πολυκρίτη
2968	f 518. 1562b36. ἁλίσκεσθαι ἕρκεσιν Ζιι26. 617b24. —
2969	ἁλίσκεσθαι ἐπιλήψει, διαρροίᾳ, νοσήμασιν υ3. 457a11. Ζιθ26.
2970	605a27. πλ1. 954a35. ἀλίσκεσθαι ὑπὸ πλευρίτιδος. μέθης
2971	πγ1. 871a3. 6. 871b33. f 103. 1494b28. ἁλίσκεσθαι ἀπὸ
2972	φθίσεως, ψώρας πζ8. 887a23. — ȣ̓χ ἁλίσκεται τὰ εἰκότα
2973	ψευδομαρτυριῶν Ρα15. 1376a20. ἑάλως συκοφαντῶν ρ37.
2974	1444a32. οἱ ξενίας ἀλόντες f 451. 1545a13.
2975	Ἀλκαῖος poeta, eius versus afferuntur Πγ14. 1285a7(fr 37).
2976	Ρα9. 1367a9 (fr 55). ἐφιλονείκει Πιττακῷ f 65. 1486b34.
2977	Ἀλκαῖος. ἐνίκησεν (Ἀριστοφάνης Εἰρήνῃ) ἐπὶ ἄρχοντος Ἀλ-
2978	καίȣ (i e (l 89, 3) f 579. 1573a24.
2979	ἀλκή. πρὸς ὑγίειαν ϗ̀ ἀλκήν Πθ3. 1338a20. τὰ πρὸς ἀλκὴν
2980	(διὰ τὴν ἀλκὴν) ὄργανα, dist πρὸς τροφήν Ζιδ11. 538b15.
2981	Ζμβ9. 655b10. 16. 659b10, 22. γ1. 661b17. Ζγγ10. 759
2982	b31. ε8. 788b5. ἀλκῆς χάριν Ζμγ1. 661b2. 2. 662b27
2983	(coni syn βοηθείας). ἡ φύσις δέδωκεν ἄλλην ἀλκὴν πρὸς σω-
2984	τηρίαν Ζμγ2. 663a2. ἀνδρίζονται ἐν οἷς ἐστὶν ἀλκή Ηγ9.
2985	1115b4.
2986	Ἀλκιβιάδης πο9. 1451b11. πȣ͂ ἐτελεύτησιν Ζιζ29. 578b28.
2987	μετεπέμψαντο Ἀλκιβιάδην ἀπὸ Σικελίας f403. 1545a35,
2988	b12. οἱ ἀπ᾽ Ἀλκιβιάδȣ Ρβ15. 1390b29. Ἀλκ., exemplum
2989	μεγαλοψυχίας Αδ13. 97b18.
2990	Ἀλκιδάμας Ρβ23. 1398b10. Ἀ. ἐν τῷ Μεσσηνιακῷ Ρα13.
2991	1373b18. β23. 1397a11. exempla τȣ͂ ψυχρȣ͂ κατὰ τὴν
2992	λέξιν Ργ3. 1406a1, 9, 18b11. cf Vhl Alcidamas-
2993	Ἀλκιμένης ὁ Συβαρίτης θ96. 838a15, 25.
2994	ἄλκιμος. οἱ ἔχοντῖς τα κντρα σφῆες μείζνς ϗ̀ ἄλκιμοι
2995	Ζιι41. 628b6. ζῷα τὰς ὄψεις ἀγριώτερα ϗ̀ ἀλκιμώτερα
2996	Ζιθ29. 607a11. πάλαι ποτ' ἦσαν ἄλκιμοι Μιλήσιοι f 516.
2997	1562b5 cf παροιμία.
2998	Ἀλκίνȣ ἀπόλογος Ργ16. 1417a13. πο16. 1455a2. Ἀλκινόȣ
2999	θυγάτηρ Ναυσικάα f463. 1554a33.
3000	Ἀλκμαίων πο13. 1453a20. 14. 1453b24. —Ἀ. ὐριπίδȣ
3001	Ηγ1. 1110a28 (cf fr 70). f 584. 1573a12. Ἀ. Ἀστυδά-
3002	μαντος πο14. 1453b33 (Nck fr tr p 603). Α. Θεοδέκτȣ,
3003	inde versus afferuntur Ρβ23. 1397b3 (fr 2).
3004	Αλκμαίων ὁ Κροτωνιάτης ΜΑ5. 986a26. Ζιη1. 581a16.
3005	Ζγγ2. 752b25. comparatur cum Pythagoreis ΜΑ5. 986a26,
3006	29. τί ὑπέλαβε περὶ ψυχῆς ψα2. 405a29 (fort resp ψα2. 404
3007	a22 cf Trend p 216), περὶ θανάτȣ ἀνθρώπων πιζ3. 916a34.
3008	ἀναπνεῖν τὰς αἶγας κατὰ τὰ ὦτα Ζια11. 492a14. compa-
3009	rat τὴν ἥβην τῷ τῶν φυτῶν ἄνθει, τὸ γάλα τῷ ἐν τοῖς
3010	fοῖς λευκῷ Ζιη1. 581a16. Ζγγ2. 752b25.
3011	Ἀλκμαιωνίδαι f 357. 1538b17.
3012	Ἀλκμὰν ὁ τοιτῆς τίνι νόσιν διεφθρν Ζιε31. 557a2,
3013	ἀλκυόνειοι ἡμέραι διὰ τί κἀλȣ͂νται Ζιε8. 542b15.
3014	Ἀλκυόνη, ἡ Διοκλέȣς μήτηρ Πβ12. 1274a35.
3015	ἀλκυονίδες ἡμέραι Ζιε8. 542b6.
3016	ἀλκυών, avis, τὸ τῶν ἀλκυόνων γένος πάρυδρον descr, eius
3017	εἴδη δύο Ζιθ3. 593b8. σπανιώτατον ἰεῖν ἁλκυόνα Ζιε9. 541
3018	b22. μέγεθος, χρῶμα τȣ͂ σώματος, τῶν πτερύγων, τȣ͂ ῥύγ-
3019	χȣς Ζιι14. 616a14. 13. 615b29. πῶς ϗ̀ πότε τὴν ὀχείαν
3020	ποιεῖται ϗ̀ τὴν νεοττιάν, πῶς τίκτει ϗ̀ ἐκτρέφει τὰ νεόττια,
3021	ζὴ ἰχθυοφαγȣσα Ζιε8. 542b4, 12, 16. ι14. 616a14-34.
3022	ἡμέραι ἀλκυόνειοι cf ἁλκυόνειοι, ἁλκυονίδες. ὥραν παιδοτρό-
3023	φον ποικίλας ἀλκυόνος (Simonid fr 12) Ζιε8. 542b10. (? CI
3024	409, alcedo hispida et marina St, alcedo Ζιε8. 9. ι13. 14,
3025	sed Ζιθ3 ἀηδόνων pro ἁἀλκυόνων legit K, alcedo vel fort tur-
3026	dus arundinaceus Cr, alcedo ispida et fort species maior al-
3027	cedinis smyrnensis Su 133 n 98, alcedo ispida AΖι I 77
3028	n 14).
3029	ἀλλά, in conelasione demonstrationum atagogicarum, veluti
3030	ἀλλὰ παντὶ ὑπῆρχεν, ἀλλ᾽ ὑπέκειτο τινὶ ὑπάρχειν Αα29.
3031	45a31, 33. 5. 27b19. 6. 28b20. — ἀλλὰ in apodosi post
3032	protasin conditionalem a part εἰ vel ἐὰν exorsam, veluti εἰ
3033	μὴ γὰρ κατὰ τȣ͂ πράγματος:., ἀλλὰ περὶ τȣ͂ ἤθȣς Ρα15.
3034	1376a28. κἂν μὴ πρὸς τȣ̀ς ἐνδόξȣς, ἀλλὰ πρὸς τȣ̀ς ἄλλȣς
3035	δεῖ παραβάλλειν Ρα9. 1368a25, cf τι24. 179b15. Αδ3. 90
3036	b28. Φγ5. 205b8. ε2. 225a27 (ἀλλ᾽ ὅμως). Ογ2. 300b12.
3037	Γβ9. 336a12. Πγ5. 1278a9. δ2. 1289b16, ὅταν — ἀλλὰ
3038	Ζγδ8. 777a23; εἰ (ἐὰν) — ἀλλὰ... γε veluti εἰ μὴ πάντα,
3039	ἀλλὰ τά γε πρῶτα ϗ̀ τὰς ἀρχάς τι11. 172a19 Wz. 10.
3040	171a29. Φα7. 190a15. Πβ11. 1273a7. πο13. 1453a29.
3041	25. 1460b33 (vahlen, Bhet p 33). ἀλλά γε non interpo-
3042	sito alio vocabulo οα3. 1343b25. — ἀλλὰ γάρ Φθ2. 253
3043	a20. υ3. 456b17. ΜΑ8. 989b21. Πβ5. 1264a36. η1.
3044	1323b36. ρ1. 1421a4. ἀλλὰ ·.. . γὰρ Πγ1. 1275b13. —
3045	ἀλλὰ δὴ Γβ7. 334a25. φτβ9. 828b15. — ἀλλ᾽ ἢ post
3046	enunciationem negativam vel interrogativam admodum usi-
3047	tatum Aristoteli, veluti Κ5. 3b19. Αγ6. 74b17. τα7. 103
3048	a21. β4. 111b31 (ἄλλο ἢ Wz). δ6. 127a30. Φθ7. 260b25.
3049	Γα2. 316a29. Ζιβ1. 497b35. Ηδ9. 1125a1. ε4. 1130a32.
3050	1ν11a5a1s e1b.1ι255aituaaaa ad aν6sfuats
3051	v.
3052	particulae πλὴν vel εἰ μὴ prope accedit, veluti διὰ τȣτο ȣ̓
3053	τȣ͂ γεωμέτρȣ θεωρῆσαι τί τὸ ἐναντίον, ἀλλ᾽' ἢ ἐξ ὑποθέσεως
3054	Μγ2. 1005a12. cf Αγ9. 76a23. 12. 77b12. τη5. 155a36.
3055	ι11. 172a4. Οδ5. 312b12. ψβ1. 412b14. γ9. 432b17.
3056	Ηδ9. 1124b24. ε13. 1137a12, 22. Πε6. 1305b15. Ρβ6.
3057	1384a25. φτβ3. 825a15 (Wz ad K 6. 5b10). εἰ δ᾽ ἐστὶν
3058	ὁ χρόνος ȣ̓τος τῆς κυήσεωᾷ ἢ μή ἐστιν, ȣθέν πῳ συνῶπται
3059	μέχρι γε τȣ νῦν, ἀλλ ἢὅτι λέγεται μόνον Ζιζ35. 580a20
3060	quin etiam ab ἀλλ᾽ ἢ perinde atque a part πλὴν enunciatio
3061	limitativa incipitur, ȣ̓δὲ τὰ περὶ τὴν κεφαλὴν ἔοικεν ἱέρακι
3062	ἀλλὰ περιστερᾷ μᾶλλον· ἀλλ ἢ κατὰ τὸ χρῶμα μόνον
3063	προσέοικεν ἱέρακι, πλὴν τȣ͂ μὲν ἱέρακος τὰ ποικίλα οἷον γραμ-
3064	μαί εἰσι, τȣ͂ δὲ κόκκυγος οἷον στιγμαί Ζιζ7. 563b22. ali-
3065	quoties ἀλλὰ usurpatur, ubi ἀλλ' ἢ exspectes, ἡδέα δ' ȣ̓κ
3066	ἔστιν, ἀλλὰ τȣτοις ϗ̀ ȣ́τω διακειμένοις Ηκ5. 1176a22, ἔνιαι
3067	δ' ȣ̓δὲ τῷδε (sc αἱρεταί εἰσιν) ἀλλὰ ποτὲ ϗ̀ ὀλίγον χρόνον
3068	Ηη13. 1152b30 (Pk suspicatur ἀλλ ἢ scribendum esse),
3069	ἐν ȣ̓δεμιᾷ τέχνῃ ἀλλ’ ἐν ῥητορικῇ ϗ̀ ἐριστικῇ Ρβ24. 1402
3070	a27. sed etiam ἀλλ'’ ἢ legitur, ubi ipsum ἀλλὰ vel suffcit,
3071	ἡ καπηλικὴ ποιητικὴ χρημάτων, ȣ̓ πάντως, ἀλλ ἡἢ διὰ χρη-
3072	μάτων μεταβολῆς Πα9. 1257b21, vel requiri videatur, ὥστ
3073	ȣ λεκτέον τȣ͂ ὑπόποδος τὸ μὲν πτερωτὸν τὸ δὲ ἄπτερον
3074	ἐανπερ λέγῃ καλῶς, ἀλλὰ διὰ τὸ ἀδυνατεῖν ποιήσει τȣτο·
3075	ἀλλ᾽ ἢ τὸ μὲν σχιζόπȣν τὸ δ' ἄσχιστον Μζ12. 1038a14.
3076	— ἀλλὰ μὴν admodum frequens apud Ar, vel ad ordien-
3077	dum alterum diemmatis alicuius membrum, veluti Μβ2. 996
3078	b1, 997a11, b34. 3. 998b11, 27, 999a1. 4. 999b2, 27,.
3079	1001a29, b19. ζ3. 1029a16. 4. 1029b18 al, vel omnino
3080	ad significandum argumentationis progressum Μθ8. 1050a4,
3081	b6. μ5. 1079b15, 20 ac saepe (Eucken, Ar dic ratio p 8).
3082	ἀλλὰ μὴν . . γε Μγ4. 1007b29. ζ13. 1039a19 al. — ȣ
3083	μὴν ἀλλὰ v s ȣ̓. — ἀλλ᾽ ȣ̓͂ν τι10. 170b38. Φδ7. 214a6.
3084	Μθ8. 1050a2. πο25. 1461a1 (ci Bz Ar St 199, ἀλλ᾽ ȣ̓
3085	codd Bk), in apodosi enunciationis conditionalis ηεα6. 1216
3086	b2. — ἀλλ᾽ ȣ̔͂ν. .γε Κ8. 11a2. τη3. 153b10. ψγ6. 430
3087	b4 (γε om censet orstr), in apodosi enunciationis conditio-
3088	nalis τζ13. 150a9. ημβ8. 1207b14. ἀλλ᾽ ȣ̓ν γε κ6. 397b12.
3089	ἀλλαγή. ἡ κατὰ τόπον ἀλλαγή πν8. 485a22. — συμβλητὰ
3090	δεῖ εἶναι, ὧν ἐστὶν ἀλλαγή Ηε8. 1133a19. ποία ἡ ἀλλαγὴ
3091	ἦν πρὶν τὸ νόμισμα εἶναι Ηε8. 1133b26. ἀλλαγὴ ἑκȣ́σιος
3092	Ηε7. 1132b13 (cf συνάλλαγμα 5. 1131a1). ἀλλαγὴ con-
3093	ditio τῆς κοινωνίας Ηε8. 1133b15-18, a24, 28. ἀλλαγὴ ϗ̀
3094	συμμαχία, αἱ ἀλλαγαὶ ϗ̀ ἡ πρὸς ἀλλήλȣς χρῆσις Πγ9. 1286
3095	b23, a35. ἀλλαγή τινος, dist χρεία Πα9. 1257a13, 25. πο
3096	εῖσθαι τὴν ἀλ. Πα9. 1257a19.
3097	ἀλλακτικαὶ κοινωνίαι Ηε8. 1132b31.
3098	ἀλλάττειν. ἀλλάσσοντα διαμπερές (Emped 73) Φθ1. 251a2.
3099	—— ἀλλάττεσθαι Ηε8. 1133b1, 8. ὁ ἀλλαττόμενος τῷ δεο-
3100	μένων ὕαοοηματος ἕντῖ νομσματος Πα9. 1257a19. — ἀλ
3101	λάσσεσθαι alternare πκε22. 940a15.
3102	ἀλλαχόσε f 381. 1541b23.
3103	ἀλλαχȣ φτα4. 820a5.
3104	ἅλλεσθαι, f ἅλσις. τὰ ἀλλόμενα ἀθρόῳ πανnὶ τῷ σώματ
3105	μεταβάλλει (dist πορεύεσθαι), πῶς ποιεῖται τὴν ἅλσιν, ποιεῖται
3106	κάμψιν ἐν τῷ ὑποκειμένῳ μέρει τȣ͂ σώματος Ζπ3. 705a5.
3107	12. 8. 708a29. 9. 709b7. χαλεπὸν συνεχῆ ποιεῖσθαι τὴν με-
3108	ταβολὴν ἁλλόμενα Ζπ14. 712a31. διὰ τί οἱ πένταθλοι ἅλ-
3109	λονται πλεῖον ἔχοντες τȣ̀ς ἀλτῆρας ἢ μὴ ἔχοντες Ζπ3. 705
3110	a16. πε8. 881b5. — (ππων ἀρρωστȣντων ποδάγρπ) ὁ ρχις
3111	έἰστα ὁ ὀεεος Ζιε4.64 7
3112	ἀλληλοκτονεῖ ὁ μάχιμος κύκνος f 268. 1526b34.
3113	ἀλληλοφαγεῖν. ἀλληλοφαγȣ͂σι πάντες ἰχθύες Ζιθ2. 591a17.
3114	f 299. 1529a15.
3115	ἀλληλοφάγοι τȣ͂ γένȣς τȣ͂ οἰκείȣ ȣ̓κ εἰσὶν οἱ ὄρνιθες Ζιθ3.
3116	593b27. ι1. 610a2.
3117	ἀλλήλων διαφέρειν Πδ2. 1289a34. γίγνεσθαι ἐξ ἀλλήλων
3118	μα3. 339a37, 340a17. ἐξ ἀλλήλων sive δι' ἀλλήλων δεί-
3119	κνυσθαι, ἡ δι᾽ ἀλλήλων δεῖξις Αβ5. 57b18, 36. 7. 59a32
3120	cf κύκλω. — διὰ τὰς αὐτὰς αἰτίας ἀλλήλοις μγ2. 371b20.
3121	— ἡ εἰς ἄλληλα μεταβολή μα1. 338a23. παρ᾽ ἄλληλα τί-
3122	θεσθαι, φαίνεσθαι Οβ6. 289a8. τἀναντία γνωριμώτατα ϗ̀
3123	παρ᾽ ἄλληλα μᾶλλον γνώριμα sim Ργ9. 1410a21. 2. 1405
3124	a12. 17. 1418b4. β23. 1400b27 (παρ᾽ ἄλληλα Bk' recte,
3125	παράλληλα Bk, pariter παρ᾽ ἄλληλα pro παράλληλα scri-
3126	bendum videtur ρ24. 1434b39. 26. 1435b17. τθ14. 163
3127	b4). μγ4. 375a7. ἢ καθ᾽ αὐτὰ λέγοντες ἢ πρὸς ἄλληλα
3128	ἀντιπαραβάλλοντες Ρα3. 1359a22. ἁπλῶς, πρὸς ἄλληλα
3129	μδ9. 386b32. τῶν ἑτερογενῶν ϗ̀ μὴ ὑπ᾽ ἄλληλα τεταγ-
3130	μένων Κ3. 1b16. κωλύεται ἡ ὄψις κατ᾽ εὐθεῖαν ἐκπίπτειν
3131	διὰ τὸ μὴ κατ ἀλλήλȣς εἶναι τȣ̀ς πόρȣς πια58. 905a40, b5.
3132	ἄλλοθι ϗ̀ ἄλλοθι μγ5. 376b11.
3133	ἀλλοῖος. ἀλλοῖοι μετέφυν (Emp 376) Μγ5. 1009b20. —
3134	ἀλλοῖα γίνεται τὰ μέρη ὥστε μηδὲν ἐοικέναι τῷ πρότερον
3135	Ζγδ3. 768b32. ἀλλοία ἡ φωνὴ γίνεται ἀλλοίȣ γινομένȣ τȣ͂
3136	κινȣ͂ντος Ζγδ8. 776b17. ἵνᾳ σεμνότερος φαίνηται ϗ̀ μᾶλλον
3137	ἀλλοῖα σπȣδάσαι f 170. 1506b2. ἐστὶ τίνὰ αξαἴόμενα δ
3138	ȣ̓κ ἀλλοιȣ͂ται, οἷον τὸ τετράγωνον γνώμονος περιτεθέντος ηὔ-
3139	ξηται μέν, ἀλλοιότερον δὲ ȣ̓δὲν γεγένηται Κ14. 15a31. μυε-
3140	λὸς ἀλλοιότερος, ὀδόντες ἀλλοιότεροι Ζμβ6. 652a18. δ5.
3141	678b18. τὴν φωνὴν ἀφιᾶσιν ἀλλοιοτέραν ἢ κατὰ τὸν ἄλλον
3142	χοόνον Ζιζ18. 572a25. σπέρμα ἀλλοιότερον τȣ͂ αἵματος, opp
3143	αἱματῶδες Ζγα19. 726b6, 9. — interdum ἀλλοιότερον ἢ
3144	prope i q ἄλλο ἤ, veluti τὸ ἐναλλὰξ συνιστάναι ϗ̀ διἀλύειν
3145	ȣ̓δὲν ἀλλοιότερον ποιεῖν ἐστὶν ἢ τὸ κατασκευάζειν ἀίδιον Οα
3146	10. 280a12. μβ9. 370a1. ȣ̓δὲν ἀλλοιότερον ὥσπερ ἂν εἰ
3147	f150. 1503b12.
3148	ἀ))οιȣν τὸ αλλομενον ἅπαν ἀλλοιȣ͂ται ὑπὸ τῶν αἰσθητῶν
3149	ϗ̀ ἐν μόνοις ὑπάρχει τȣ́τοις ἀλλοίωσις ὅσα καθ᾽ αὐτὰ λέ-
3150	γεται πάσχειν ὑπὸ τῶν αἰσθητῶν Φη3. 245b3 sqq. εἰ μένει
3151	σὰρξ ȣ̓͂σα ϗ̀ τὸ τί ἐστι, πάθος δέ τι ὑπάρχει τῶν καθ'
3152	αὐτό, ὃ πρότερον ȣ̓χ ὑπῆρχεν, ἠλλοίωται τȣ͂το Γα5. 321b4.
3153	(cf ὄντων ϗ̀ μὴ ἠλλοιωμένων Γα10. 327b1). ἀλλοιȣ͂σθαι ȣ̓
3154	κατὰ διαφορὰν (i e κατὰ τὸ τί ἐστι) ἀλλὰ κατὰ πάθος
3155	τζ6. 145a4-12. ἀλλοιȣ͂σθαι ταῖς τῶν ὁμοιομερῶν διαφοραῖς
3156	Ζγβ5. 741b12. ἢ θερμαινόμενον ἢ γλυκαινόμενον ἢ πυκνȣ́-
3157	μενον ἢ ξηραινόμενον ἢ λευκαινόμενον ἀλλοιȣ͂σθαί φαμεν Φη2.
3158	244b7. τὰ ζῷα ἀλλοιȣ͂ται φυσικὴν ἀλλοίωσιν Ζκ11. 703
3159	b11. τὸ πεπονθὸς ϗ̀ ἠλλοιωμένον ὁμωνύμως προσαγορεύομεν
3160	Φη3. 245b13. — ἅμα ἐστὶ τὸ ἔσχατον ἀλλοιȣ͂ν ϗ̀ τὸ πρῶ-
3161	τον ἀλλοιȣ́μενον, τȣ͂ ἀλλοιȣμένȣ ϗ̀ τȣ͂ ἀλλοιȣ͂ντος ȣ̓δὲν με-
3162	ταξύ Φη2. 245a4, 25. τὸ ἀλλοιȣν ϗ̀ ἡ ἀρχὴ τῆς κινήσεως
3163	ἐν τῷ ἀλλοιȣμένῳ Γα5. 321b7. τὸ ἐπιδȣ͂ναι ἐκ δυνάμεως
3164	εἰς ἐντελέχειαν πότερόν ἐστιν ἀλλοιȣ͂σθαι ψβ5. 417b6 (cf
3165	ἀλλοίωσις). ἐνδέχεται ἀθρόον ἀλλοιȣ͂σθαι αι6. 447a2. — ἀλ-
3166	λοιωτός Φγ1. 201a12al.
3167	ἀλλοίωσις, def μεταβολὴ (κνησις) κατὰ τὸ ποιόν, κατὰ τὸ
3168	πάθος Μλ2. 1069b12. ν1. 1088a32. Κ4. 15b12,a18. Φε2.
3169	226a26. η2. 243a9. Οα3. 270a27. Γα2. 317a27. 5. 320
3170	a14. ἀλλοωσίς ἐστιν, ὅταν ὑπομένοντος τȣ͂ ὑποκειμένȣ, αἰ-
3171	σθητȣ͂ ὄντος, μεταβάλλη ἐν τοῖς αὐτȣ͂ πάθεσιν, ἢ ἐναντίοις
3172	ȣ̓͂σιν ἢ μεταξύ Γα4. 319b10, 33. ἐν μόνοις ὑπάρχει ἀλ-
3173	λοίωσις, ὅσα καθ᾽ αὑτὰ λέγεται πάσχειν ὑπὸ τῶν αἰσθητῶν
3174	Φη3. 245b4 sqq. ἡ ἐν τῷ αὐτῷ εἴδει μεταβολὴ ἐπὶ τὸ μᾶλ-
3175	λον ϗ̀ ἧττον ἀλλοίωσίς ἑστιν Φε2. 226b2. ἀλλοίωσις dist 
3176	tribus reliquis μεταβολῆς generibus κατ᾽ ȣ̓σίαν, κατὰ τὸ
3177	ποσόν, κατὰ τόπον ψα3. 406a13. Κ14. 15a13. Μη2. 1042
3178	a36. λ2. 1069b12. ν1. 1088a32. Φε2. 226a23-25. η2.
3179	243a9. Γα5. 320a14. 2. 317a27. ἀλλοίωσις τί διαφέρει
3180	γενέσεως Γα4. γίγνεσθαι ἀλλοιώσει, dist μετασχηματίσει,
3181	προσθέσει, συνθέσει, ἀφαιρέσει Φα7. 190b8. τὴν ἀλλοίωσιν
3182	ἀναιρεῖσθαι ἀνάγκῃ τοῖς ὕ̔τω (Emped) λέγȣσιν ΜΑ8. 989
3183	a27. κατὰ τὰ τῶν ἁπτῶν πάθη τοῖς ἁπλοῖς σώμασιν ἡ ἀλ-
3184	λοίωσίς ἐστιν Γβ4. 331a10. ἡ γένεσις τῶν ἀρετῶν μετ
3185	ἀλλοιώσεως, αὐταὶ δ᾽ ȣ̓κ εἰσὶν ἀλλοιώσεις Φη3. 247a19.
3186	ἀλλοίωσις, syn πάθος Φη3. 246a2, 3, (cf 245b13). 4. 248
3187	a13, 15. τȣ͂ ἀλλοιωτȣ͂ ᾖ ἀλλοιωτὸν ἐντελέχεια ἀλλοίωσις
3188	Φγ1. 201a12. ἡ ἐκ δυνάμεως εἰς ἐντελέχειαν ἐπίδοσις ἢ ȣ̓κ
3189	ἔστιν ἀλλοίωσις ἢ ἕτερον γένος ἀλλοιώσεως ψβ5. 417b7.
3190	Trdlbgp 305. — ἡ ἀλλοίωσις ἐξ ἐναντίων τινῶν, εἰς ἐναν-
3191	τία, ἐν τοῖς πάθεσιν ἢ ἐναντίοις ȣ̓͂σιν ἢ μεταξύ Φζ10. 241
3192	a32. θ7. 260a33. Γα4. 319b10. δύο τρόποι ἀλλοιώσεως,
3193	ἥ τε ἐπὶ τὰς στερητικὰς διαθέσεις μεταβολὴ ϗ̀ ἡ ἐπὶ τὰς
3194	ἕξεις ϗ̀ τὴν φύσιν ψβ5. 417b14. ἀλλοίωσις ȣ̓δ’ αὔξησις
3195	ȣ̓δὲ γένεσις ȣ̓κ εἰσὶν ὁμαλεῖς (ἰσοταχεῖς), φορὰ δ' ἐστίν
3196	Φδ14. 223b20. η4. 249a29. γίγνεται πολλάκις ἀθρόα ἡ
3197	ἀλλοίωσις Φθ3. 253b25. α3. 186a15. — plur ἀλλοιώσεις
3198	Φη3. 246a3, b15, 247a5, 19 al.
3199	ἀλλοιωτικός. τὸ ἀλλοιωτικὸν ȣ̓κ ἐξ ἀνάγκης αὐξητόν Φθ5.
3200	257a24. πάθος τῆς κατὰ δύναμιν γεύσεως ἀλλοιωτικὸν εἰς
3201	ἐνέργειαν (cf ἀλλοίωσις) αι4. 441b21.
3202	b15-22 Bz. cf ν1. 1087b26, 30. ἄλλος c gen, ἡ αὐτὴ μὲν
3203	αυτῇ, ἐκείνης δ' ἄλλη sim αι7. 447b28. Ηε15. 1138a16.
3204	Αα28. 45a21. τι15. 174b31 Wz. ἄλλον τρόπον ἀλλήλων
3205	Ζια1. 487b19. ἄλλος, coni ἕτερος: ἑτέρων μὲν ἐπιθυμȣ͂σιν,
3206	ἄλλα δὲ βȣ́λονται sim Ηι4. 1166b8. θ7. 1158a28. μβ6.
3207	365a4. — ἄλλος ἔστιν λόγος Πβ9. 1271a20. ἄλλος γίγνε-
3208	ται ηεη10. 1243b19. ἄλλο ϗ̀ ἄλλο γίγνεσθαι μα3. 341a8.
3209	4. 342a6. β3. 357b30 (aliter δ9. 386b7). ȣ̓δὲν ἄλλο πλήν,
3210	παρά, ἤ μβ2. 354b11. δ12. 390a5, 6. ἤ τι τοιȣ͂τον ἄλλο
3211	πάθος μα8. 345a18. ϗ̀ τᾶλλα τὰ τοιαῦτα, ϗ̀ ὅσα ἄλλα
3212	τοιαῦτα μδ12. 390b22. 8. 384b33, 385a6. ἄλλο τι, (nonne)
3213	scribendum videtur pro ἀλλ᾽ ὅτι Μγ4. 1044b16 Bz. — ὁ
3214	φίλος ἄλλος αὐτός Ηι4. 1166a32. ἄλλος Ἡρακλῆς, ἄλλος
3215	ἐγώ (cf παροιμίαι) ημβ15. 1213a13. ηεη12. 1245a30. 
3216	ἄλλως ἔχειν μβ8. 365b29. γ4. 373b32 al. ἄλλως ϗ̀ ἄλ-
3217	λως ἔχειν Φθ6. 260a7. ἄλλοτ ἄλλως ϗ̀ ὡς ἔτυχε, opp
3218	τεταγμένον Ζμα1. 641b20. παρὰ ταῦτα ȣ̓κ ἔστιν ἄλλως
3219	πο14. 1453b36. — ἄλλως, opp τὸν αὐτὸν τρόπον μδ6. 383
3220	a16. — ϗ̀ ἄλλως ἄτοπον, ϗ̀ ἄλλως ἐφάνη Φβ4. 196b2.
3221	Γβ11. 338a18. ἄλλως ȣ̓δὲν ὄντα χρήσιμα Ζμγ2. 663b4.
3222	— ἄλλως τε ϗ̀ Ηα4. 1096a15. Πβ5. 1263b18. γ15. 1286
3223	b9 al. ἄλλως τε ἐπειδὴ ϗ̀ Ζιγ2. 511b12. — ιceterum, ta-
3224	men ἐν ἠίπρον ἢ, σφοδρὸν δὲ ἄλλωνς ϗ̀ ἀθρόον κ4.
3225	395a23.
3226	Ζμα1. 641b19.
3227	ἀλλότριος (cf οἰκεῖος). οἱ πένητες ἐπιθυμȣ͂σι τῶν ἀλλοτρίων
3228	Πδ11. 1295b30. cf Ηδ1. 1120a18. θερμότης ἀλλοτρία,
3229	opp οἰκεία, φυσική μδ1. 379a18. 3. 381a24. 11. 389b1.
3230	Ζγε6. 786a12. ἀλλότριον τὴν φύσιν Ζγδ7. 776a6. ὥρισται
3231	τοῖς τόποις τοῖς τ᾽ οἰκείοις ϗ̀ τοῖς ἀλλοτρίοις Οα7. 276a12.
3232	a18. Ηγ3. 1111b1. ημα35. 1198a17. πλ1. 954b35. —
3233	μηδὲν ἀξιȣν ἀξίωμ' ἄλογον, ἀλλ' ἢ ἐπαγωγὴν ἢ ἀπόδειξιν
3234	φέρειν Φθ1. 252a24. τȣ͂το παντελῶς ἄλογον ϗ̀ πλάσματι
3235	ὅμοιον Οβ6. 289a6. τȣτο δ᾽ ἄλογον, συμβαίνει ἄλογον sim
3236	Μβ4. 999b23. 5. 1002a29. μ8. 1083a18. ȣ̓δὲν ἄλογον
3237	συμβαίνει, ȣ̓κ ἄλογον Οβ8. 289b34. μβ8. 366a9. μτ1.
3238	463a23. ἄλογον εἰ μὴ μβ2. 355a35. — ἐνδέχεται ἐν τῇ
3239	ἐπρποιίᾳ τὸ ἄλογον ποιεῖν πο 24. 1460a13. πρὸς ἅ φασι
3240	τάλογα πο25. 1461b14 Vhl Poet IV 426. — ἄλογος mathe-
3241	matice i q irrationalis Αγ10. 76b9. opp ῥητός ατ 968b18.
3242	— ἀλόγως. ἐν τοῖς ἄλλοις ζῴοις ἡ ὁμιλία ἀλόγως ὑπάρχει
3243	οα3. 1343b13. — ἡ φύσις ȣ̓δὲν ἀλόγως ȣ̓δὲ μάτην ποιεῖ
3244	Οβ11. 291b13. μηθὲν ἀξιȣ͂ν ἀλόγως, opp μετὰ λόγȣ ηεα
3245	8. 1218a29. ȣ̓κ ἀλόγως ὑπολαμβάνειν, συμβαίνειν Ηα3.
3246	1095b15. δ2. 1120b18. ἔχει δ' ȣ̓κ ἀλόγως μβ5. 362a14.
3247	ȣ̓κ ἀλόγως, syn εὐλόγως Φδ5. 212b34, 30.
3248	ἀλογωδέστερον v l πν2. 481b27, cf λογοδέστερον.
3249	ἀλοιφὴ συνεχής Ζιι40. 624a17.
3250	Αλόπη Καρκίνȣ Ηη8. 1150b10 (Nck fr tr p 619).
3251	ἁλοσάχνη. ἡ τῆς ἁλκυόνος νεοττιὰ παρομοία ταῖς καλȣμέναις
3252	ἁλοσάχναις, πλὴν τȣ͂ χρώματος Ζιι14. 616a20, 28 (genus
3253	alcyonii S I 105 cf 490, 544 (halcyoneum cotoneum, ver-
3254	mis marinus) St, alcyonium bursa K, species quaedam αoo-
3255	phytorum, alcyonia Cr, polyparium ignotum M 168, cf Aι
3256	II 245).
3257	ἀλȣργής, ἀλȣργές saepe exhibetur in libro de coloribus χ2.
3258	792a7, 15, 24, 25, b10. 3. 793a7. 4. 794a21. 5. 796b4,
3259	797a7. 6. 799b3, rarius ἀλȣργός χ2. 792b2. 5. 796a25.
3260	apud Arist ubique forma ἀλȣργός videtur exhiberi.
3261	ἀλȣργοπῶλαι μχ1. 849b34.
3262	ἁλȣργός (cf ἁλȣργής). τὸ ἁλȣργόν, coni τὸ φοινικȣ͂ν αι4. 442
3263	a24. 3. 440a10. μγ2. 372a8. χ2. 792a7, b2, dist φοινικȣ͂ν
3264	μγ4. 374b33. χ2. 792b10. syn πορφυροειδές χ2. 792a15,
3265	17, 24, 21. τὸ ἀλȣργὲς τῇ πορφύρᾳ βάπτεται χ4. 794a21.
3266	ἱμάτιον ἀλȣργές θ96. 838a21. τὸ ἀλȣργὲς πῶς γίνεται χ2.
3267	792a15-26. τὸ ἁλȣργὸν ȣ̓ γίγνεται κεραννύμενον μγ2. 372
3268	a8. cf χ2. 792b2. τὸ ἀλȣργὲς εὔανθες ϗ̀ λαμπρόν χ2. 792
3269	a15. ἥδιστα τῶν χρνωματων τὸ ἀλȣργὸν ϗ̀ φοινικȣν αι3.
3270	440a1.
3271	ἄλοχος ϗ̀ πόσις. μέρη οἰκίας Πα3. 1253b7.
3272	ἅλς ὁ. οἱ ἅλες (plerumque coni λίτρον) γῆς τι εἶδός εἰσιν αι4.
3273	441b4. μὸ7. 383b20. 10.388b13, 389a18. cf 7. 384a18.
3274	9. 385b9. ἄτεγκτον μδ9. 385b16. λυτὸν ὑγρῷ, τήκεται
3275	ὑγρῷ μδ6. 383b13. 8. 385a31. εν3. 461b16. πκγ22. 934
3276	a1. ἅλες μᾶλλον λίτρȣ ὀσμώδεις αι5. 443a13. ἅλες χον-
3277	δροί, χαῦνοι ϗ̀ λεπτοί, ἁλῶν πλῆθος μβ3. 359a32, b4. ἄλες
3278	ὀρυκτοί θ134. 844a12. ἅλες ἐξανθȣ͂σιν (ἐκ τῆς θαλάττης)
3279	f210. 1516a24. ἡ τῶν ἀλῶν ἀλατοπωλία οβ1346b21.
3280	λείχειν ἅλα Ζιζ27. 580b31. παρέχειν ἅλας f 588. 1574a1.
3281	ἅλας διδόασι προβάτοις Ζιθ10. 596a17, 20. κολοκύνθην ἁλὶ
3282	πάττειν Ζιθ10. 596a21. ἅλες παύȣσι τὴν αἱμωδίαν πα38.
3283	863b11. ζ9. 887b1. ψοφȣ͂σιν εἰς πῦρ ἐμβληθέντες πια26.
3284	902a1. 42. 904a5. τὸ ἐν τοῖς ἅλασιν ὑφιστάμενον ἔλαιον
3285	πκγ32. 935a8. cf 15. 933a20. ὥσπερ οἱ ἅλες καταλεί-
3286	φονται (?) Ζιε24. 555a14. — τὸ ἕλος πρίασθαι ϗ̀ τȣ̀ς
3287	ἄλας (cf παροιμίαι) Ρβ23. 1399a26. τȣ̀ς λεγομένȣς ἅλας
3288	συναναλῶσαι (cf παροιμίαι) Ηθ4. 1156b27. ηεη2. 1238a3.
3289	— sing ἅλς, ἁλός εν3. 461b16. Ζιζ27. 580b31 (v l ἄλ-
3290	λας). θ10. 596a21. ια56. 998a1. 42.904a5, rsliq
3291	locis pluralis legitur. dat plur ἀλσί μδ9. 385b9, ἅλασι
3292	πκγ32. 935a8.
3293	ἅλσις, εἶδος κινήσεως, dist πτῆσις, βάδισις Ηκ3. 1174a31.
3294	dist πορεία Ζπ14. 712a30. γίγνεται ἀθρόω παντὶ τῷ σώ-
3295	ματι Ζπ8. 708a29. ὅσα ἅλσει χρώμενα μόνον ποιεῖται τὴν
3296	κατὰ τόπον μεταβολήν, dist ὅσα ϗ̀ πορείας προσδέονται Ζπ
3297	8. 708a22. τὸ ἁλλόμενον πῶς ποιεῖται τὴν ἅλσιν Ζπ3. 705
3298	a13. τὸ μόριον τὸ τῇς ἅλσεως κύριον (ἰγνύα) Ζιγ5. 515b7.
3299	ἡ τῆς καρδίας ἅλσις Ζμγ6. 669a18, 23. — ἅλσις exemplum
3300	ἐντελεχείας τȣ͂ κινητȣ͂ Φγ1. 201a19. Μκ9. 1065b20.
3301	ἄλσος. οἰκεῖν ἄλσῃ Ζιι32. 618b34, 29. ἄλση σύσκια Ζιε30.
3302	556a25.
3303	ἁλτῆρες. οἱ πένταθλοι ἅλλονται πλεῖον ἔχοντες τȣ͂ς ἀλτῆρας
3304	Ζπ3. 705a16. πε8. 881b5.
3305	ἁλτικός. τὰ ἁλτικὰ μόρια Ζμδ6. 683b3.
3306	Ἀλυάττȣ παῖς Ἀδράμυτος f 507. 1561a28.
3307	ἁλυκός. ἁλυκὸν ὕδωρ Ζιζ19. 574a8. πκ1. 923a6. γ8. 872
3308	a9. 19. 873b37. τὰ ἁλυκὰ τῶν γλυκέων ἧττον ψυχράπκγ
3309	7. 932b1. οἱ πρὸς νότον τόποι ἁλυκώτερα τὰ ὕδατα ἔχȣσιν
3310	πκγ25. 934a30. δάκρυον, ἱδρὼς ἀλυκά ἐστιν πε37. 884b29.
3311	τὰ μέρη τὰ γεώδη, ἅ εἰσιν ἀλυκά φτβ2. 823b24.
3312	ἀλυκότης f 209. 1516a15. φτβ2. 823b17. 3. 824b5.
3313	ἀλυπία. μετ' ἀλυπίας, opp μετὰ λύπης τγ2. 117a24. Ρα5.
3314	1361b27. ὑπερτείνειν τῇ ἀλυπία Ηι11. 1171b8. ϗ̀ ἡ ἡδονὴ
3315	ἀγαθὸν ϗ̀ ἡ ἀλυπία Ρα7. 1365b13. τὴν τȣ́των ἀλυπίαν
3316	διώκει ὁ φρόνιμος Ηη13. 1153a31.
3317	ἄλυπος. οἴόμενοι δεῖν ἄλυποι εἶναι τοῖς ἐντυγχάνȣσιν Ηδ12.
3318	1126b14. αὐτὴ ἡ δειλία ἄλυπος Ηγ15. 1119a29. ἄλυπος
3319	ὄρεξις ἡ βȣ́λησις τζ8. 146b2. ἄλυπος ὁ ἐν τῷ γήρᾳ θάνατος
3320	αν17. 479a20. ζωὴ ἄλυπος ϗ̀ μακαρία Οβ1. 284a29. τῷ
3321	θεῷ ἄλυπον ἄπονόν τε τὸ ἄρχειν κ6. 400b10. ἴδιον τῶν ὄνων τὸ
3322	ἄλυπον φ4. 808b37. — ἄλυποι ἡδοναὶ αἱ μαθηματικαί Ηκ2.
3323	1173b16. τὸ ἄλυπον, dist τὸ ἡδύ Ηδ2. 1120a27. η12.
3324	1152b15. ημβ7. 1204a24. — ἀλυποτέρας διανοίας τὸ μὴ
3325	θαυμάζειν Οβ13. 294a12. τίς βίος ἀλυπότατος f40. 1481
3326	b11. — ἀλύπως ἐκσπῶνται τρίχες τινές πι22. 893a20.
3327	ἀλύπως, dist ἡδέως, χαίρειν ηεα5. 1216a37. Ηδ2. 1120
3328	a26. Ρβ9. 1387b16. τὸ ἀλύπως ἐγγὺς τῆς ἡδονῆς ἐστίν
3329	ημβ7. 1204a24.
3330	ἄλυρος. ἡ σάλπιγς μέλος ἄλυρον (ex poesta incsrto) Ργ6.
3331	1408a7, 9.
3332	λυε. Κροῖσος αλυν διαβὰς Ργ5. 1407a38.
3333	ἅλυσις. ὅσα ὥσπερ αἱ ἁλύσεις σύγκειται τῶν σωμάτων μδ9.
3334	387a13.
3335	ἀλυσιτελές Ηθ16. 1163b27. (pro λυσιτελές ci Bk ρ37.
3336	1443b34). ȣ̓κ ἀλυσιτελές ρ3. 1424a19.
3337	ἄλυτος 1. physice. ἄλυτα ὑγρῷ, θερμότητι, opp λυτά Ζγβ6.
3338	743a7. μδ6. 383b10,a30. τίνα μάλιστα ἄλυτα μδ7. 384
3339	b7. — 2. logice. μόνον τὸ ἀναγκαῖον, ἂν ἀληθὲς ἢ, ἄλυτόν
3340	ἐστιν, opp λυτόν Ρα2. 1357b17. τεκμήριον ἄλυτον Ρβ25.
3341	1403a14. ἄλυτος συλλογισμός, opp λύσιμος Αβ27. 70
3342	a29. — ἀλύτως τίνα πήγνυται Ζμβ2. 649a32.
3343	ἄλφα. πολλὰ τὰ ἄλφα, αὐτὸ ἄλφα Μμ10. 1087a8, 9.
3344	ἀλ6άνȣσι φθόνον (Eur Μed 297) Ρβ2. 1394a34.
3345	Ἀλφειȣ͂ θυγάτηρ, ἀπόγονοι f 555. 1569b43. 554. 1569b36.
3346	Ἀλφεσίβοια ἐν τῷ Ἀλκμαίωνι τῷ Θεοδέκτȣ Ρβ23. 1397
3347	b5 (fr 2).
3348	ἀλφηστικός. κιρρὸς ὁ ἀλφηστικὸς μονάκανθός ἐστιν f290.
3349	1528b29.
3350	ἄλφιτον (Emped 275) μδ4. 382a1. ὅσα περὶ ἄλφιτα πκα
3351	1-26. τὰ ἄλφιτα ἀδρά πκα26. 929b37. μᾶλλον τῷ ὕδατι
3352	συμμένει φυρόμενα ἢ τῷ ἐλαίῳ πκα16. 929a11. ἀλφίτων
3353	et ἀλεύρων natura dist πκα3. 927a23. 7. 927b15. 22. 929
3354	b9. 26. 930a3. α37. 863b2. ὄντος μεδίμνȣ τῶν ἀλφίτων
3355	τετραδράχμȣ οβ1347a33. ὅπως ὁ σῖτος δικαίως πραθήσεται
3356	ϗ̀ τὰ ἄλφιτα ϗ̀ οἱ ἄρτοι f 411. 1546b13.
3357	Ἀλωάδαι κ1. 391a11.
3358	ἅλων. πεδίον ὅμοιον ἅλωνι μεγάλη σ973a14. f238. 1521b7.
3359	ἀλωπεκία. αἱ ἀλωπεκίαι καλȣ́μεναι (νόσημα) πι27. 893b38.
3360	ἀλωπεκίας, piscis, refertur inter τὰ τῶν γαλεῶν εἴδη, εἰσ-
3361	δέχεται τὰ γεννηθέντα εἰς τὸ στόμα ϗ̀ πάλιν ἀφίησιν f 293.
3362	1529a15, 21 (selachiorum s squalorum L species quaedam).
3363	Ἀλωπεκόννησος Ζιθ13. 598a22.
3364	ἀλώπηξ 1. vulpes, refertur inter τὰ πολυσχιδῆ τῶν τετρα-
3365	πόδων Ζγβ6. 742a8. δ6. 774b7. ἐν Αἰγύπτω ἀλώπεκες
3366	ἐλάττονες Ζιθ28. 606a24. τὸ αἰδοῖον ὀστῶδες ἔχει Ζιβ1.
3367	500b24. πῶς ὀχεύει ϗ̀ τίκτει Ζιζ34. 580a6. γεννᾷ πάντα
3368	τυφλά, ἀδιάρθρωτα σχεδόν Ζγβ6. 742a9. δ6. 774b14. —
3369	γίνεται ὁ συνδυασμὸς ϗ̀ ἐπὶ κυνῶν ϗ̀ ἀλωπέκων ϗ̀ λύκων
3370	Ζγβ7. 746a34. ἐξ ἀλώπεκος ϗ̀ κυνὸς γίνονται οἱ Λακωνικοὶ
3371	κύνες Ζιθ28. 607a3. τὰ γιγνόμενα ἐξ ἀλώπεκος ϗ̀ κυνὸς
3372	τέλος ἀποβαίνει κατὰ τὸ θῆλυ τὴν μορφήν Ζγβ4. 738b31.
3373	— πανȣ͂ργος, κακȣ͂ργος, τρωγλοδύτης Ζια1. 488b20. ι1. 610
3374	a12. cf φ6. 812a17. τίσι ζῴοις πολέμιος ϗ̀ τίσι φίλος Ζιζ
3375	37. 580b25. ι1. 609b1, 3, 26, 30. 32. 619b10. 1. 609b32,
3376	610a12. f 275. 1527b23. ὀρνίθων γένος ὃ τίκτει ἐν δέρ-
3377	ματι ἀλώπεκος Ζιι33. 619b15. θαυμάσιόν τι ἄκȣσμα περὶ
3378	ἀλώπεκος θ99. 838b4. Αἰσώπȣ λόγος περὶ τῆς ἀλώπεκος
3379	κυνοραίστὰς πολλȣ̀ς ἐχȣ́σης Ρβ20. 1393b24 (renard C, de
3380	vulpe Aegyptiaca C I 726; canis vulpes S St K Cr, fort
3381	etiam canis niloticus Geoff AZι I 63 n 3 Su 144 no 10).
3382	2. τῶν πτηνῶν τὰ δερμόπτερα, οἷον ἀλώπηξ ϗ̀ νυκτερίς
3383	Ζια5. 490a7; ad hoc animal etiam Ζιζ34. 580a6. 37. 580
3384	b25 refert S (renard volant C, sciurus petaurista Herrmann
3385	Alopex Arist Argent 1782, vulpecula CGaae S, 'de vulpecula
3386	dubitatio magna est, sciuri aut lemuris genus aliquod volans
3387	intelligi videtur S Ι 21, fort sciurus volans sive vespertilio
3388	caninusSt Cr, pteromys volansSu 41n6, dubitat AZιI 64n4).
3389	3. piscis, refertur inter γαλεοειδεῖς Ζιζ11. 566a31. eius
3390	γένεσις Ζιζ10. 565b1 πῶς βοηθȣ͂σι πρὸς τὸ ἄγκιστρον Ζιι
3391	37. 621a12. ad hoc animal etiam Ζιθ28. 606a24 refert S.
3392	(species quaedam canis marini C II 726, 222, piscis cartila-
3393	gineus S St Cr, squalus sive vulpes centrina K, squalus vul-
3394	pes L (alopias vulp Haffinesque)  Muller Abhandl d Berl
3395	Acad 1840 p 197, squalus nondum certo definitus AZι I
3396	ἅλως 1. ὁ σῖτος ἐν τῇ ἅλῳ ἀπόλλυται Φβ8. 198b22. ἰχθῦς
3397	ἐξιόντες ἐπὶ τὰς ἅλως νέμονται θ72. 835b9. cf 120. 842
3398	a7. — 2. ἅλως ἐστὶν ἔμφασις λαμπρότητος ἄστρȣ περί-
3399	αυγος κ4. 395a36. de eius natura μγ2. 3. α7. 344b2. 8.
3400	346a5. διὰ τί περὶ τὴν σελήνην πλεονάκις γίγνονται μγ3.
3401	373a27.
3402	ἅλωσις. γίνεται ἡ ἄλωσις, γίνονται αἱ ἁλώσεις (τῶν ὀρνίθων,
3403	τῶν ἰχθύων) Ζιθ3. 593a20. 15. 600a3.
3404	ἅμα κατὰ τόπον, def Μκ12. 1068b26. Φε3. 226b21. η2. 243
3405	a4 (ȣθὲν αὐτῶν μεταξύ ἐστιν). ἅμα κατὰ χρόνον def Φδ10.
3406	218a25. Κ13. 14b25. αι7. 448b19. αἱ κινήσεις αἱ ἅμα
3407	Ργ17. 1418a14. ἅμα τῇ φύσει def Κ13. 14b27, 34, 15
3408	a8. 7. 7b15. τε3. 131a14, 16. — ἅμα, opp χωρίς μδ9.
3409	386a9. Μζ15. 1040a15. opp κατά τινα' τάξιν ἢ χρόνον
3410	Πβ2. 1261a32. — ἅμα .. ϗ̀ μα3. 339b25. δ6. 382b31.
3411	9. 386a3 al. ἅμα..τε.. ϗ̀ μα3. 340b5. ἅμα ϗ̀ μβ8.
3412	368a18. ἅμα ϗ̀ .. ϗ̀μδ9. 386b20. ἅμα c dat μβ8. 368
3413	a34. ἅμα c partic, veluti ἀποσπινθηρίζει ἅμα καιόμενον μα4
3414	341b30. Ζιζ20. 574a4. τὰς γνώμας ἅμα λεγομένας δήλας
3415	εἶναι Ρβ21. 1394b14. ἅμα λεγομένων ἡ γνῶσις γίνεται sim
3416	Ργ10. 1410b24. 11. 1412a31. ἅμα εἰρημένων γνωρίζειν
3417	Ρβ23. 1400b33. ἅμα δὲ in principio enunciationis, ut ad
3418	alteram argumentationem transeatur, veluti ἅμα δὲ φανε-
3419	ρόν al Μβ4. 1008a30. Πδ9. 1294a32. Ηθ16. 1163b22.
3420	Φα2. 185a14.
3421	Ἀμαδόκῳ Σεύθης ἐπέθετο Πε10. 1312a14.
3422	ἀμαθής. ζῷα θυμώδη ϗ̀ ἀμαθῆ Ζια1. 488b14. ὁ χρόνος πό-
3423	τερον σοφώτατος ἢ ἀμαθέστατος Φδ13. 222b18.
3424	ἀμαθία παρακολȣθεῖ τῇ ἀφροσύνη αρ6. 1251a2.
3425	ἀμαθύνει (Hom I 593) Ρα7. 1365a14.
3426	ἀμάλακτος. περὶ ἀμαλάκτȣ μδ9. 385b6-26. 8. 385a13.
3427	7. 384b1. ἄτηκτα ϗ̀ ἀμάλακτα μδ10. 388b25.
3428	ἅμαξα μχ31. 858a4.
3429	ἀμαξιαιος λίθος θ98. 838b1.
3430	ἀμάξιον Ζκ7. 701b4.
3431	ἁμαρτάνειν, opp κατορθȣν Ηβ6. 1107a15 al. ρ30. 1437
3432	b5. opp ὀρθῶς ποιεῖν Ηδ11. 1126a34. dist ἀτυχεῖν Ηε10.
3433	1135b18. cf ρ5. 1427a41. dist ἀδικεῖν Πγ11. 128128.
3434	cf Ργ2. 1405a27. ἁμαρτάνειν τῆς προστάξεως, τȣ́τȣ Ηη7.
3435	1149a28. Πε1. 1301a28. ἁμαρτεῖν τῆς ὁρμῆς Ζιθ21. 575
3436	a14. ταύτην ȣχ ἥμαρτον τὴν ἁμαρτίαν Πθ4. 1338b12. ȣ̓
3437	συγχωρήσω Ἀθηναίοις δὶς ἁμαρτεῖν εἰς φιλοσοφίαν f 617.
3438	1528a19, 28. ἁμαρτάνειν ἐπὶ τὴν ἔλλειψιν, ἐπὶ τὸ μᾶλλον
3439	sim Ηγ13. 1118b16. δ3. 1122a15. 11. 1126a1. ηεγ2.
3440	1230b17. Ρβ12. 1389b3. ἀμαρτάνοντες λέγȣσιν, opp 
3441	βȣ́λονται Φδ6. 213a24. ἁμαρτάνȣσιν ὅσοι τῶν ποιητῶν Ἡρα-
3442	κληίδα πεποιήκασι πο8. 1451a20. — ἁμαρτάνειν πολλαχῶς
3443	ἔστιν Ηβ5. 1106b28. τὸ ἁμ. κοινὸν πάντων ἀνθρώπων ρ37.
3444	1444a10. τῶν ἀγαθῶν μήτ' αὐτȣς ἁμαρτάνειν μήτε τοῖς
3445	φίλοις ἐπιτρέπειν Ηθ10. 1159b7. ὁ ἑκὼν ἁμαρτάνων πȣ αἱ-
3446	ρετώτερος, Ηζ5. 1140b23. — ἁμαρτάνεσθαι. ἡ μὲν ὑπερ-
3447	βολὴ ἀμαρτάνεται, τὸ δέ μέσον κατορθȣ͂ται Ηβ5. 1106b25.
3448	cf 6. 1107a25. τὸ ἁμαρτανόμενον Ηε14. 1137b16. Φβ8.
3449	199b2. τὰ κατὰ λογισμὸν ἢ θυμὸν ἁμαρτηθέντα Ηγ3.
3450	1111a34. οἱ ἡμαρτημένοι, dist οἱ κακοί Ηδ9. 1125a19.
3451	τὸ ἐν ἀρχῇ ἡμαρτημένον Πε1. 1302a6. ἕξεις ἡμαρτημέναι
3452	ηεγ3. 1231b22. πολιτεῖαι ἡμαρτημέναι, syn παρεκβάσεις
3453	Πγ1. 1275b1. 6. 1279a20. ε1. 1301a34. τυραννὶς ἡμαρ-
3454	τημένη, opp ὀρθή Ηθ12. 1160b31.
3455	ἀμάρτημα. ἐν τοῖς ἀιδίοις ȣ̓δὲν ȣ̓́τε κακὸν ȣ̓τε ἁμάρτημα
3456	Μθ9. 1051a20. τὰ τέρατα ἁμαρτήματα τȣ͂ ἕνεκά τȣ Φβ8.
3457	199b4. — κοινὸν πᾶσιν ἀμάρτημα τοῖς ἓν ὑποτιθεμένοις, τὸ
3458	ἐν ἀρχῇ ἁμάρτημα sim Ογ5. 304b11. 4. 303a17. Πε4.
3459	1303b29. τὸ ἄμ. ȣ̓κ ἐν τῷ νόμῳ ἀλλ᾽ ἐν τῇ φύσει τȣ
3460	πράγματός ἐστιν Ηε14. 1137b17, 25. ἁμάρτημα ϗ̀ αἶσχος
3461	ἀνώδυνον πο5. 1449a34. — ἁμάρτημα, dist ἀτύχημα, ἀδί-
3462	κημα Ηε10. 1835b12-1136a3. Ρα13. 1374b7.
3463	ἁμαρτητικός, opp κατορθωτικός Ηβ2. 1104b33.
3464	ἁμαρτία. ταύτην ȣ̓χ ἥμαρτον τὴν ἁμαρτίαν Πθ4. 1338b12.
3465	αἴτιον τῆς συμβαινȣ́σης ἁμαρτίας, εἰς μίαν δόξαν δύο συμ-
3466	βαίνειν ἁμαρτίας Μμ8. 1084b24, 4. ἡ τῆς ᾠδῆς ἁμαρτία-
3467	πιθ43. 922a18. ἁμαρτία ἐπιστήμης, περὶ αἴσθησιν, opp ὀρ-
3468	θότης Ηζ10. 1142b10. τβ4. 111a16, 18. ἁμ. ἐν τοῖς κατὰ
3469	τέχνην, κατὰ φύσιν Φβ8. 199a33. ἁμ. ἐν τῇ διανοίᾳ, ἐν
3470	τῇ ἐνεργείᾳ, κατὰ τὴν αἴσθησιν ημα17. 1189b22. ηεβ10.
3471	1226a36. Ηζ9. 1142a21. ἁμαρτία ἐν τῷ ὁρίζεσθαι τζ11.
3472	139b9. αἱ ἐν τοῖς προβλήμασιν ἁμαρτίαι διτταί τβ1. 109
3473	a28. — ἁμαρτία, dist κακία, ἀδικία, ἀτυχία Ηη6. 1148a3
3474	πο13. 1453a10. ρ5. 1427a34. — ἁμαρτία φυσική ημβ6.
3475	1202a26. ἁμαρτίαι Ηγ10. 1115b15. Πβ8. 1269a16. ἔχειν
3476	τὰς παρεκβάσεις καὶ τὰς ἁμαρτίας τὰς παρ᾽ ἀμφοτέρων
3477	Πε10. 1310b6. ἁμαρτίαι παιδικαί Ηγ15. 1119a34.
3478	ἀμαρτωλός. τῶν ἄκρων τὸ μέν ἐστιν ἁμαρτωλότερον Ηβ9.
3479	1109a33.
3480	Ἅμασις Ρβ8. 1386a19. eius λόγος περὶ τȣ ποοανιπτρος
3481	Πα12. 1259b8 (Her. 2, 172).
3482	ἀστὴρ ἔσχε κόμην ἀμαυράν μα6. 343b12 (cf ἀμυδρός b13).
3483	ἶρις ἀμαυροτέρα τοῖς χρώμασιν μγ4. 375a30, b13. κομῆται
3484	σπανιώτεροι ϗ̀ ἀμαυρότεροι τὸ μέγεθος μα7. 344b29. ὁ θα-
3485	λάττιος ὄφις ἀμαυρότερος Ζιι37. 621a4. — φωναὶ ἀμαυραί
3486	ακ802a19. κινεῖσθαι ὑπὸ μικρῶν ϗ̀ ἀμαυρῶν παθημάτων,,
3487	opp ἰσχυρὰ ϗ̀ ἐναργῆ ψα1. 403a21. ζῷα ἀμαυρότερα ϗ̀
3488	βραχυβιώτερα Ζιι1. 608a11. — ἀμαυρῶς, opp ἀκριβέ-
3489	στερον Οα9. 279a29.
3490	ἀμαυρȣ͂ν. ἀμȣρȣ͂ται τὸ θερμὸν μβ8. 367b28. Ζμγ4. 667a19.
3491	πκϛ18. 942a24, ἡ ἡδονή Ηκ4. 1175a10. ἠμαύρωται τȣ͂
3492	ἀνδρὸς ἡ δύναμις πδ25. 879a34. ἀμαυρȣ͂σθαι κατὰ τὴν
3493	τροφήν Ζγδ4. 772b28.
3494	ἀμαύρωσις ἡ ἐν τῷ γήρᾳ ψα4. 408b20.
3495	ἀμβλίσκειν. ὅσα δ' ἐλλείποντα γίνεται τῶν τοιȣ́των μορίων,
3496	οἷον ἀκρωτηρίȣ τινὸς ἢ τῶν ἄλλων μελῶν (μερῶν cod Ρ),
3497	τὴν αὐτὴν δεῖ νομίζειν αἰτίαν, κἂν ὅλως τὸ γινόμενον ἀμ-
3498	βλωθῇ Ζγδ4. 773a1.
3499	ἀμβλνειν. οἱ ὀδόντες ἀμβλύνονται Ζμγ1. 661b22. cf Ζγε8.
3500	789a9. τὸ τέμνον ἀμβλύνεται ὑπὸ τȣ͂ τεμνομένȣ Ζγδ3.
3501	768b17. — τὸ ψυχρὸν τȣ̀ς χυμȣ̀ς ἀμβλύνει ϗ̀ τὰς ὀσμὰς
3502	ἀφανίζει αι5. 443b15.
3503	ἀμβλύς. τὸ ἀμβλὺ πολλαχῶς λέγεται τα15. 106a14. ἀμ-
3504	βλεῖα (int γωνία), ἀμβλυτέρα, opp ὀξεῖα μχ23. 855a10,
3505	15, 17, 13. ῥὶς ἀμβλεῖα φ6. 811a32. ὀδόντες ἀμβλεῖς, opp
3506	ὀξεῖς Ζιβ2. 501b13. ζ20. 575a12. ἀνάλογον ἔχει (τὸ ἐν
3507	ψόφῳ ὀξὺ ϗ̀ βαρ) τῷ περὶ τὴν ἁφὴν ὀξεῖ ϗ̀ ἀμβλεῖ· τὸ
3508	γὰρ ὀξὺ οἷον κεντεῖ, τὸ δ ἀμβλὺ οἷον ὡθεῖ ψβ8. 420b2.
3509	ἡ ἀκοὴ ἀμβλυτέρα αἴσθησις τῆς ὄψεως πζ5. 886b32. τὰ
3510	αἴτια τȣ͂ ἀμβλὺ ἢ ὀξὺ ὁρᾶν Ζγε1. 780a26. πλα8. 958b1.
3511	ἀμβλύτης ὀδόντων Ζγε8. 789a11.
3512	ἀμβλυωπία θ171. 847a2.
3513	ἀμβλυωπότερος ἐγένετο τὰς ὄψεις Διονύσιος f 546.1568
3514	b22.
3515	773a1. ἐὰν δέ τισι γίγνηται παρὰ ταῦτα συνδυασθέντων,
3516	πρὶν αἴσθησιν ἐγγενέσθαι ϗ̀ ζωήν, ἐμποιεῖσθαι δεῖ τὴν ἄμ-
3517	βλωσιν Πη16. 1335b25.
3518	Ἀμβρακία. ἐν 'Ἀ. μικρὸν τὸ τίμημα Πε3. 1303a23. Πε-
3519	ρίανδρος τύραννος Πε4. 1304a31. 10. 1311a40. Αεξαμεναί.
3520	μέρος τῆς Ἀμβρακίας f437. 1550a22. — Ἀμβραȣία, θυ-
3521	γάτηρ Φόρβαντος τȣ͂ Hλίȣ f 437. 1550a23. — Ἀμβρα-
3522	κιωτν πολιτεία f 437.
3523	ἀμβροσίας ϗ̀ νέκταρος γεύσασθαι Μβ4. 1000a12, 17.
3524	ἀμεγέθης. ἀσώματον ϗ̀ ἀμέγεθες Γα5. 320a31. πῶς ἔσται
3525	ἐξ ἀμεγεθῶν μέγεθος Μλ10. 1075b29. Γα2. 316a27. 5.
3526	320b32. ȣ̓ κινεῖται τὸ ἀμέγεθες Φθ10. 267a23.
3527	ἀμείψασθαι τὴν προῦπαρχήν Ηι2. 1165a5.
3528	ἀμέλγεσθαι γάλα πολύ Ζιγ21. 523a7. 20. 522a15. πι6.
3529	891b4. ἀμέλγονται αἱματῶδες Ζιγ20. 522a10. ἀμέλγεται
3530	μῆνας ὀκτώ Ζιγ21. 523a5.
3531	ἀμέλει. ὥσπερ ἀμέλει (ἡ φύσις συνήγαγεν al) κ5. 396b9.
3532	6. 398b14, 400b13. f 208. 1515b40.
3533	ἀμέλεια Ηγ7. 1114a25. Ρβ2. 1379b37. ἀμέλειαι, ῥαθυ-
3534	μίαι, ἀπονίαι Ρα11. 1370a15. ἀκολȣθεῖ τῇ ἀκολασίᾳ ἀμέ-
3535	λεια αρ6. 1251a22.
3536	ἀμελεῖν τῶν ἰδίων Ηδ2. 1120b2. — non addito obiecto Πδ
3537	6. 1293a18. ρ4. 1426a12. opp προσέχειν τὸν νȣ͂ν Πε12.
3538	1316b13. ἠμελημένον ρ3. 1425b20.
3539	ἀμελέτητος, opp γεγυμνάσθαι τι16. 175a26, 24.
3540	ἀμενηνός. ἀμενηνῇ τῇ φων, μικρὸν ϗ̀ ἀμενηνὸν φθέγγεσθαι
3541	πια6. 899a30, 31. οἱ ἄκεντροι σφῆκες ἐλάττȣς ϗ̀ ἀμενη-
3542	νότεροι Ζιι41. 628b4.
3543	ἀμερής. ἀμερές, def τὸ κατὰ ποσὸν ἀδιαίρετον, τὸ μηθὲν
3544	ἔχον μέγεθος Φζ10. 240b12. 1. 231b3. θ10. 266a10. ἆρ
3545	ἐν τοῖς ποσοῖς ἔστι τι ἀμερές ατ968a2. ἀμερὲς ἀμερȣ͂ς ȣ̓κ
3546	ἔστιν ἐχόμενον Φζ6. 237b7. 5. 236b12. 1. 231a28. 2. 233
3547	b32 (syn ἄτομον b17). τὸ ἀμερὲς ȣ̓κ ἐνδέχεται κινεῖσθαι
3548	Φζ10. 240b8. 8. 239a4. θ6. 258b25, 18. ȣ̓σία ἀμερὴς ϗ̀
3549	ἀδιαίρετος Μλ7. 1073a6. εἰ μεριστὴ ἢ ἀμερὴς ἡ ψυχή ψα1.
3550	402b1. ηεβ1. 1219b32. — τὰ καθόλȣ dicuntur ἀμερῇ
3551	Αδ19. 100b2 Wz, cf Μμ8. 1084b14.
3552	ἄμεσος. τὰ ἄμεσα, syn ἀναπόδεικτα, opp ἀποδεικτά, δι
3553	ἀποδείξεως Αα35. 48a33, 37. γ2. 71b27. 3. 72b22. 17.
3554	81a36. ȣ̓κ ἐνδέχεται ἐπίστασθαι δι' ἀποδείξεως μὴ γινώ-
3555	σκοντι τὰς πρώτας ἀρχὰς τὰς ἀμέσȣς Αδ19. 99b21. ἐξ
3556	ἀμέσων δεῖ εἶναι τὴν ἀποδεικτικὴν ἐπιστήμην Αγ2. 71b21,
3557	72a7. τὸ ἄμεσον ἀρχή Αγ24. 86a15. ἄμεσος ἀρχὴ συλ-
3558	λογιστική Αγ2. 72a15. ἄμεσα ϗ̀ ἀρχαί Αδ9. 93b22. ἄμε-
3559	σος, πρώτη ϗ̀ ἄμεσος πρότασις Αβ23. 68b30. γ2. 72a7.
3560	23. 85a1. ἄμεσον διάστημα, syn ἀδιαίρετον, opp διαιρετόν
3561	Αγ22. 84a35. ἵσταταί ποτε τὰ ἄμεσα Αγ3. 72b22. ἡ τῶν
3562	ἀμέσων ἐπιστήμη ἀναπόδεικτος Αγ3. 72b20. ὁ τῶν ἀμέσων
3563	ὁρισμός Αδ10. 94a9. τῶν ἀμέσων γνῶσις πῶς Αδ19. —
3564	ὅτι μάλιστα ἄμεσα (Wz, τὰ μέσα Bk) Αβ19. 66a37.
3565	ἀμεταβλησία, dist μονή Φε6. 230a10.
3566	ἀμετάβλητος ϗ̀ ἀρύθμιστος Μδ4. 1014b28. ἀμετάβλητον
3567	ἢ μὴ ῥαδίως ἐπὶ τὸ χεῖρον εὐμετακίνητον Μδ12. 1019a27.
3568	ἀμετακίνητος. ὁ τόπος ἀγγεῖον ἀμετακίνητον, Φδ4. 212a15.
3569	— ἀμετακινήτως ἔχειν, syn βεβαίως Ηβ3. 1105a33.
3570	ἀμεταμέλητος ὁ σπȣδαῖος Ηι4. 1166a29. ὁ ἀμεταμέλητος
3571	ἀνίατος, opp ὁ μεταμελητικός Ηη8. 1150a22.
3572	ἀμετάπειστος ὁ ἐπιστάμενος ἁπλῶς Αγ2. 72b3. ὑπόληψις
3573	ἀμετάπειστος ὑπὸ λόγȣ τε2. 130b16. 4. 133b30 sqq. 5.
3574	134a35. βέβαιον ϗ̀ ἀμετάπειστον ἡ σφοδρὰ δόξα ημβ6.
3575	1201b6. ἀμετάπειστόν τι ἡ ἀνάγκη Μδ5. 1015a3.
3576	ἀμετάπτωτος ἐπιστήμη τζ2. 139b33. ἀμετάπτωτος φιλία,
3577	ἡ ἀρετὴ ἀμετάπτωτον ημβ11. 1209b13, 14.
3578	ἀμετρία ἀκολȣθεῖ τῇ ἀνελευθεριότητι αρ7. 1251b15.
3579	ἄμετρος. διαφέρȣσι τῷ ἔμμετρα λέγειν ἢ ἄμετρα πο9. 1451
3580	b1. — ἄμετρον (codd, μέτριον Bk, fort ἄπειρον Bz Ar St I
3581	67) ξ1. 974a14.
3582	ἀμήχανος. ἀμήχανόν ἐστι γενέσθαι (Emped 102) ξ2. 975b2.
3583	— τῶν ἀγρίων ὀρνέων οἱ μὲν εὐμήχανοι πρὸς τὸν βίον, οἱ δ
3584	ἀμηχανώτεροι Ζιι11. 614b34. — ἰσχὺς ἀμήχανος Οβ9. 291
3585	a4. ψόφος ἀμηχανός τις τὸ μέγεθος Οβ9. 290b20. ἡδοναὶ
3586	ἀμήχανοι Ζμα5. 645a9. — διαφέρει ἀμήχανον ὅσον Μλ6.
3587	1071b37. Ηη5. 1147a8.
3588	ἀμία, piscis, refertur inter τὰ ἀγελαῖα Ζια1. 488a7. ἀμίαι
3589	ἔχȣσιν ὀδόντας ἰσχυρȣ́ς Ζιι37. 621a19. σαρκοφάγοι εἰσίν,
3590	ἅπτονται ϗ̀ φυκίων Ζιθ2. 591a11, b11. τὴν χολὴν ἔχȣσιν
3591	παρ’ ὅλον τὸ ἔντερον παρυφασμένην, πολλάκις ϗ̀ ἐπαναδί-
3592	πλωμα Ζμδ2. 676b21. Ζιβ15. 506b13. πȣ͂ γίνονται, πότε
3593	ἐμβάλλȣσιν εἰς τὸν Πόντον, ἀναπλέȣσιν εἰς τȣ̀ς ποταμȣ́ς
3594	Ζιθ13. 598a22, 27. 19. 601b21. πῶς θηρίον τι ἀμύνȣσιν
3595	Ζι37. 621a17. easdem fere notas complectitur f 291. πόθεν
3596	ὠνόμασται f 291. 1528b37. 313. 1531a27. (boniton C I
3597	138 putant scombrum amiam intelligi S II 174, scomber
3598	St K Cr, scomber amia L, s lichia amia Cuv F 304, 9, scom-
3599	ber sardo Ka Zι adα1, pelamys sarda, bonite AΖι1121 n 2).
3600	ἀμιγής. ὁ νȣ͂ς ἀμιγής (Anaxag), coni ἁπλȣ͂ς, καθαρός, ἀπα-
3601	θής, χωριστός ΜΑ8. 989b15, 17. Φθ5. 256b25. ψα2. 405
3602	a17. γ4. 429a18. 5. 430a18. ἡδέα ἐστὶν ὅταν εἰλικρινῇ ϗ̀
3603	ἀμιγῆ ἄγηται εἰς τὸν λόγον ψγ2. 426b4. ἡδοναὶ ἀμιγεῖς,
3604	opp μικταί Ηκ2. 1173a23. τὸ ἀγαθὸν ἀμιγές ἐστι τοῖς
3605	φαύλοις ημβ7. 1204a38. — τὰ τοῖς ἐναντίοις ἀμιγέστερα
3606	μᾶλλον τοιαῦτα τγ5. 119a27sqq. ἀμιγεστέρα ὀσμή πιβ4.
3607	907a1.
3608	ἅμιλλα. ὅπȣ ἅμιλλα, ἐνταῦθα ϗ̀ νίκη ἐστίν Ρα11. 1371a6.
3609	πρὸς τὸ καλὸν ϗ̀ διατεινομένων τὰ κάλλιστα πράττειν Ηι8.
3610	1169a8. (ἀδύνατον) ἐν τῷ πελάγει ἁμιλλᾶσθαι ἅρματα
3611	ξ6. 980a12.
3612	ἄμικτος. ἄμικτα δεῖν προῦπάρχειν ΜΑ8. 989b1. τὸ μεμιγ-
3613	μένον τȣ ἀμίκτȣ ἥδιον, οἱ της λύρας φθόγγοι ἀμικτότεροι
3614	τῇ φωνῇ πιθ43. 922a4, 16.
3615	ἀμμητος πκθ10. 951a6.
3616	Ἀμιναῖος οἶνος f453. 1552a32, 36, 39.
3617	ἀμιξία, opp μῖξις πν9. 485b18.
3618	ἄμισθος. ἐκκλησιάζειν ἀμίσθȣς Πζ5. 1820a18. ἀμίσθȣς ἄρ-
3619	χειν ἀριστοκρατικον Πβ11. 1273a17. — ἀμίσθων ȣ̓χ οἷόν
3620	τε ἄρχειν οα5. 1344b3.
3621	Ἀμισός Ζιε22. 554b15. οβ1350b27. Ἀμισηνὸς σίδηρος
3622	θ48. 833b22. f 248. 1524a6.
3623	ἅμμα. ἐὰν λυθῇ τὸ αμμα, ἀποθνήσκει τὸ ἔμβρυον Ζιη10.
3624	587a16.
3625	ἄμμορος (Hom Σ489, ε275) πο25. 1461a20.
3626	ἄμμος, def πκγ33. 935a11. cf 8. 932b13. φύεσθαι ἐξ ἄμμȣ
3627	ϗ̀ ἰλύος Ζιε11. 543b18. ζ15. 569a12. τρέφεσθαι φυκίοις
3628	ϗ̀ ἄμμῳ Ζιθ2. 591a22. ἐμπίπτειν εἰς τὴν ἄμμον Ζιδ1.
3629	524a19. πορεύεσθαι ἐν τῇ ἄμμῳ Ζκ2. 698b16. φωλεῖν ἐν
3630	τῇ ἄμμῳ sim Ζιθ15. 599b26. δ10. 537a25, 23. ὁ Χαλυ-
3631	βῖκὸς σίδηρος συμφύεται ἐκ τῆς ἄμμȣ τῆς καταφερομένης
3632	Ἀμμȣ́ς i q Ζεύς f 487. 1557b21.
3633	ἀμμώδης γῆ Ζιζ15. 569a29. ἡ Λβύη ἀμμώδης ϗ̀ ἄνικμος
3634	πιβ3. 906b19. ἰλὺς ἀμμώδης Ζιε15. 547b20. ἐν τοῖς ἀμ-
3635	μώδεσι (φύεσθαι al) Ζιε15. 547b14, 15. ι37. 620b16. μέλι
3636	Ἀμμων. αἱ ἐν Ἀμμωνι κρῆναι f 488. 1557b23. — ὁ ἐπὶ τὴν
3637	τȣ͂ ἈἌμμωνος (τριήρη ἱερὰν) ταμίας f. 402. 1545a36.
3638	Ἀμμωνία χώρα μα14. 352b32.
3639	Ἀμμωνιάς, τριήρης ἱερά, f 403. 1545b4, 18.
3640	b26.
3641	ἀμνημονεῖν Πε10. 1311b40.
3642	ἀμνημόνευτος. μὴ παραλιπεῖν ἀμνημόνευτον θ101. 839a10.
3643	ἀμνημοσύνη παρακολȣθεῖ τῆ ἀφροσύνη αρ6. 1251a3.
3644	b6. 2. 453b5. οι νανώδεις ἀμνημονέστεροι τῶν ἐναντίων
3645	μν2. 453b1. — ἀμνήμονες (ie ingrati) οἱ πολλοί Ηc7.
3646	1167b27.
3647	ἀμνός, i q φάγλος f 464. 1554b3.
3648	ἀμοιβαῖος (Emped 179) Μβ4. 1000b15.
3649	ἀμοιβὴ γίνεταί τινι ἀντί τινος Ηι1. 1163b35. ἡ ἀμ. γίνεται
3650	πρός τι Ηι1. 1164b19. τὴν ἀμοιβὴν ποιητέον πρὸς τὴν προ-
3651	αίρεσιν Ηι1. 1164b1. θ15. 1163a32.
3652	ἄμοιρος τῆς μεταβάσεως Ογ7. 306a3. τῆς ἀνθρωπικῆς ἀρε-
3653	τῆς Ηα13. 1102b12.
3654	ἀμόργης. τῆς ἐλαίας ὁ ἀμόργης χ5. 796a27.
3655	ἀμορφία φτα4. 819b36. coni ἀσχημοσύνη, ἀταξία Φα7.
3656	190b15.
3657	ἄμορφος. ἡ ὕλη ϗ̀ τὸ ἄμορφον Φα7. 191a10. ἀειδὲς ϗ̀ ἄ-
3658	μορφον δεῖ τὸ ὑποκείμενον εἶναι Ογ8. 306b17. — οἱ τὴν
3659	ὄψιν ἄμορφοι f 108. 1495b11.
3660	ἀμȣργοὶ λαμπτῆρες (Emped 222, v l ἀμοργȣς) αι2. 437b28.
3661	ἀμȣσία ϗ̀ μȣσική, πάθος καθ᾽ αὐτόν Γα4. 319b27.
3662	ἄμȣσος. ῥαθυμία ἄμȣσος ρ1. 1421a33. γίγνεται ἐκ μȣσικȣ͂
3663	ἄμȣσος Φα5. 188b2. Γα4. 319b25. Ζγα18. 724a26.
3664	ἀμπέλινα φύλλα Ζμγ5. 668a23.
3665	ἀμπελογενῇ ἐλαιόπρωρα Φβ8. 199b12.
3666	ἄμπελος κ6. 400b34. ἀμπέλων συστάδες Πη11. 1330b29.
3667	ἱστάναι τὰς ἀμπέλȣς ἐν καλάμοις Ζιε30. 556b3. ἄμπελοι
3668	τραγῶσαι Ζιε14. 546a2. Ζγα18. 725b34, 726a2. τὰ τῶν
3669	ἀμπέλων φύλλα ἐσχισμένα φτα5. 820a16. ὁ χυμὸς ὁ στά-
3670	ζων ἐκ τῆς ἀμπέλȣ͂ φτα3. 818b35. ἄμπελός τις ἣν καλȣ͂σι
3671	κάπνεον Ζγδ4. 770b20. ἄμπελος Ἀνθηδονιὰς ϗ̀ περείας
3672	f 554 1569b34 (Vitis vinifera L).
3673	ἀμπέχειν. ἀμπεχόμενοι, opp γυμνοί πβ9. 867a19.
3674	ἀμπεχόνη. καθάριοι περὶ ὄψιν, περὶ ἀμπεχόνην Ρβ4. 1381b1.
3675	ἀμπίσχειν σκέπασμα μικρὸν (τοῖς γεννωώμένοις) Πη17. 1336
3676	a17.
3677	ἄμπωτις μβ8. 366a19. πκγ17. 933b8. ἀμπώτεις λέγονται
3678	συμπεριοδεύειν τῇ σελήνη κ4. 396a26 (deler ad Met I 501).
3679	ἀμυγδαλῆ. ἀμυγδαλαῖ φτα5. 820b2. 7. 821a38, b19. φυ-
3680	τεύειν συμφέρει περὶ τὰ σμήνη ἀμυγδαλῆν Ζιι40. 627b18.
3681	ἐπιθεῖναι ταῖς ῥίζαις αὐτῶν κόπρον χοιρείαν f 255. 1525b5.
3682	(Amygdalus communis L).
3683	ἀμύγδαλον. δρυοκολάπτης ἀμύγδαλον διέκοψε Ζιι9. 614b15.
3684	τὰ ἀμύγδαλα χρησιμώτατα πρὸς τὸ μέλι ποιεῖν θ20. 832
3685	a1. eorum amaritudo explicatur f 256. 1525b9. (drupa
3686	Amygdali comunis).
3687	ἀμυδρός. φέγγος ἀμυδρόν μα6. 343b13 (cf ἀμαυρός b12).
3688	χρώματα ἀμυδρότερα μγ2. 372a2. — ἀμυδρῶς ὁρᾶν,
3689	βλέπειν θ176. 847b3. Ζιδ10. 537b11. ε30. 556b19. ἀμυ-
3690	δρῶς σημαίνεσθαι Ζιθ1. 588b18. θέναρ κακῶς ϗ̀ ἀμυδρῶς
3691	μιμȣ́μενον πτέρνην Ζιβ8. 502b9. τὴν ἀορτὴν ἔνια μὲν ἀμυ-
3692	δρῶς ἔνια δ᾽ ἀφανῶς ἔχει Ζμγ5. 668a3. Ζιδ8. 533a27.
3693	ἢ ὅλως ȣ̓κ ἔστιν ἢ μόλις ϗ̀ ἀμυδρῶς Φδ10. 217b33. ἐφή-
3694	ψαντο, ἀμυδρῶς μέντοι ϗ̀ ȣ̓δὲν σαφῶς ΜΑ4. 985a13. cf
3695	7. 988a23. 9. 993a13.
3696	ἀμύελοι χόνδροι Ζμβ9. 655a35.
3697	ἀμύητος Ργ2. 1405a21
3698	ἀμύθητον πλῆθος μυῶν Ζιζ37. 580b16. ἀμύθητον διαφέρει
3699	μγ4. 375a23. ἀμύθητον ὅσον διαφέρει Πβ5. 1263a40.
3700	Ἀμυκλαεῖς. ὁ τῶν Λακεδαιμονίων πρὸς Ἀμυκλαεῖς πόλεμος
3701	f. 489. 1557b42, 1558a5.
3702	ἀμύλιον ἐκ τȣ͂ σταιτός πδ21. 879a10.
3703	ἀμύνειν τȣ̀ς ἐπιόντας Πβ7. 1267a25. om obiecto Ζιι37. 621
3704	a18. — ἀνανδρίας ἡ ὑπομονὴ ϗ̀ τὸ μὴ ἀμύνεσθαι Ρβ6.
3705	1384a22. ἀμύεσθαι om abisctω Ζια1. 488b9. ιμ1. 628bn5.
3706	Ζμ2. 662b29. ἀμύνασθαι τȣ̀ς ἀδικήσαντας sim ρ3. 1425
3707	a12. Ζιζ29. 578b22. ἀμύνεσθαι πρός τι Ζμγ2. 663a12.
3708	ἀμύνεσθαι περὶ πάτρης (Hom M 243) Ρβ21. 1395a14. —
3709	ὁ χαρίεις ἀμύνεται εὖ δρῶν Ηθ15. 1162b10. ἀμύνασθαι
3710	ὁμοίως ἑὖ παθόντα ὥσπερ ϗ̀ κακῶς Ρβ23. 1398a25.
3711	Ἀμύνται, ἔθνος Θεσπρωτικόν f 452. 1552a25.
3712	Ἀμύντας, Ἀρχελάȣ υἱὸς ϗ̀ γαμβρός Πε10. 1311b14. —
3713	Ἀμύντας ὁ μικρός Πε10. 1311b3.
3714	ἀμυντῆρες τῶν ἐλάφων, τὰ προνενευκότα τῶν φυομένων κε-
3715	ράτων εἰς τὸ πρόσθεν, οἷς ἀμύνεται Ζιι5. 611b5 (admini-
3716	cula vertit Gaza, ramos Plinius, rectius propugnacula Sca-
3717	liger, defenses C, Augsprossen S II 34, Wehrzinken AΖι).
3718	ἀμυντικός Ηδ11. 1126a7. τὸ ἄρρεν ἀμυντικώτερον οα3.
3719	1344a1. ἀμυντικὸν ὄργανον Ζμδ6. 683a21. ζῷα ἀμυν-
3720	ἀμύντωρ πατρός (Eur Cr 1588) Ργ2. 1405b23.
3721	ἀμύττειν τοῖς ὄνυξιν Ζιι32. 619a23.
3722	ἀμφί. οἱ ἀμφ᾽ αὐτὸν βασιλέα κ6. 398a20.
3723	Ἀμφιάραος. Πιττακȣ͂ ἀπόφθεγμα εἰς Ἀ. Ρβ12. 1389a16.
3724	— Ἀμφιάραος Καρκίνȣ πο17. 1455a27 (Nck fr tr p 619).
3725	ἀμφιβάλλειν (in dubitationem vocare, dubium esse) ηεη10.
3726	1243a12, 25.
3727	ἀμφίβιος ὁ κόρδυλος f 301. 1529b30. τὰ ἀμφίβια aqua-
3728	tilium in numerum referuntur f 301. 1529b38.
3729	παραλογισμοὶ παρὰ τὴν ἀμφιβολίαν τι4. 166a6-21. (cf ἀμ-
3730	φίβολον τζ6. 145b24) 19. 23. 179a20. ἡ περὶ τȣ́τȣ ἀμφι-
3731	βολία, coni syn ζήτησις φτα1. 815a29.
3732	ἀμφίβολον τζ6. 145b24. τὸ πλέων ἀμφίβολον πο25. 1461
3733	a26. νόμος ἀμφίβολος Ρα15. 1375b11. μὴ ἀμφιβόλοις ὀνό-
3734	μασι λέγειν Ργ5. 1407a32, 37. ὀνόμαζε τοῖς οἰκείοις ὀνό-
3735	μασι διαφεύγων τὸ ἀμφίβολον ρ26. 1435a33. συνορᾶν,
3736	προιδεῖν τὸ ἀμφίβολον τθ7. 160a29. ἀποκρίνασθαι πρὸς τὰ
3737	ἀμφίβολα διαιρ͂ντα λόγῳ Ργ18. 1419a20. — τὸ μαρτυ-
3738	ρȣ́μενον ἢ πιθανὸν ἢ ἀπίθανον ἢ ἀμφίβολον πρὸς πίστιν ρ16.
3739	1431b22. ἀμφίβολον ποιήσεις τὸ κατηγορȣ́μενον ρ8. 1429a4.
3740	ἀμφιδέξιος. εἰ τῇ ἀριστερᾷ μελετῶμεν ἀεὶ βάλλειν, γενοί-
3741	μεθ ἂν ἀμφιδέξιοι ημα34. 1194b34. cf Ηε10. 1134b34.
3742	Πβ12. 1274b13. πλα12. 958b20. μόνον ἀμφιδέξιον τῶν
3743	ἀμφιδοξεῖν. ἐν οἷς τὸ ἀκριβὲς μή ἐστιν ἀλλὰ τὸ ἀμφιδοξεῖν
3744	Ρα2. 1356a8. τι17. 176b23. ὅσα ἀμφιδοξȣ͂σιν τι17. 176
3745	b15. ὅ τι ἂν οἱ δικασταὶ ἀμφιδοξήσωσιν πκθ13. 951a31,
3746	b5. — pass τἀληθὲς ἀμφιδοξεῖται τι17. 176b20.
3747	δοξον ρ16. 1431b23.
3748	ἀμφικέφαλος. σκέλȣς τὸ μὲν ἀμφικέφαλον μηρός Ζια15.
3749	494a5.
3750	Ἀμφικτύων. Φύσκος, ὁ Ἀμφικτύονος f 520. 1563a32.
3751	Ἐριχθόνιος, ὁ Ἀμφικτύονος f 594. 1574b22. — οἱ Ἀμ-
3752	φικτύονες πρὸς τὸν πόλεμον ὥρμησαν, ἀγῶνα ἔθηκαν f 572.
3753	1572a26. 594. 1574b37.
3754	ἀμφικύπελλον. ἡ τῶν ἀμφικυπέλλων βάσις Ζιι40. 624a9.
3755	ἀμφίκυρτος σελήνη, dist μηνοειδής, διχότομος Οβ11. 291
3756	b20. 14. 297b27.
3757	ἀμφίλογος. ὀφείλημα δῆλον κȣ̓κ ἀμφίλογον Ηθ15. 1162
3758	b28.
3759	Ἀμφίμαχος. ἐπίγραμμα ἐπὶ Ἀμφιμάχȣ f596. 1576b7.
3760	ἀμφινάοντος (Emped 228) αι2. 438a2.
3761	Ἀμφίπολις, Ἀμφιπολῖται, στάσεις πρὸς τ̀ς Χαλκιδέων
3762	ἐποίκνς Πε3. 1303b2. 6. 1306a2. — ἡ Θράκη ἡ ὑπὲρ Ἀμ-
3763	φίπολιν θ118. 841b15.
3764	ἑφισβητειν. ἀμφισβητȣ͂ντες προστιθέασιν ἀεὶ τὸ ἴσως Ρβ
3765	ἀ13. 1389b18. — ἀμφ. περὶ τȣ͂ δικαίȣ, τῶν ζημιώσεων, τȣ͂
3766	νόματος al Πδ16. 1300b27, 22. 15. 1299a29. γ9. 1281
3767	a9. Ρα6. 1363b6. 3. 1358b31. ἀμφισβητεῖται περί τινος
3768	Ηε10. 1135b28. Ζιβ2. 501b5. — ἀμφ. c acc τὴν μὲν τȣ͂
3769	πράγματος ἰσότητα ὁμολογȣ͂σι, τὴν δὲ οἷς ἀμφισβητȣ͂σι Πγ
3770	9. 1280a19. pass ἀμφισβητεῖται τὸ ἀποδοθὲν γένος sim τδ2.
3771	122a19. Πγ1. 1275a2. ηεη3. 1237b9 (opp δοκειν). τὰ
3772	ἀμφισβητȣ́μενα Ρβ18. 1391b19. 21. 1394b10, 28 (coni
3773	παράδοξα). τὰ ἀμφισβητȣμενα ϗ̀ διαπορȣ́μενα ηεα4. 1215
3774	a20. — ἀμφ. c dat τὸν ἥττω τῷ κρείττονι ἀμφισβητεῖν
3775	Ρβ9. 1387a32. (ἡ ὑς) ὥσπερ ἀμφισβητȣ͂ν τῇ φύσει τῇ
3776	τωῶν μωνύχων δίχηλόν ἐστιν Ζγδ6. 774b22. ἀμφ. τοῖς φα-
3777	νεροῖς, τοῖς αινομένοις Φθ3. 253b29 (cf μάχεται τοῖς φα-
3778	νεροῖς ὁ ἀμφισβητῶν Φθ3. 254a8). Ηη3. 1145b28. ἀμ-
3779	φισβητητέον τοῖς εἰρημένοις Ηγ7. 1113b17.cf Ζγγ5. 755
3780	12. τῶν ἀμφισβητȣ́ντων λόγων ἀκηκοέναι νσπερ ἀντιδίκων
3781	Μβ1. 995b3. Οα10. 279b9. ηεα3. 1215a6. — ἀμφ. ὡς
3782	ȣ̓ δεῖ sim Πη1. 1323a24. γ16. 1287b17. — ἀμφισβητεῖν
3783	sensu forensi i d causam dicere vel adversarium esse in iu-
3784	dicio Ηε7. 1132a19. Πδ4. 1291a40. πκθ13. 951b9 (opp
3785	ἐγκαλεῖν). οἱ ἀμφισβητȣ͂ντες Ρα1. 1354a27, 31,b4. 7. 1365
3786	a2al. dist οἱ συμβȣλεύοντες, οἱ ἐπιδεικνύμενοι Ρβ18. 1391
3787	b26. 23. 1399b31. οἱ ἀμφισβητȣ͂ντες aut κατηγορȣ͂σιν aut
3788	ἀπολογȣ͂νται Ρα3. 1358b12. ἀμφισβητεῖν πρός τινα Ρβ23.
3789	1398b1. — ἀμφισβητεῖν τινός Πγ12. 1283a11 (syn ἀντι-
3790	ποιεῖσθαι a16, cf a38). 8. 1280a6. δ8. 1294a19. Ηδ10.
3791	1125b17. ηεα4. 1215a26. ἀμφισβητεῖν ἱερωσύνης f 385.
3792	1542a31, 37. (cf ἀμφισβητεῖν πρός τι Πγ13. 1283a24).
3793	ὡς ἐρήμης ἀμφισβητεῖν Ηδ10. 1125b18.
3794	ἀμφισβητημα Πγ2. 1275b37.
3795	ἀμφισβητήσιμόν ἐστι Μβ2. 996b27. γ5. 1010a17. Ογ3.
3796	302a17. Πβ9. 1270b39. ἀμφισβητησιμα ἀγαθά, opp ὁμο-
3797	λογȣ́μενα Ρα6. 1362b29. (εἰς ἐμφανῶν κατάστασιν) ὑπὲρ
3798	τȣ͂ τὰ ἀμφισβητήσιμα εἶναι ἐν φανερῷ f. 382. 1541b28.
3799	ἀμφισβήτησις ὑποφαίνεται Ηα4. 1096b8. ἀμφισβήτησίς
3800	ἐστι ηεη10. 1243b37. ημβ11. 1210a37. ἀμφισβήτησίς
3801	ἐστι (εἰσὶν ἀμφισβητήσεις) περί τινος Φθ3. 253a34. Οβ13.
3802	294b31. Ρα13. 1374a11. γ5. 1416a9. πολλαὶ περὶ τὴν
3803	σκέψιν ταύτην εἰσὶν ἀμφισβητήσεις Πη5. 1326b36. αἱ δ
3804	ἀμφισβητήσεις (int εἰσὶν) ἢ μὴ γεγονέναι ἢ μὴ βλαβερὸν
3805	εἶναι Ργ16. 1417a8. ἔχει ἀμφισβήτησιν Κ7. 8a26. Μβ3.
3806	998b17. Ηα11. 1100a18. γ1. 1110a7. θ15. 1163a9. κ1.
3807	1172a27. 5. 1175b33. τοσαύτην τὸ θερμὸν ϗ̀ τὸ ψυχρὸν
3808	ἔχει ἀμφισβήτησιν Ζμβ2. 648a34. ποιεῖσθαι τὴν ἀμφισβή-
3809	τησιν ἔν τινι Πγ12. 1283a15. — sensu forensi αἱ περὶ τῶν
3810	ἱερῶν τοῖς ἱερεῦσιν ἀμφισβητήσεις, ἀμφισβήτησις ἱερωσύνης
3811	f385. 1542a19, 32, 38.
3812	Ἄμφισσα πόθεν ὠνόμασται f 521.
3813	ἀμφίστομοι θυρίδες ϗ̀ αἱ τȣ͂ μέλιτος ϗ̀ των σχαόννν Ζι
3814	40. 624a8.
3815	Ἀμφιτρύων θ58. 834b26. f 4801556b31, 39.
3816	ἀμφιφαής, opp ἑσπέριος, ἑῷος κ4. 395b14.
3817	ἀμφορεὺς οἴνȣ, γάλακτος Φδ3. 210a32. Ζιγ20. 522a30.
3818	21. 522b16. ἀμφορεὺς κενός πκε2. 938a9. ἀμφορεῖς ἀπο-
3819	λελιθωμένοι θ52. 834a28. οἱ Κερκυραῖκοὶ ἀμφορεῖς θ104.
3820	839b8. — ἀμφορεῖς δύο ἐν τοις δικαστηρίοις, ὁ μὲν κύριος
3821	ὁ δ᾽ ἄκυρος f 426. 1548b31, 39.
3822	ἀμφοτερακις μχ24. 855b32. πια31. 902b31.
3823	ἀμῶς γέ πως Φβ4. 196a16. Μδ16. 1022a2. Ργ14. 1415
3824	b30. ἀποδεῖξαι ἢ ἀκριβῶς ἢ μαλακῶς ἢ ἁμῶς γέ πως Γβ
3825	6. 333b26.
3826	ἄν. iormula κἂν εἰ ia usurpata, ut consopita per usum vi
3827	particulae ἄν (Buttm ad Dem Mid n 153) idem fere valeat s
3828	ac ϗ̀ εἰ nec particula ἄν quidquam faciat ad determinan-
3829	dum modum verbi in apodosi, ad quam pertineat, admodum
3830	saepe apud Ar legitur (Vhl Poet I35), veluti κἂν εἰ δὲ τῆς
3831	ἀποφάσεως ἴδιον τὸ ἀποδοθέν, ȣ̓κ ἔσται τῆς φάσεως ἴδιον
3832	τε6. 137a31. cf Αα19. 38b12. τε1. 129a26. 6. 135b29, 1
3833	35, 136a9, 17, (20), 24, (27), (ι 24. 179b22). Φζ7. 237
3834	b34. θ3. 254a28. Οα6. 274a24. 7. 274a32. 11. 281a15.
3835	γ2. 300b17. Γα1. 315a2. 6. 322b28. 8. 326a6. 10. 327.
3836	b4. μα3. 339b12, 15, 340a5. (6. 343b33). ψγ9. 432a21.
3837	Ζμα5. 645a31. β3. 650a6. Ζγα18. 724a9. δ1. 765a1. 15
3838	ΜΑ5. 986a6. β1. 995b12, 996a14. 2. 996b32. 3. 998b6.
3839	γ4. 1009a2. 5. 1011a1. Ηα10. 1099b14. ε7. 1132a11.
3840	η8. 1150a15. ηεα5. 1216b1. β6. 1222b36. η2. 1237a21.
3841	Πα3. 1253b16. γ6. 1278b7. (8. 1279b22). η4. 1326a17.
3842	θ5. 1339b4. (πο1. 1447a24). πγ26. 875a16 al. οἷον κιθά a0
3843	ραν κἂν εἴ τι τοιȣ͂τον ἕτερόν ἐστιν Πθ6. 1341a19, cf eius-
3844	modi formulas quibus enumeratio rerum similium contra-
3845	hitur Φθ1. 252a20. Ζιε8. 542a11. Ζμβ4. 650b26. Πα9.
3846	1257a38. (β1. 1260b31). 9. 1269b26. δ2. 1289b15. 3.
3847	1290a1. 4. 1291b27. ζ8. 1323a2. η5. 1327a8. θ6. 1340 as
3848	a37. (uncinis inclusi sunt ii loci, in quibus εἰ coniunctum
3849	cum coniunctivo exhibetur, de quorum ratione v s εἰ. quam-
3850	quam frequentissimus est usus formulae κἂν εἰ, non deest
3851	tamen καὶ εἰ, veluti ψβ3. 414b18. Ζιε8. 542a11. Ζμβ8.
3852	653b32. 9. 655b18. Ζπ7. 707a21, ubi aliquot codd κἂν a0
3853	εἰ habent; sine v l Αα10. 30b14. 14. 33a12.)— insolentior
3854	videtur usus formulae κἂν εἰ ubi καί pertinet ad vocabulum
3855	similitudinem significans (παραπλήσιον, ὅμοιον, τὸ αὐτό),
3856	veluti παραπλήσιον γὰρ κἂν εἰ τȣ͂ ιὸς ἄρχειν ἀξιοῖεν Πγ13.
3857	1284b31. cf Φθ5. 257a9. αν9. 475a12. πλ7. 956a18. a
3858	κἂν εἰ καὶ πι 65. 898b6. ipsum κἄν non sequente εἰ ita
3859	usurpatur, ut a simplice καί vix distinguatur ἔπειτα κἂν ȣτως
3860	ȣ̓δὲν ἧττον ἄλογα τὰ συμβαίνοντα Ογ7. 305b6. ἀλίσκονται
3861	οἱ ἰχθύες, εἰ μὴ διὰ τȣς φθεῖρας, κἂν ὥστε τῇ χειρὶ λαμ-
3862	βάνειν ῥαδίως Ζιδ10. 537a6. ὅταν ἄρξηται τὸ πάθος κἂν 
3863	ὁσονȣ͂ν Ζιθ21. 603b5. Κ10. 13a25 (κἂν ἐξαδυνατȣ͂ν μένει
3864	θ1. 830a17, κἂν ἐξαδυνατῇ pid e codd). ubi in voc κἄν
3865	particula ἄν suam vim retihnet ad determinandum apodosis
3866	modum, plerumque iteratur, κἂν εἰ σταίη, κινηθείη ἂν πάλιν
3867	sim Οβ2. 285b7. Φζ4. 234b33. ψβ10. 422a11. Ζμα1. 45
3868	640a23, 24. Μζ16. 1040b34. (Ρα11. 1370a29 Bk, sed
3869	ἀεὶ ἐν pro κἂν cod Ae Spgl). — ὥσπερ ἂν εἰ, καθάπερ
3870	ἂν εἰ i q ὥσπερ Οβ14. 297a14. γ5. 304a21. ὥσπερ
3871	κἂν εἰ Ζγα18. 722a30. ὡς κἂν εἰ κ5. 396b1. ὡς ἂν
3872	Ηε1. 1129a17. — εἰ πάθοι ἂν sim in enunciatione in- 59
3873	terrogativa ψβ12. 424b3. Ρβ20. 1393b15. 23. 1398a6,
3874	in protasi conditionali ψγ12. 434a33. Ρβ23. 1398a10
3875	(cod As Spgl, ἂν om Bk), 1399b20 (ἂν unc incl Ηk). γ7.
3876	1408a15. Ηκ10. 1180b25. — infnitivs aoristi c part ἄν
3877	et infnitivus futuri inter se coniuncti ὅταν ἐπιχειρȣ͂ντες ἢ s5
3878	μηδὲν ἂν παθεῖν μηδὲ πείσεσθαι ἢ κατορθώσειν οἴωνται Ρβ5.
3879	1383b9. — ἄν e priore membro repetendum ad posterius
3880	ἔξεστι ποιεῖν ὅτι ἂν θέλωσι τοῖς γνωρίμοις μᾶλλον, ϗ̀ κη-
3881	δεύειν ὅτῳ θέλωσιν Πε7. 1307a37. contra non rara sunt
3882	exempla iteratae in eodem membro particulae ἄν, veluti co
3883	ȣ̔τως γὰρ ἂν ἔχον χρησιμτατον ἂν εἴη πρὸς τὴν ἰσχύν sin
3884	Ζμβ8. 654a18. τζ3. 140b36. Ηζ1. 1138b29. ε14. 1137
3885	b22 (cf γ11. 1116b36 vl) Πβ7. 1267a39. γ9. 1280a36.
3886	δ3. 1290b4. πο25. 1460b7 al. Vahlen Poet IV 408, 438,
3887	cf supra de formula κἂν εἰ extr. — singularia quaedam,
3888	deberi videntur. aliquoties ἄν deest apud optativum po-
3889	tentialem Πγ13. 1283b15. ζ8. 1322a35 (Bka utroque
3890	loco ἂν addit). Ρβ23. 1398a7 (ἂν om cod Ac, add Bk
3891	Spgl). ηεγ1. 1229b34, 38 (fort ἂν ἀνδρεῖος pro ἀνδρεῖος),
3892	a27 (fort γὰρ ἂν pro γὰρ). φ2. 807a10 (fort ὑπολαμβάνο-
3893	μεν pro ὑπολαμβάνοιμεν). 4. 808b21 (fort δῆλον ἂν pro
3894	δῆλον). imperfectum conditionale de re non facta sine part
3895	ἄν πκε14. 939b2. κϛ12. 941a39. 48. 945b30 (ubivis fa-
3896	(δύναιτοέ) χρῆσθαι ημα2. 1183b29. — insolito loco posita
3897	part ἄν: εἴτε ἂν λαθεῖν πράξαντες Ρα12. 1372a7 (i e εἶτε
3898	οἴονται λαθεῖν ἂν πράξαντες, fort scribendum ἔτι ἂν λαθεῖν
3899	πράξαντες sc. οἴωνται. Spgl ci εἶτ' ἐὰν λαθεῖν πράξαντεε).
3900	ἐκέλευεν οβ 1353b23. — ἂν c coniunctivo, ubi requiritur
3901	optativus potentialis, exhibetur φτα1. 815a28, b25. 7. 821
3902	b29. β2. 823b35. 6. 826b27.
3903	ἀνά. ἀνὰ γῆν ἐλίττεσθαι κ3. 392b16. ἀνὰ τὴν γῆν φέρεσθαι
3904	ἡμέραν Ζιζ1. 588b18. ἀνὰ πᾶσαν ὥραν κ82. 836b15. ἀνὰ
3905	πέντε i e quini Ζιη4. 584b35. ἀνὰ μέρος, opp πάντες ἅμα
3906	Πδ15. 1300a24. cf ε8. 1308b25. γ16. 1287a17. — ἀνὰ
3907	λόγον v s ἀνάλογον. ἀνὰ μέσον i q μεταξύ v sμέσον extr.
3908	ἀναβαδὸν ποιȣ͂νται τὴν ὀχείαν Ζιζ30. 579a19.
3909	ἀναβαθμοί οβ1347a5.
3910	ἀναβαίνειν. 1. ἀναβαίνειν ἐπὶ τὸν ἵππον, ἐπ' ἐλέφαντας, ἐπὶ
3911	τὰ δένδρα Ρβ20. 1393b17. Ζιθ24. 604b11. ι1. 610a25.
3912	δάκτυλον Ζιε30. 556b19. ἀναβαίνειν ἐκ τῆς θαλάττης εἰς
3913	τȣ̀ς ποταμȣ́ς, ἀνὰ τȣ̀ς ποταμȣ́ς Ζιζ14. 569a7. ι33. 616
3914	a32. φλεβὸς μέρος ἀναβαίνει εἰς τὸν ἀριστερὸν βραχίονα
3915	Ζιγ4. 514b7. — absol ἀναβαίνοντες τὰ γόνατα πονȣ͂μεν,
3916	i q ὀχεύειν. ἀναβαίνειν ἐπί τινα Ζιε2. 539b24. ζ18. 572b4.
3917	21. 575a16. 22. 576a18. ι47. 630b31. Ζγβ8. 748a33.
3918	θ2. 830b5. ἀναβαίνειν abs Ζιε7. 541b28. ζ2. 560b27. 24.
3919	577b19. 34. 580a6. Ζγα16. 721a15.
3920	— ἀναβάλλεσθαι (differre) τȣὰς πολέμȣς, dist διαλύεσθαι
3921	(Isocr 4, 172) Ργ10. 1411b14.
3922	ἀναβιȣ͂ν. τὸ παιδίον πάλιν ἀνεβίωσε Ζιη10. 587a24. τὰ πε-
3923	πνιγμένα πάλιν ἀναβιοῖ θ29. 832b6.
3924	13a35. ἐγείρεται ϗ̀ ἀναβλέπει Ζιζ3. 562a19. — ἀναβλέ-
3925	πειν εἰς τὸν ȣ̓ρανόν μα8. 346a34. f 13. 1476a26.
3926	ἀνάβλεψις ϗ̀ ἁφὴ πότερον γενέσεις εἰσίν Φη3. 247b21, 8.
3927	ἀναβλύζειν trans ἡ κρήνη ἀναβλύζει ἔλαιον θ113. 841a17.
3928	— intr φλόγες ἐκ γῆς ἀναβλύσασαι κ6. 400a32.
3929	ἀναβλύσεις πηγῶν κ4. 396a22.
3930	ἀναβοᾶν. οἱ ἀλγȣ͂ντες ἀναβοῶσιν πκζ9. 948b21.
3931	ἀναβολὴ τῶν πομφολύγων πκδ6. 936b1. — ἀναβολὴ χρόνȣ,
3932	χρόνιος Ρα12. 1372a34, 35. ὀφείλημα φιλικὸν τὴν ἀναβο-
3933	λὴν ἔχει Ηθ15. 1162b29. — αἱ ἐν τοῖς διθυράμβοις ἀνα-
3934	βολάί Ργ9. 1409a25, cf b25, 27, 29.
3935	ἀναβράττεσθαι ἐν τοῖς λίκνοις μβ8. 368b29.
3936	ἀναγγέλλειν τῷ δήμῳ Ηγ5. 1113a9. ἀναγγέλλειν c inf
3937	οβ1347b22.
3938	ἀνάγειν. ὁ ἥλιος ἀνάγει τὸ ὕδωρ, τὸ ἀναχθὲν ὕδωρ πάλιν
3939	καταβαίνει, ἡ ἀναχθεῖσα ἀτμίς sim μβ3. 356b30, 357a7,
3940	14. 4. 360a1. 2. 355a26. α9. 347a8. 13. 349b3 al. πκγ30.
3941	934b27, 31. ἀνάγεσθαι, i e ἀναπλεῖν Ζιθ28. 606b12. —
3942	αἱ ἀπὸ τȣ͂ ηκ ἀναγόμεναι γραμμαί μγ5. 376a1. εἰ ἀνῆκτο
3943	ἡ παρὰ τὴν πλευράν Μθ9. 1051a25. — ἀνάγειν πάντα εἰς
3944	τὸν δῆμον, ἀνάγεσθαι εἰς δικαστήριον Πδ4. 1292a25. β8.
3945	1267b40. εἰς αὑτὸν ἀνάγειν τὴν ἀρχὴν τῆς πράξεως Ηγ5.
3946	1113a6. ηεβ10. 1226b13. Ρα4. 1359a38. ἀναγαγεῖν εἰς
3947	ἄλλας ἀρχάς Ηγ7. 1113b20. ἀνακτέον τὰς αἰτίας εἰς τὴν
3948	ὕλην ϗ̀ τὴν κινήσασαν ἀρχήν Ζγε1. 778b1. λύειν τῷ εἰς τὰ
3949	ὑπάρχοντα ἀνάγειν ἔθη ὅτι τοιαῦτα ἦν f 158. 1504b36. ἀνάγειν
3950	τὴν δύναμιν εἰς τὴν ἐνέργειαν Ηι9. 1170a18. Μθ9. 1051a30.
3951	ἀν. εἰς τὸ δυνατόν μα7. 344a6. εἰς τȣ̀ς ἀριθμȣ́ς Μζ11.
3952	1036b12. ημα1. 1182a13. ἀνάγειν τὰς διαφορὰς εἰς τὰς
3953	πρώτας, πάσας τὰς ἐναντιώσεις εἰς μίαν, ἀν. εἰς ἄλλον
3954	ὁρισμόν sim Γβ2. 330a25. Φα6. 189b27. β3. 194b22. 7
3955	198a16. η2. 243a18, 25. ΜΑ3. 983a28. α2. 994b17. γ2.
3956	1004a1, b28, 34. ι4. 1055b29. κ3. 1061b14. μ7. 1082
3957	b27. Ζγε8. 789b3. 1. 778b1. Ζια16. 494b25. Πε11. 1314
3958	a25. ημβ11. 1210a24. ηεη5. 1239b10 al. αἱ ἐναντιώσεις
3959	ἀναχθήσονται πρὸς τὰς πρώτας Μκ3. 1061a13. ἀνάγειν τȣς
3960	συλλογισμȣ̀ς (τȣ̀ς λόγȣς) εἰς τὰ προειρημένα σχήματα, εἰς
3961	θάτερον sim Αα32. 46b40 (syn ἀναλύειν 47a4), 47a21
3962	(Wz, ἀγαγεῖν Bk), 36. 35. 48a31. 44. 50a17, 26. 45. 50
3963	b6, 18, 51b3 (syn ἀναλύειν) al. ἀνάγονται πάντες οἱ συλ-
3964	λογισμοὶ εἰς τȣς ἐν τῷ πρώτῳ σχήματι Αα7. 29b1. 23. 40
3965	b19, 41b5. ἀνάγειν τȣ̀ς συλλογισμȣ́ς (non addita praep εἰς)
3966	Αα35. 48a31. ἀνακτέον τȣ̀ς λόγȣς εἰς τὴν τȣ͂ ἐλέγχȣ ἄ-
3967	γνοιαν (syn ἀναλύειν εἰς) τι6. 168a18. ἀνάγειν εἰς γνωριμώ-
3968	τερον Μβ4. 1001a13. ζ16. 1040b20. ἀνάγειν ἅπαντα εἰς
3969	εὐμάθειαν Ργ14. 1415a38. ἀνακτέον τὸν λόγον ἐπὶ τȣς και-
3970	ρȣ́ς ρ3. 1423b25. ἀνάγεσθαι εἰς ἄπειρον Αγ3. 72b8. —
3971	ὑγιεινὸν λέγεται τῷ ἀνάγεσθαι πρὸς ὑγίειαν Μκ3. 1061a2.
3972	ἀνάγεσθαι πρὸς τὰς ἀρχάς ψα2. 405b12. cf ηεη6. 1240b18,
3973	38. ἀνάγειν πρὸς τὸ βέλτιον, πρὸς δόξαν πο25. 1461b10.
3974	Ογ7. 306a9, πρὸς ταύτας τὰς ὑποθέσεις Πε11. 1314a27.
3975	— ἐφ᾽ ὃ Δημόκριτος ἀνάγει τὰς αἰτίας Φθ1. 252a34.
3976	Ζγε8. 789b3.
3977	ἀναγινώσκειν, legere, πιη1. 916b1. 7. 917a18.
3978	ἀναγκάζειν. ἃ ἡμεῖς ἀναγκάσαιμεν ἂν ἢ πείσαιμεν Ρβ19.
3979	1392a27. ἀναγκάζοντες, syn διὰ βίας Πε4. 1304b9. ἡ
3980	βία με ταῦτ' ἀναγκάζει ποιεῖν (Soph Bl 256) Μδ5. 1015
3981	a31. — ἀναγκάζεσθαι c inf μγ1. 370b24. Πε3. 1303a7.
3982	5. 1304b30al. ὥσπερ ὑπ' αὐτῆς τῆς ἀληθείας ἀναγκασθέν-
3983	τες Φα5. 188b30.
3984	ἀναγκαῖος. τὸ ἀναγκαῖον ποσαχῶς λέγεται Μδ5 Bz. ἀναγ-
3985	καῖον τὸ μὲν βίᾳ ὅτι παρὰ τὴν ὁρμήν, τὸ δὲ ȣ̔͂ ȣ̓κ ἄνευ
3986	τὸ εὖ, τὸ δὲ μὴ ἐνδεχόμενον ἄλλως ἀλλ' ἁπλῶς Μλ7. 1072
3987	b11. ἀναγκαῖον ἁπλῶς, ἐξ ὑποθέσεως Ζμα1. 639b23, 24.
3988	— 1. ἀναγκαῖον τὸ μὴ ἐνδεχόμενον ἄλλως ἔχειν Μδ5. 1015
3989	a34. λ7. 1072b12. γ5. 1010b28. ἀναγκαῖα τὰ μὴ ἐφ
3990	ἡμῖν ὄντα πράττειν ρ2. 1422a19. τὸ ἀναγκαῖον ὁμωνύμως
3991	ἐνδέχεσθαι λέγομεν Αα13. 32a20. τȣ͂ ἀναγκαῖον εἶναι ἀπό-
3992	φασις τὸ μὴ ἀναγκαῖον εἶναι ε12. 21b26. τὸ ἀναγκαῖον εἶναι
3993	πῶς ἔχει πρὸς τὸ δυνατὸν εἶναι ϗ̀ τὸ ἐνδεχόμενον εἶναι ε13.
3994	ἀναγκαία πρότασις (i e πρότασις τȣ͂ ἐξ ἀνάγκης ὑπάρχειν)
3995	Αα3. 25a27. 9. 30a15. 10. 30b8 al. ἀναγκαῖος συλλογι-
3996	σμός Αα9. 30a16 al. περὶ συλλογισμῶν ἀναγκαίων (i e τȣ͂
3997	ἐξ ἀνάγκης ὑπάρχειν) Αα8-12. ἀναγκαῖον συμπέρασμαΑα9.
3998	30a29, 35 al. ἀναγκαῖον μέσον Αγ6. 75a13. ἀναγκαῖαι ἀρ-
3999	χαί Αγ6. 74b5. ἐξ ἀναγκαίων ὁ συλλογισμός Αγ6. 74
4000	b15sqq. τὰ ἀναγκαῖα ἐξ ἀναγκαίων δεῖ συλλογίζεσθαι Ρα2.
4001	1357a29. ἐκ τῶν ἐξ ἀνάγκης ἀναγκαῖον τὸ συμβαῖνόν ἐστιν
4002	ηεβ6. 1223a1. — τὸ ὡς ἐπὶ τὸ πολὺ γίνεσθαι ϗ̀ διαλείπειν
4003	τὸ ἀναγκαῖον Αα13. 32b6, 8. τὰ ἀναγκαῖα, dist τὰ ὡς ἐπὶ
4004	τὸ πολύ Ρα2. 1357a22, 27, 31. β22. 1396a2, 3.
4005	2. ἀναγκαῖον ἐξ ὑποθέσεως Ζμα1. 639b24. (cf τȣ́των
4006	μὲν ὄντων ἀναγκαῖον, ἁπλῶς δ᾽ ȣ̓κ ἀναγκαῖον Αα10. 30
4007	b38 Wz), ȣ̔͂ ἄνευ ȣ̓κ ἐνδέχεται ζῆν ὡς συναιτίȣ, ȣ͂ ἄνευ τὸ
4008	ἀγαθὸν μὴ ἐνδέχεται Μδ5. 1015a20, 22. λ7. 1072b12. ἐν
4009	τῇ ὕλη τὸ ἀναγκαῖον, τὸ δ' ȣ̔͂ ἕνεκα ἐν τῷ λόγῳ Φβ9.
4010	200a14, 15-20, 31. 8. 198b11. πᾶν ἡ φύσις ἢ διὰ τὸ
4011	ἀναγκαῖον ποιεῖ ἢ διὰ τὸ βέλτιον Ζγα4. 717a15. ȣ̓χ ὡς
4012	βέλτιστον, ἀλλ' ὡς ἀναγκαῖον διὰ τὸν ἴδιον λόγον τῆς ȣ̓σίας
4013	Ζμδ9. 685a18. ȣ̔͂ ἕνεκεν ϗ̀ βέλτιον, opp τὸ τȣτȣ ἕνεκεν ϗ̀
4014	ἀναγκαῖον Ζμγ10. 672b23. (τὸ τέρας ȣ̓κ ἀναγκαῖον πρὸς
4015	τὴν ἕνεκά τȣ ϗ̀ τὴν τȣ͂ τέλȣς αἰτίαν, ἀλλὰ κκτὰ συμβε-
4016	βηκὸς ἀναγκαῖον Ζγδ3. 767b14). ἡ ἀναγκαία φύσις, opp
4017	ἡ κατὰ τὸν λόγον φύσις Ζμγ2. 663b22. ἐκ τῶν περὶ τὰς
4018	ὀχείας συμβαινόντων ἀναγκαίων Ζγα12. 719b15. λέγω ἐξ
4019	ὑποθέσεως τἀναγκαῖα, τὸ δ' ἁπλῶς τὸ καλῶς Πη13. 1332
4020	a11. τὰ ἀναγκαῖα, opp τὸ καλόν Πδ4. 1291a17. πράξεις
4021	ἀναγκαῖαι, dist ἁπλῶς κάλλισται Πη13. 1332a13, 16. τῶν
4022	πρακτῶν τὰ μὲν [εἰς τὰ ἀναγκαῖα ϗ̀ χρήσιμα, τὰ δὲ Iεἰς
4023	τὰl καλά τὰ ἀναγκαῖα ϗ̀ χρήσιμα τῶν καλῶν ἕνεκεν Πη14.
4024	1332b32, a36. μαθήσεις ἀναγκαίαι ϗ̀ χάριν ἄλλων, opp
4025	ἑαυτῶν χάριν Πθ3. 1338a13. παιδεία ἀναγκαία ϗ̀ χρησίμη,
4026	opp ἐλευθέριος ϗ̀ καλή Πθ3. 1338a31. φιλία ἀναγκαιοτέρα,
4027	opp καλλίων ηεη10. 1243a35. ἔργα ἀναγκαιότερα, opp ἐν-
4028	τιμότερα Πα7. 1255b28. — λέγωμεν, αὐτὰ τὰ ἀναγκαῖα
4029	κεφαλαιȣ́μενοι κ4. 394a8. εἰλημμένων τῶν ἀναγκαίων Αβ19.
4030	66a36. ἐκ πόσων μερῶν ἀναγκαίων, ἀναγκαιοτάτων πόλις
4031	σύγκειται Πδ3. 1290a3. 4. 1291a12. ὅσα ἀναγκαιότατα
4032	μόρια τοῖς ζῴοις Ζια3. 489a15. αἴσθησις ἀναγκαιοτάτη τοῖς
4033	ζῴοις ἡ ἁφή ψβ2. 414a3. Σόλων τὴν ἀναγκαιοτάτην ἀπέ-
4034	δωκε τῷ δήμῳ δύναμιν Πβ12. 1274a15. ἐκκλησιάζειν τὰς
4035	ἀναγκαίας ἐκκλησίας Πδ6. 1292b29. ἀρχαὶ ἀναγκαῖαι εἰ
4036	ἔσται πόλις Πδ15. 1299a31. ἀρχαὶ ἀναγκαῖαι, opp κύριαι
4037	Πζ6. 1320b24. 8. 1321b6. ἡδοναὶ ἀναγκαῖαι Ηη8. 1150
4038	a16. 6. 1147b24, 25, 29. — τἀναγκαῖα, opp διαγωγή, ῥα-
4039	στώνη ΜΑ2. 982b23. 1. 981b18. cf Πβ7. 1267a3. τὰ
4040	ἀναγκαῖα, opp τὰ εἰς εὐσχημοσύνην ϗ̀ περιȣσίαν Πη10.
4041	1329b27, 28. ἀχορήγητον εἶναι τῶν ἀναγκαίων Πδ1. 1288
4042	b32. τὰ ἀναγκαῖα, dist τὰ συμφέροντα Πα5. 1254a22.
4043	χρῆσις (χρεία) ἀναγκαία, τῶν ἀνμγκαίων Πα5. 1254b29
4044	(opp βίος πολιτικός). 3. 1253b16. δ4. 1291a26. ζ8. 1321
4045	b16. ἔργα ἀναγκαῖα (βαναύσων, δȣλων) Πγ5. 1278a11.
4046	β6. 1265a7. τὰ πρὸς χρῆσιν τὴν μὲν θεωρίαν ἐλεύθερον ἔχει,,
4047	τὴν δ᾽ ἑμπειρίαν ἀναγκαίαν Πα11. 1258b11. σχολὴ τῶν
4048	ἀναγκαίων Πβ9. 1269a35. πράξεις ἀναγκαῖαι (ὠνή, πρᾶσις)
4049	Πη12. 1331b13. ἡ ἀναγκαία ἀγορά Πη12. 1331b11. εἶναι
4050	περὶ τὰς ἀναγκαίας τέχνας πλ10. 956b13.
4051	3. ἀναγκαῖον τὸ βίαιον Μδ5. 1015a28, 36. λ7. 1072b12.
4052	τὸ ἀναγκαῖον ἀνιαρόν (cf Εὔηνος) Μδ5. 1015a29. Ρα10.
4053	1370a10. ηεβ7. 1223a32. ἀναγκαῖοι πόνοι, ἀναγκαῖα γυ-
4054	μνάσια, syn οἱ πρὸς ἀνάγκην πόνοι, opp κȣφότερα γυμνάσια
4055	Πη17. 1336a5. θ4. 1339a4, 1338b40, 41.
4056	 τῶ᾽ μὲ τπα ζα τ διγαῖ ναι, τροὲbνί
4057	bendum est ἐν τῇ ἀναγνώσει).
4058	ἀναγνωρισμός. ἄνευ περιπετείας ἢ ἀναγνωρισμȣ, μετ᾽ ἀνα-
4059	γνωρισμȣ͂ ἢ περιπετείας πο10. 1452a16, 17.
4060	ἀνάγνωσις πιη1. 916b10. 7. 917a26 (πο26. 1462a17 v s
4061	γνωσις Ργ12. 1414a18.
4062	ἀναγνωστικός. βαστάζονται οἱ ἀναγνωστικοί Ργ12. 1413b12.
4063	ἀναγράφειν τὰς τῆς γῆς περιόδȣς μα13. 350a17. ἐκ τῶν 
4064	περὶ τὰς ἱστορίας ἀναγεγραμμένων δεῖ θεωρεῖν Ζγγ10. 761
4065	γραπται ἐν ταῖς ἱστορίαις θ134. 844a11. — ὕστερον ἀνα-
4066	γράψαι, opp περιγράφειν, ὑποτυπȣ͂ν Ηα7. 1098a21. —
4067	ἀναγράφεσθαι τὰ συμβόλαια πρὸς τὴν ἀρχήν Πζ8. 1321
4068	b34. ἀναγράφεσθαι τὴν τιμήν οβ1353a1. ἀνέγραφον τȣ̀ς
4069	1322a10.
4070	ἀναγραφὴν ποιεῖσθαί τινος θ101. 839a11 (cf μὴ παραλιπεῖν
4071	ἀμνημόνευτονa10). ἐν τῆ τῶν πυθιονικῶν ἀναγραφῆ f 572.
4072	1572a28. — συναλλαγμάτων ἀναγραφαί Πζ8. 1322b34.
4073	a30. τὴν ἀναγωγὴν ἡ νευρὰ ȣ̓ λαμβάνει ἐπὶ πολὺν τόπον
4074	ακ800b15. — 2. iq ἀπόπλȣς θ108. 840a33. — 3. logice
4075	cf ἀνάγειν, ἀνάλυσις. εἰς ἀρχὴν ποίαν ἡ ἀναγωγή Με3. 1027
4076	b14. cf γ2. 1005a1. κ3. 1061a11, 16. Αδ3. 90a37 Wz.
4077	— ἐξ ἀναγωγῆς, opp συνεχῶς Ζιε18. 550b11, 13. 
4078	ἀνάδαστος. ἀνάδαστον ποιεῖν τὴν χώραν Πε7. 1307a2. ρ3.
4079	1424a32. ποιεῖν ἀναδάστȣς τὰς ȣ̓σίας, τὰς κτήσεις Πε5.
4080	1305a5. 8. 1309a15.
4081	ἀναδέχεσθαι. τὰ ἐπὶ γῆς πολλὰς ἑτεροιώσεις ἀναδέδεκται
4082	κ6. 400a24.
4083	ἀναδιδόναι. trans μᾶλλον ἂν προέλοιντο Τελεσταγόρα δȣ͂ναι
4084	ἢ τοσȣ́τȣ ἀναδόσθαι (vendere) f 517. 1562b20. intr πότι-
4085	μον ὕδωρ ἀναδίδωσιν μα13. 351a15, 17. β2. 356a2. —
4086	ἐνίοτε ἂν ἢ ἀγαθὸν τὸ γένος, ἐγγίνονται διά τινος χρόνȣ
4087	δόναι) Ρβ15. 1390b28.
4088	ἀναδίπλωσις τȣ͂ ἐντέρȣ τȣ͂ σκάρȣ (χθύος) Ζιβ17. 508b13.
4089	ἀναδιπλώσεις τȣ͂ ἐντέρȣ τῶν κερατοφόρων Ζμγ14. 675b2.
4090	ἀνάδοσις. πνεῦμα ἄνω φερόμενον κατὰ τὴν ἐκ βυθȣ͂ τινὸς
4091	ἀνάδοσιν κ4. 395a9.
4092	ἀναδύνειν. ποταμοί, ἂν ἀφανισθῶσιν εἰς τὴν γῆν, πάλιν ἀνα-
4093	δύνȣσιν μβ2. 356a25. ὁ ναυτίλος πῶς ἐκ τȣ͂ βυθȣ͂ ἀναδύνει
4094	f 316. 1531b19.
4095	ἀναζεῖν. πῦρ ἀναζέσαι λέγεται θ39. 833a19. τὴν λίμνην ἀ
4096	τὸν θυμόν πκζ3. 947b32.
4097	ἀνάζεσις τȣ͂ ῥύακος θ40. 833a22.
4098	ἀναζευγνύναι ἀναζεύξας (i e ὁρμήσας) ἐβάδιζεν οβ1350
4099	b21.
4100	ἀναζωπυρεῖν θερμῷ τὸ θερμόν πν5. 484a7.
4101	ἀνάθημα. τὰ περὶ θεȣ̀ς ἀναθήματα Ηδ5. 1122b20. πόλις
4102	κοσμȣμένη ἀναθήμασιν Πζ7. 1321a38. τὰ ἀναθήματα τῶν
4103	Ἥρα πρόβατον ἀνάθημα ἀνῆψε f 532. 1566a26.
4104	ἀναθολȣ͂ν. ἡ πλεονάζȣσα θερμασία ἀναθολοῖ τὰ ᾠὰ οἷον σή-
4105	πȣσα Ζγγ2. 753a30. — ἀναθολȣ͂ται τὸ ὕδωρ, ὁ οἶνος sim
4106	Ζιθ2. 592a8. Ζγγ2. 753a26. πκγ8. 932b15.
4107	ἀναθρώσκει αἷμα (Emped 350) αν7. 473b16, 474a6.
4108	ἀναθυᾷ πάλιν ὗς Ζιε14. 546a28. ζ18. 573b8.
4109	ἀναθερμαίνεται ἡ γῆ, τὸ ὑγρόν Ζιζ15. 569b11. πζ2. 886
4110	a33. ἀναθερμανθέντες πκζ3. 948a11.
4111	ἀναθυμιᾶσθαι. ἡ γῆ ξηραινομένη ἀναθυμιᾶται μβ4. 360b32.
4112	ἐξατμίζοντος ϗ̀ ἀναθυμιωμένȣ ἐν αὐτοῖς τȣ͂ ὑγρȣ͂ Ζγε3. 782
4113	a32. cf κ4. 394a14. τὸ ἀναθυμιώμενον πῦρ μα3. 341a7.
4114	οἱ ἡρακλειτίζοντές φασιν ἐκ τῆς θαλάττης τὸν ἥλιον ἀναθυ-
4115	μιᾶσθαι πκγ30. 934b36. τὸ ἀναθυμιώμενον μα7. 344a21.
4116	— ἀναθυμιᾶται impers i q ἀναθυμίασις γίγνεται μβ5.
4117	361b28.
4118	ἀναθυμίασις. ἀναγκαῖον ϗ̀ ἀπὸ ὑγρȣ͂ ϗ̀ ἀπὸ ξηρȣ͂ γίγνεσθαι
4119	ἀναθυμίασιν μβ8. 365b22. διπλῇ ἡ ἀναθυμίασις (δύο ἀνα-
4120	θυμιάσεις, δύο εἴδη ἀναθυμιάσεως), ἡ μὲν ὑγρά, ἀτμιδώ-
4121	δης, ἡ δὲ ξηρά, καπνώδης μβ3. 357b24, 358a22. 4. 359
4122	b28, 360a8. 9. 369a12. γ7. 378a18. α9. 346b32. κ4. 394
4123	a9-15. ἀναθυμίασις ἡ μὲν ἀτμιδωδεστέρα ἡ δὲ πνευματω-
4124	δεστέρα μα4. 341b7. ἀναθυμίασις ξηρά, θερμή, πυρώδης
4125	μα7. 344a10. β4. 360b16. γ1. 371a5, 372b32. ἀναθυ-
4126	μίασις γῆς μα3. 340b26. (ἀναθυμίασις angustiore sensu τὴν
4127	ξηρὰν ϗ̀ θερμὴν ἀναθυμίασιν signifcat, ἔστιν ἀτμίδος μὲν
4128	φύσις ὑγρὸν ϗ̀ θερμόν, ἀναθυμιάσεως δὲ θερμὸν ϗ̀ ξηρόν·
4129	ἔστιν ἀτμὶς μὲν δυνάμει οἷον ὕδωρ, ἀναθυμίασις δὲ δυνάμει
4130	οἷον πῦρ μα3. 340b27, 29). νοτερὰ ϗ̀ ἀτμώδης ἀναθυμίασις
4131	κ4. 394a14, 20. κάτωθεν ἀναβαίνει εὔκρατος ἀναθυμίασις
4132	μα7. 344a20. συνεχὴς ȣ̓͂σα ἡ ἀναθυμίασις μβ8. 366a6.
4133	ἤδη ἐξεληλυθέναι τὴν ἀναθυμίασιν ϗ̀ ἄλλην μήπω ἐπιρρεῖν
4134	μβ5. 361b29. πλῆθος τῆς θερμῆς ἀναθυμιάσεως μα7. 344
4135	b24. ἐᾶται ἀθροίζεσθαι ἡ ἀναθυμίασις μα11. 347b11. ἀναθ.
4136	συνεστραμμένη φέρεται μβ9. 369a33. συμπεριλαμβάνει
4137	πολλὴν ἀναθυμίασιν ξηράν μβ3. 358a34. ὁ ἥλιος ἀσθενεῖς
4138	ȣ̓́σας τὰς ἀναθυμιάσεις μαραίνει μβ5. 361b15. ἀναθυμίασις
4139	ἐκκαομένη ὑπὸ τῆς κινήσεως, ἐγκατακλειομένη, ἀποσβεννυ-
4140	μένη διὰ ψῦχος, καταμαραινομένη ὑπὸ τȣ͂ πνίγȣς, παγεῖσα
4141	μα4. 341b35, 342a18. δ8. 384b33. β5. 361b26. γ7.
4142	378a29, b2. — ἀναθυμίασις in doctrina phvsiologica, ἔστιν
4143	ἡ μὲν ἀτμὶς ὑγρότης τις, ἡ δὲ καπνώδης ἀναθυμίασις κοι-
4144	νὸν ἀέρος ϗ̀ γῆς αι5. 443a27. ἡ ὀσμὴ καπνώδης τίς (πνευ-
4145	ματώδης) ἐστιν ἀναθυμίασις αι2. 438b24. 5. 445a26. ἡ
4146	περὶ τὴν τροφὴν ἀναθυμίασις υ3. 456a19. γίνεται ἀναθυ-
4147	μίασις εἰς τὰς φλέβας υ3. 456b3. ἡ περιττωματικὴ ἀνα-
4148	θυμίασις υ3. 458a2. πολλὴ προσπίπτει ἀναθυμίασις πρὸς
4149	τὸν ἄνω τόπον εν3. 462b7. πρὶν ἐπιστῆναι τὴν ἀναθυμίασιν
4150	ζ5. 469b31. ἡ ἐν ταῖς θριξὶν ἀναθυμίασις Ζγε3. 482b19.
4151	'Ηράκλειτος τὴν ἀρχὴν εἶναί φησι ψυχήν, εἴπερ τὴν ἀναθυ-
4152	μίασιν, ἐξ ἦς τᾶλλα συνίστησιν ψα2. 405a26.
4153	ναίδεια ἀκολȣθεῖ τῇ ἀκολασίᾳ αρ6. 1251a22.
4154	αναιδὴς λᾶας (Hom λ 598)Ργ11. 1411b34. — ἀναιδȣ͂ς ση-
4155	μεῖα φ3. 807b28-33. 6. 810a20. ὁ ἀτενὴς ὀφθαλμὸς ἀναι-
4156	δής Ζια10. 492a12. τὸ θῆλυ ἀναιδέστερον Ζιι1. 608b12.
4157	ναιμία. τὰ ἄναιμα ὀλιγόθερμα διὰ τὴν ἀναιμίαν Ζμβ7.
4158	652b26.
4159	ναιμος. 1. μόρια ἄναιμα. ȣ̓́τ' ἄναιμον ȣ̓δὲν αἰσθητικὸν ȣ̓́τε
4160	τὸ αἷμα Ζμβ10. 656b19, 21. γ4. 666a16. ἄναιμος ὁ ἐγ-
4161	κέφαλος, ἀναιμότατον τῶν ὑγρῶν τῶν ἐν τῶῷ σώματι πάν-
4162	των Ζια16. 495a4. γ3. 514a18. Ζμβ7. 652a35. (τὰ ζῷα)
4163	γίνεται πιότερα γινόμενα ἀναιμότερα· ἄναιμον γὰρ τὸ πῖον
4164	Ζιγ19. 520b33. ἄναιμος ὁ πλεύμων Ζμγ6. 669b8. ὅσα
4165	ἄναιμον ἔχει πλεύμονα ϗ̀ σομφόν, ἧττον δέονται τῆς ἀνα-
4166	πνοῆς αν1. 470b14. πόροι φλεβικοί τινες ἄναιμοι Ζιγ1. 510
4167	a16 (arteriae spermaticae AZι I 305 n 7). πόροι ἄναιμοι
4168	ἕτεροι Ζμγ9. 671b16 (ureteres, Harnleiter Fr 298. 59)
4169	πόροι ἄναιμοι ἕτεροι, τὸ ἄναιμον μέρος πόρȣ τινός, ὃ δέχεται
4170	τὸ σπέρμα Ζγβ4. 739a1. α6. 718a12 (vas deferens AZγ
4171	b1aB — ἢ ζἶῖα ἄνοία,  ἄȣινα α ὅτι ἐστὶ τῶὴ
4172	οἱ ὀφθαλμοί αι2. 438a24.
4173	ἀναιμότης τȣ͂ πλεύμονος Ζμδ1. 676a31.
4174	ἀναιρεῖν, locali sensu, ἀναιρȣ͂νται τὰ δίκτυα οἱ ἁλιεῖς Ζιθ19.
4175	602b9. ὁ μὲν τὴν ἀσπίδα ἀναιρεῖται κ6. 399b3. — ἀναι-
4176	sim, syn κτείνειν Ρα15. 1376a6. β21. 1395a16, 17. ἀναι-
4177	ρεῖσθαι, opp ὑγιάζεσθαι Ζγα18. 726a14. ἀναιρεῖν τȣ̀ς ὑπερ-
4178	έχοντας, τȣς φρονηματίας, τȣ̀ς κρείττȣς Πγ13. 1284a33.
4179	ε11. 1313a41. Ρβ5. 1382b18. cf κ4. 395b29. ἀναιρεῖν
4180	Ρα7. 1365a32 (syn ἐξαιρεῖσθαι, ἠφανίσθαι Ρβ10. 1411a2).
4181	ἀναιρεῖν συνθήκην, νόμȣς sim, ἀναιρεῖται ἡ πρὸς ἀλλήλȣς
4182	χρεία Ρα15. 1376b10, 11, 13, 1377b8. ἀναιρεῖν πολιτείας,
4183	ἀρχήν, τύραννον Πδ1. 1288b41. ε1. 1301b19 (opp κατα-
4184	1146b7. ἀναιρȣμένȣ τȣ͂ ὅλȣ ȣ̓κ ἔσται πȣ́ς Πα2. 1253a21.
4185	σῶμα πεπερασμένον ἀναιρεῖται ὑπὸ σώματος πεπερασμέν,
4186	τὸ ἄπειρον ȣ̓κ ἀναιρεθήσεται Φα4. 187b26. ζ7. 238a27. —
4187	ἀναιρεῖν ἱcogitando et ratiocinando evertere, refutare, opp
4188	συγχωρεῖν τι17. 176a28. dist διαιρεῖν τι18. 176b36, 177
4189	a4. ἀναιρεῖν ἐναντίως Αβ9. 60a16 Wz. ὁ καταφατικὸς συλ-
4190	λογισμὸς ἀναιρεῖται τῷ στερητικῷ Αα14. 33a12. ἀναιοεῖν
4191	τὸ πρόβλημα, τὸ προκείμενον, τὸν ὁρισμόν, τὴν ἐρώτησιν, τὴν
4192	178b14. 24. 179b7. ηεβ6. 1222b28. ἀναιρεῖν ἀνελεῖν
4193	τἀναντία, ὰ κωλύοντα Ρβ18. 1391b15. γ14. 1415a31.
4194	18. 1418b18, τὰ οἰκεῖα Ηα4. 1096a15, τὴν πίστιν Ηκ2.
4195	1173a1. ἀναιρεῖν τὸ διαλέγεσθαι, τȣ̀ς λόγȣς, τὸ ἐπίστα-
4196	sim Μκ5. 1062b11. 6. 1063b11. γ4. 1006a26. 8. 1012
4197	b15. 4. 1007a20. α2. 994b20. Α9. 992b9, 990b18. μ4.
4198	1079a14. 8. 1082b33. θ3. 1047a20. Φα2. 185a2. 8. 191
4199	b12. β4. 196a14. γ6. 206a17. Οα12. 283a6. γ4. 303
4200	κότες ἐσόμεθα τβ4. 111b23. ἀναιρεῖσθαι ἀναιρȣμένων Μδ8.
4201	1017b18. λ6. 1071a35. ἀναιρȣμένȣ τȣ͂ μετεχομένȣ ἀναι-
4202	ρεῖται τὰ μετέχοντα ηεα8. 1217b11. pass ἀναιρεῖται, ἀναι-
4203	ρεθήσονται, ἀνήρηται. ἀνήρητο. ἀνηρημένον ἔσται Μκ8. 1065
4204	a33. — ἀνεῖλεν ὁ θεός πο17. 1455b7. Ζιγ20. 522a18.
4205	f 66. 1487a15. — ἀναιρεῖν videtur intrans usurpatum esse
4206	πα19. 861b11, 15. — (ἀναιρεῖ f l ξ1. 974b6. cf Bz Ar
4207	Stud I p 70).
4208	ἀναιρετικά, syn φθαρτικά Ρβ8. 1386a6, 5, 7. ὅσων ἡ φύσις
4209	ἀναιρετικὴ τȣ͂ ζῆν ηεγ1. 1229a40. κίνδυνοι ἀναιρετικοὶ τῆς
4210	ȣ̓σίας ημα20. 1191a31. ἀρρωστήματα ἀναιρετικώτερα πα28.
4211	862b21. — ἀναιρετικοὶ ϗ̀ κοινοὶ λόγοι ηεα8. 1217b18.
4212	731b2. καταπίπτȣσιν οἱ ἄνθρωποι μετ᾽ ἀναισθησίας Ζιγ3.
4213	514a7. ἐξαιρȣ͂ντες διὰ τὴν ἀναισθησίαν (i e ὅτι αἴσθησιν ȣ̓κ
4214	εἶχον) τὸ μεταξύ Φδ11. 218b26. — opp ἀκολασία et σ-
4215	φροσύνη Ηβ7. 1107b8. 8. 1109a4. ηεβ3. 1221a2. γ2.
4216	Ηγ14. 1119a7.
4217	ναίσθητος. 1. act Ζμγ4. 667a13. δέρμα ἀναίσθητον Ζιγ11.
4218	517b31. ὑστέραι πυκνότεραι ἢ ἀναισθητότεραι Ζικ3. 635
4219	b10. 1. 634a4. τὰ ἄψυχα ϗ̀ ἀναίσθητα Φη2. 245a10.
4220	οἱ τὰς ἐν αὐχένι φλέβας καταλαμβανόμενοι ἀναίσθητοι γί-
4221	νονται υ2. 455b7. ἀναίσθητα τȣ͂ ὠφελȣ͂ντος, opp ἔχοντα
4222	αἴσθησιν πι32. 894a33. — ἀναίσθητος def, opp ἀκόλαστος
4223	et σωφρων Ηβ2. 1104a24. 7. 1107b8. ηεβ3. 1221a21.
4224	γ2. 1230b14, 1231a26. — stupidus, opp εὐφυής φ3. 807
4225	b19, 12. ἀναισθήτȣ σημεῖα φ3. 807b19-28. 2. 806b22. κο-
4226	μιδῆ ἀναισθήτȣ ἐστίν Ηγ7. 1114a10. ἐπιτιμᾶν ὡς ἀναι-
4227	σθήτῳ ημβ15. 1213a5. — 2. pass ἡ ὕλη ἀναίσθητος ȣ̓σα
4228	ϗ̀ ἀχώριστος Γβ5. 332a35. τὸ συμφυὲς ἀναίσθητον πλε1.
4229	964b24. ἐν ἀναισθήτῳ χρόνῳ Φδ13. 222b15. πγ10. 872
4230	b9. cf αι7. 448a25. ἐξ ἀναισθήτων ἡμῖν Φα4. 187b1. συγ-
4231	χεῖται ἡ θεωρία ἐγγὺς τȣ͂ ἀναισθήτȣ (χρόνȣl γινομένη πο7.
4232	1450b39 (cf Bz Ar Stud I 96). ποιεῖν τὴν κρᾶσιν ἀναίσθη-
4233	τον Πβ4. 1262b18. ἀναίσθητος μεταβολή, ἀπόλυσις τῆς
4234	ψυχῆς, πόνος μγ4. 374b35. αν17. 479a22. πια33. 903
4235	a20. — ἀναισθήτως διακεῖσθαι, opp αἰσθητικῶς ἔχειν
4236	ηεγ2. 1231a1. πγ5. 871a32.
4237	ἀναισχυντεῖν. ποῖα αἰσχύνονται ϗ̀ ἀναισχυντȣ͂σιν Ρβ6. 1383
4238	b12. — ὁ ἀναισχυντῶν πρὸς τὸν ἀναισχυντȣ́μενον Ργ11.
4239	1412a6.
4240	ἀναισχυντία, def Ρβ3. 1380a19. 6. 1383b16. opp αἰδώς,
4241	κατάπληξις Ηδ15. 1128b31 (cf β7. 1108a35). ηεβ3. 1221
4242	a1. γ7. 1233b27. ημα30. 1193a1.
4243	ἀναίσχυντος, opp αἰσχυντηλός Ρβ13. 1390a2. def et opp
4244	αἰδήμων, καταπλήξ Ηβ7. 1108a35. ηεγ7. 1233b28 ημα30.
4245	1193a2.
4246	ἀναίτιος. τὸ ἀναίτιον, syn μὴ αἴτιον Αγ13. 78b12, a29. τι5.
4247	167b21, 20. τὸ ἀναίτιον τιθέναι ὡς αἴτιον Αβ17. 65b16.
4248	τόπος παρὰ τὸ ἀναίτιον ὡς αἴτιον Ρβ24. 1401b30.
4249	ἀνακαθαίρειν. τῶν μετάλλων ἀνακαθαρθέντων θ52. 834a27.
4250	ἀνακαλεῖν. ἀνακαλεῖται τὰς θηλείας, τȣ̀ς νεοττȣς Ζιδ9. 536
4251	a13. θ12. 597b17. ι8. 613b21.
4252	ἀνακαλύπτειν. ἀνακαλυφθέντων τῶν βλεφάρων αι5. 444
4253	b25, cf a27.
4254	ἀνακάμπτειν. trans ϗ̀ τὸ ἀνακαμπτόμενον ϗ̀ τὸ κατακαμπτό-
4255	μενον κάμπτεται μδ9. 385b33. — intr, de motu: ἡ περι-
4256	φορὰ ἐπ᾽ ἀρχὴν ἀνακάμπτει ψα3. 407a30. ὁ καικίας ἀνα-
4257	κάμπτει εἰς αὐτόν, πρὸς αὐτόν μβ6. 364b12, 25. πόροι
4258	ἀνακάμπτοντες Ζιγ1. 510a33, 18. τὸ ἀνακάμπτον τὴν εὐ-
4259	θεῖαν τὰς ἐναντίας κινεῖται κινήσεις, τὸ ἀνακάμπτον ἀνάγκη
4260	στῆναι, dist τὸ συνεχές Φθ8. 261b33, 262a14, 17, b22. 9.
4261	265a21. de γενέσει᾽ κύκλι φαμὲν περιεληλυθέναι τὴν γένε-
4262	σιν διὰ τὸ πάλιν ἀνακάμπτειν Γβ10. 337a6. 11. 338a5
4263	(syn ἀνακυκλεῖν), b4. 5. 332b33. Φθ5.257a7. ξ2. 975a24.
4264	φθαρῆναι ϗ̀ μὴ ἀνακάμπτειν Οα10. 280a24. πότερον ὁμοίως
4265	ἄπαντα ἀνακάμπτει ἢ ȣ̓, ἀλλὰ τὰ μὲν ἀριθμῷ τὰ δὲ εἴδει
4266	μόνον Γβ11. 338b12, 8. Μα2. 994a31, b3 Bz. ἀνακάμψαι
4267	πάλιν ἐπὶ τὸν τȣ͂ παιδὸς βίον ηεα5. 1215b23. — de conver-
4268	tendis syllogismorum terminis, ἀνακάμπτειν διὰ πολλῶν, δι
4269	ὀλίγων Αγ3. 72b36 Wz. ȣ̓κ ἀνακάμπτȣσιν αἱ ἀποδείξεις
4270	πάλιν ἐπ᾽ ἀρχήν, opp εὐθυπορεῖν ψα3. 407a28.
4271	ἀνακαμψίπνοοι ἀνεμοι, opp εὐθύπνοοι κ4. 394b36.
4272	ἀνάκαμψις. κάμπτεται πᾶν ἢ ἀνακάμψει ἢ κατακάμψει
4273	μδ9. 386a5. ἂν συνεχεῖς ὡσιν αἱ κινήσεις ϗ̀ μὴ γίνηται
4274	ἀνάκαμψις Φθ8. 262a11.
4275	ἀνακάπτειν τὰ ᾠά, τὸ σπέρμα, τὸν θορόν Ζιε5. 541a13, 18.
4276	ζ13. 567a33. Ζγγ5. 756a6.
4277	ἀνακαψις. αἱ ἀνακάψεις τȣ͂ θορȣ͂ ϗ̀ τῶν ᾠῶν Ζγγ5. 756b4.
4278	ἀνακεῖσθαι ἐν τοῖς ἱεροῖς Ζιι8. 614a7. βωμοὶ ἀνακείμενοι ὑπὸ
4279	Iάσονος θ105. 839b17. — οἱ Τυρρηνοὶ δειπνȣσι μετὰ τῶν
4280	γυναικῶν ἀνακείμενοι ὑπὸ τῷ αὐτῷ ἱματίῳ f 565. 1571a4.
4281	ἀνακεφαλαιȣ͂ν ἔργον ῥητορικῆς ἀγωνίσασθαι πρὸς ἀπθδεξιν
4282	ἀνακεφαλαιώσασθαι πρὸς ἀνάμνησιν f123. 1499a23.
4283	ἀνακλᾶσθαι. ἡ ἀνακλασθεῖσα σφαῖρα οὑχ ὑπὸ τȣ͂ τοίχȣ ἐκι-
4284	νήθη ἀλλ' ὑπὸ τȣ͂ βάλλοντος Φθ4. 255b27. γραμμαὶ ἀνα-
4285	κλώμεναι μγ5. 376b9. ἀκτῖνες ἀνακλώμεναι ἀπὸ τῆς γῆς
4286	μα3. 340a28. χ1. 791a27. αὐγαὶ ἀνακλώμεναι χ2. 792
4287	b18. ἡ ὄψις ἀνακλᾶται ἀπό τινος (τȣ͂ ἀέρος, τῆς συστά-
4288	σεως) πρός τι (πρὸς τὸν ἥλιον, πρὸς ἄλλο τι τῶν λαμπρῶν)
4289	μα6. 343a3. 8. 345b27. β9. 370a18. γ2. 372a30. 3. 372
4290	b34, 373a18. 4. 373b7. 6. 377a31, 33, b6, 10, 12. πιε12.
4291	μα6. 343b7 (ubi ἀνακλᾶσθαι videtur impers usurpatum
4292	significare i q ἀνάκλασιν γίγνεσθαι).
4293	ἀνάκλασις. ȣ́πω συνήθεις ἦσαν ταῖς περὶ τῆς ἀνακλάσεως
4294	δόξαις μβ9. 370a16. περὶ ἀνακλάσεως βέλτιον ἢ τὴν ὄψιν
4295	435a5. περὶ τῶν ἐμφαινομένων ϗ̀ ἀνακλάσεως αι2. 438
4296	a8, 9. αὐτὸς αὐτὸν ὁρᾷ ὁ ὀφθαλμός, ὥσπερ ϗ̀ ἐν τῇ ἀνα-
4297	κλάσει αι2. 437b10. λήγειν ἐκεῖ τὰς ἀπὸ τῆς γῆς τῶν
4298	ἀκτίνων ἀνακλάσεις μα12. 348a17. πῶς ἔχοντος τȣ͂ ἀέρος
4299	ἀνάκλασις γίγνεται μγ3. 372b15-34. cf α5. 342b6, 11.
4300	ἀνάκλασιν εἶναι τὸ γάλα τῆς ἡμετέρας ὄψεως πρὸς τὸν ἥλιον
4301	μα8. 345b10. ἀνάκλασις τῆς ὄψεως ἀπό τινος πρός τι (πρὸς
4302	τὸν ἥλιον, πρὸς ἄλλο τι τῶν λαμπρῶν) μγ3. 372b15. 2.
4303	373a20. α8. 345b20. πκγ6. 932a22, cf ἀνακλᾶσθαι. διὰ
4304	τὴν ἀνάκλασιν ὀλίγη τῇ δψει θεωρȣ͂νται μγ4. 374b22. τὴν
4305	τρίτην ἀνάκλασιν πάμπαν ἀσθενῇ γίγνεσθαι μγ4. 375b14.
4306	πάντα ταῦτα (ἶρις,, ἅλως, παρήλιοι al) ἀνάκλασίς ἐστιν μγ2
4307	372a18. διὰ τί ἠχεῖ ἢ διὰ τί ἐμφαίνεται ϗ̀ διὰ τί ρις;,
4308	ἅπαντα γὰρ ταῦτα ἀνάκλασις, ἀλλ᾽ εἴδει ἕτερα Αδ15. 98
4309	a29 Wz. ἠχὼ ἀνάκλασις τῆς φωνῆς ἐπὶ τȣ̓ναντίον πια45.
4310	904a38. 23. 901b19. 51. 904b30. πρὸς ὀμοίαν γωνίαν ἐστὶν
4311	ἡ ἀνάκλασις πια23. 901b22. τὰ κοῖλα τῆ ἀνακλάσει πολ-
4312	λὰς ποιεῖ πληγὰς μετὰ τὴν πρώτην ψβ8. 419b16. φέρε-
4313	σθαι ἐξ ἀνακλάσεως πι54. 897a5. ἔστιν ἡ τροπαία ἀπόγεος
4314	ἀνάκλασις (πνεύματος) πκ40. 945a7. ἀνάκλασιν τῆς σαρ-
4315	κὸς ποιεῖσθαι πλζ6. 966b17.
4316	ἀνακλίνειν ἑαυτὸν ἐπὶ τὸ ἐναντίον μχ7. 851b13. — ἀνακλί-
4317	νεσθαι ἐπὶ τὰ δεξιά Ζιβ1. 498a11.
4318	ἀνάκλισις ϗ̀ στάσις θέσεις τινές Κ7. 6b11.
4319	Αnaco1uthia. 1. nominativus in principio enunciati ponitur
4320	quasi absolute et tituli instar: τὰ δ' ἐν αὑτοῖς ζῳοτοκȣ͂ντα,
4321	τρόπον τινὰ μετὰ τὸ σύστημα τὸ ἐξ ἀρχῆς οειδὲς γίγνεται
4322	Ζγγ9. 758b2. ȣ̔τω ϗ̀ ἐν τῷ σώματι διαδεχόμενα τὰ μέρη
4323	ταῖς ἐργασίαις, τὸ τελευταῖον πάμπαν μικρὸν ἐξ ἁπάσης γί-
4324	νεται τῆς τροφῆς Ζγδ1. 765b32. cf τα 15. 106a1. Πε6.
4325	1306b9. — ad idem genus anacoluthiae talia videntur re-
4326	ferenda esse: τὸ δὲ Ἥλιον φάναι ἤδη ἑαλωκέναι, ȣ̓ λέγομεν
4327	ὅτι πόρρω λίαν τȣ͂ νῦν Φδ13. 222b11. καθ' ἕκαστον μὲν
4328	ȣ͂ν ἀκριβῶς διαριθμήσασθαι ϗ̀ διαλαβεῖν εἰς εἴδη περὶ ὡν
4329	εἰώθασι χρηματίζεσθαι, ἔτι δ᾽ ὅσον ἐνδέχεται περὶ αὐτῶν
4330	διορίσαι κατὰ τὴν ἀλήθειαν, ȣ̓ δεῖ κατὰ τὸν παρόντα καιρὸν
4331	ζητεῖν Ρα4. 1359b2-5. ἐν τοῖς ἐνύδροις, καλȣμένοις δὲ
4332	ἰχθύσι, τὸ μὲν τῶν χυμῶν αἰσθητήριον ἔχȣσι μέν Ζιδ8. 533
4333	a25. cf περί et ὅσος. — ἤδη γὰρ συνέβη τινὶ γυναικὶ συγ-
4334	γενομένῃ τῷ ἀνδρὶ ϗ̀ δοξάσῃ συλλαβεῖν, τὸ μὲν πρῶτον
4335	ὅ τε ὄγκος ηὐξάνετο Ζγδ7. 775b27 sqq. — 2. construcetio
4336	ita continuatur, quasi aliud praecesserit verbum vel nomen
4337	eiusdem signifcationis. τὸ μάλιστα γίγνεσθαι ἅμα τῷ ἡλίῳ
4338	αὐτῷ τὴν θερμότητα εὔλογον (i q εὔλογον φάναι vel οἴεσθαι),
4339	λαμβάνοντας τὸ ὄμοιον ἐκ τῶν παρ’ μῖν γγνοιίωι μα3.
4340	341a25. τὰ μὲν ȣ̓͂ν ὄμματα εὐλόγως, ὅταν ᾖ τὰ κατα-
4341	μήνια, διάκειται, ὥσπερ ϗ̀ ἕτερον μέρος ὁτιῶȣ͂ν· ϗ̀ γὰρ φύσει
4342	τυγχάνȣσι φλεβώδεις ὄντες (quasi praecesserit οἱ ὀφθαλμοί)
4343	εν2. 460a5. — 3. post protasin conditionalem vel causalem
4344	interdum explicandi ac ratiocinandi causa alia cola ita in-
4345	tercedunt, ut periodi continuitas solvi videatur et frustra
4346	eam quaeras apodosin, quae grammatice ad protasin refe-
4347	ratur. multa quidem eiusmodi enunciata accurata interpre-
4348	tatione ad legitimam formam possunt redigi, Bz Ar St II, III
4349	1-129; sed profecto restant eiusmodi exempla, in quibus
4350	vel probabilius anacoluthia statuatur quam constructionis
4351	continuitas, veluti Ζμβ1. 646a24-b2. ψγ3. 427a17.b8.
4352	Πδ4. 1290b25-37, vel manifesta cernatur anacoluthia, ve-
4353	luti Αγ19. 81b24 sqq. Μγ2. 1003b22-1004a1. ζ17. 1041
4354	b11 sqq. μ4. 1078b17 sqq. Γα3. 319a3-14. μβ2. 354b4.
4355	16. υ3. 456a32-b5. Πγ9. 1280a31 sqq. Ρβ2. 1378b10 sqq.
4356	(Spgl φανερὸν ȣ̓ν κτλ1379a10 apodosin esse statuit) cf B
4357	Ar St II, II 129-141.
4358	ἀνακομιδή, reditus, opp παραγίνεσθαι Ζιθ12. 597b9.
4359	ἀνακομίζειν τιμὴν πρὸς αὑτὸν ἐκέλευσεν οβ1347a9.
4360	ἀνακόπτω. νέφη ἀνακοπέντα κ4. 394a34.
4361	ἀνακȣφίζει ϗ̀ κωλύει κάτω φέρεσθαι πκε13. 939a35.
4362	ἀνακρίνειν τȣ̀ς ἐπαγγελλομένȣς τέχνην τι11. 172a32. (τὸν
4363	ἄρχοντα) ἀνακρίναντα εἰσάγειν εἰς τὸ δικαστήριον f 382.
4364	1541b31.
4365	ἀνάκρισις θεσμοθετῶν, def f374. 1540a40. 375. 1540b14,
4366	22.
4367	ἀνακτᾶσθαι. ἀνεκτήσατο τȣ̀ς πολίτας οβ1349a31. — δένδρα
4368	ἐν ἐνὶ καρποφορȣ͂σιν ἔτει, ἐν δὲ τῷ ἑτέρῳ ἀνακτῶνται ἑαυτά
4369	φτα7. 821b16. τὰ φυτὰ τῷ ὕπνῳ ἀνακτῶνται (sc ἑαυτά)
4370	φτα1. 815a25.
4371	ἀνακυἴσκειν. τὰ πρόβατα (ϗ̀ αἱ αἶγες) ἂν ὕδωρ ἐπιγένηται
4372	μετὰ τὴν ὀχείαν ἀνακυίσκει Ζιζ19. 573b18.
4373	ἀνακυκλεῖν. intrans ἀνάγκη ἀνακυκλεῖν ϗ̀ ἀνακάμπτεινΓβ11.
4374	338a4. τὰς αὐτὰς δόξας ἀνακυκλεῖν ἐν τοῖς ἀνθρώποις μα3.
4375	339b29. — pass τὰς τύχας πολλάκις ἀνακυκλεῖσθαι περὶ
4376	τȣ̀ς αὐτȣς Ηα11. 1100b3.
4377	Ἀνακυνδαράξης, Σαρδαναπάλλȣ πατήρ f 77. 1488b10.
4378	ἀνακύπτειν. τὰς περιστερὰς μὴ ἀνακύπτειν πινȣ́σας Ζιι7.
4379	613a13. ἀνακύπτομεν πρὸς τὸν ἥλιον πλγ15. 963a8. ὄρνις
4380	ἀνακύπτων (i e ἀναδυόμενος ἐκ τῆς θαλάττης) Ζιι34. 620a9.
4381	ἀνακωχεύειν Οδ6. 313a23.
4382	ἀναλαμβάνειν, opp ἐκβάλλειν Ζιι34. 619b26. ἀναλαμ-
4383	βάνειν πολὺ πνεῦμα πη20. 889a20. οἱ οἶνοι ἀναλαμβάνȣσι
4384	τὰς ὀσμάς εν2. 460a32. εἰς αὐτὸ ἀναλαμβάνειν τὸ ὑγρὸν
4385	μδ3. 380b19. ἀναλαβόντες τὰ ὅπλα f 517. 1562b26. -
4386	μηρον ἀναλαβὼν ὁ Μαίων ὡς ἴδιον ἔτρεφεν f 66. 1487a5. —
4387	πόρρω ὑστέρας ὁ τόπος ὅθεν δεῖ ἀναλαβεῖν (concipere) Ζικ1.
4388	634a7. — ἀναλαμβάνειν τὰς διαφορὰς ϗ̀ τὰς χρήσεις κατὰ
4389	τὰ προγυμνάσματα ρ26. 1436a25. — ̔τως ὡς μὴ ἀνα-
4390	ληφθῆναι συγκείμενα ἀλλὰ μεμιγμένα (?) ξ 2. 977a9. —
4391	ἀναλαβεῖν (capere, sibi conciliare) τὸν ἀκροατήν, τῶν ἀκȣόν-
4392	των τὰς διανοίας Ρα1. 1354b32. ρ2. 1438b22. — ἀφεθέντα
4393	λίθον ȣ̓ δυνατὸν ἀναλαβεῖν Ηγ7. 1114a18. τῇ δυνάμει τῆς
4394	κοιλίας ἡ φύσις ἀναλαμβάνει (compensat, cf ἀναμάχεσθαι)
4395	τὴν τȣ͂ στόματος ἔνδειαν Ζμγ14. 674b29. ἔστιν ὃ ἔδωκεν
4396	ἀναλαβεῖν (revocare) πιη8. 917b7. ἀναλαμβάνειν (recreare)
4397	χρὴ πρῶτον τοῖς ῥοφήμασι πα50. 865a38. — ἀναλαμβάνειν
4398	μνήμην (dist λαμβάνειν) μν2. 451a22, 23. ἀναλαβόντες τὰ
4399	προειρημένα, τὴν ὑποκειμένην ἀρχήν, τὰς ἐξ ἀρχῆς θέσεις,
4400	αὐτά Ηκ6. 1176a32. μα8. 345b31. 3. 339a33. Πθ5. 1339
4401	a12. ἀναλαβεῖν καλῶς εἰρημένον ὅρον τζ14. 151b20. ἀνα-
4402	λαβόντες τί ἐστι τὸ ἀδικεῖσθαι Ρα13. 1373b26. πάντας τȣ̀ς
4403	προγόνȣς ἐξ ἀρχῆς ἀναλαβόντες ρ36. 1440b30. ἀναλαβόν-
4404	τες, ἐξ ἀρχῆς, ἀπ ἀρχῆς ἀναλαβόντες λέγωμεν Ηα2. 1095.
4405	b7. νῦν δ' ἀναληπτέον ὑπὲρ αὐτῶν υ3. 465b6. — (τὸ ἐξ ἀρ-
4406	χῆς δόξεεν ἀναλαμβάνεσθαι, 1 δόξειεν ἂν λαμβάνεσθαι ατ
4407	969a24)
4408	ἀναλάμπειν θ115. 841a32.
4409	γησίαν Ηα11. 1100b32. — opp ὀργιλότης ηεβ3. 1220b38
4410	(cf ἀοργησία Ηβ7. 1108a8). ἀναλγησία πρὸς ὀργήν ημα7.
4411	1186a23.
4412	ἀνάλγητος ὁ ἀφοβία ὑπερβάλλων Ηγ10. 1115b26. ἀνάλ-
4413	γητος, opp ὀργίλος ηεβ3. 1221a16 (cf ἀόργητος Ηβ7. 1108
4414	a8). ημα23. 1191b34. cf Ρα9. 1367a35. ἀνάλγητος, ὁ
4415	ἐλλείπων τῷ χαίρειν ϗ̀ λυπεῖσθαι, syn ἀναίσθητος ηεγ2.
4416	1231a33, 26. — τὸ ἐν ἀνώδυνόν τε ϗ̀ ἀνάλγητον (Meliss)
4417	ξ1. 974a19. — ἀναλγήτως ἔχειν, opp ὑπεραλγεῖν ημα7.
4418	ἀναλέγειν, ὁ δρυοκολάπτης ἀναλέγεται σκώληκας Ζιι9. 614b1.
4419	ἀνάληψις. ἡ τȣ͂ κηρȣ͂ ἀνάληψις ὦπται Ζιι40. 624b9. — ἀνά-
4420	ληψις μνήμης, dist λῆψις μν2. 451a30.
4421	ἀναλίσκειν, syn δαπανᾶν Ηδ6. 1123a26. ἀναλίσκειν εὐχε-
4422	ρῶς Ηδ3. 1121b8. ἀναλῶσαι τὰ ἴδια Πε6. 1305b40. ἀνα-
4423	λίσκειν εἴς τι Ηδ2. 1120b22. — εἰς ἄλλον τὴν ὀργὴν ἀνα-
4424	λῶσαι Ρβ3. 1380b11. — δι' ἀδυναμίαν ȣ̓ πέττȣσι (τὸ
4425	περίττωμα), διὰ δύναμιν ἀναλίσκȣσιν Ζγα18. 726a9. ἀνα-
4426	λίσκει ὁ πόνος τὸ περίττωμα Ζγδ6. 775a35. τὸ περίττωμα
4427	ἀναλίσκεται (ἀνήλωται) εἰς τὴν πιμέλην sim Ζγα19. 727b1.
4428	18. 725a6, 32. γ3. 754b30. 5. 756a25. δ5. 773b2. 8.
4429	776a27, 32. ὅταν ὑφ᾽ ς ἔχει θερμότητος ἀναλωθῇ τὸ ὑγρόν
4430	μδ5. 382b26. τί ποτ' ȣ̓κ ἀνήλωται ϗ̀ φρȣ͂δον τὸ πᾶν Γα3.
4431	318a17.
4432	ἀναλλοίωτον, coni ἀναύξητον, ἀπαθές, ἀγένητον, ἀκίνητον
4433	Οα3. 270a14, 26, b2. Γβ10. 337a20. Μλ7. 1073a11.
4434	ἀναλογεῖν. ὁ πολύπȣς σπλάγχνον ȣ̓κ ἔχει ἀναλογȣ͂ν f 315.
4435	1531b7. — ἀναλογητέον (παλιλλογητέον ci Spgl) τὸν λόγον
4436	ολον ρ37. 1443b15.
4437	ἀναλογία. ἀναλογίαν ἔχειν πρός τι, syn τὸν αὐτὸν λόγον ἔχειν
4438	Φδ8. 215b29, 6. ἀναλογία ἰσότης λόγων, διηρημένη συ-
4439	νεχής, ἀριθμητικὴ γεωμετρική Ηε6. 1131a31sqq. 7. 1131
4440	b12, 1132a1, 30. β5. 1106a36. ἐν δἐκα ἀναλογίαις τέτ-
4441	ταρες κυβικοὶ ἀριθμοὶ ἀποτελȣνται πιε3. 910b36. ὑπερβάλ-
4442	λειν τὴν ἰσότητα τῆς κοινῆς ἀναλογίας μα3. 340a4. ὑπερ-
4443	έχειν τῆς ἀναλογίας Οδ2. 309a14. ὑπερέχειν τὴν εἰρημένην
4444	ἀναλογίαν Πδ12. 1296b25 (cf b31). ἀναλογία ταχίστη,
4445	πολλαπλασία Αγ12. 78a1, 4. — κατ᾽ ἀναλογίαν, dist κατ
4446	ἀριθμόν, κατ᾽ ἰσότητα, τῷ τȣ͂ ποσȣ͂ μέτρῳ Γβ6. 333a28.
4447	Ηε8. 1132b33. 10. 1134a27. Πε1. 1301a27. γ12. 1282
4448	b40. ἀναλογία τις ϗ̀ τὸ ἁρμόττον Ρβ9. 1387a28. κατὰ τὴν
4449	ἀντιστροφὴν τῆς ἀναλογίας Φθ10. 266b19. — ταὐτὸ (ἐν)
4450	ἄριθμῷ, εἴδει, γένει, ἀναλογία sive κατ᾽ ἀναλογίαν Μδ6.
4451	1016b34, 1017a2. 9. 1018a13. Ζια1. 486b19. β1. 497
4452	b11. 2. 488b32. 6. 491a19. β1. 497b11. Ζμα5. 645b27.
4453	cf Ηα4. 1096b29. στοιχεῖα κατ᾽ ἀναλογίαν ταὐτὰ πάντων
4454	Μλ4. 1070a32, b26. ȣ̓ κεῖται ὄνομα κοινόν, ἀλλὰ κατ᾽ ἀνα-
4455	λογίαν ἐν ταὐτῷ πάντα μδ9. 387b3. καθ' ὁμοιότητα ϗ̀
4456	κατ' ἀναλογίαν λέγεσθαι Ζγα1. 715b20. μετάφοραὶ κατ᾽
4457	ἀναλογίαν Ργ10. 1411a1, b3. 11. 1412a4. κατ' ἀναλογίαν
4458	λαμβάνεσθαι τι8. 138b24. ἡ ὑποκειμένη φύσις ἐπιστητὴ
4459	κατ' ἀναλογίαν Φα7. 191a8.
4460	ἀναλογίζεσθαι τὸ μέγεθος τῆς περιφερείας Οβ14. 298a16.
4461	cf Ζιι48. 631a27. συνάγειν ἀναλογιζόμενον πρός τι Πζ6.
4462	1320b20. ἀναλογίζεσθαι ἔκ τινος Οβ13. 293a33. ἀναλο-
4463	γίσασθαι ὅτι μα14. 353a4. Ζγε3. 783b32.
4464	ἀνάλογον. τὸ ἀνάλογον def πο21. 1457b16. τὸ ἀνἀλογον ἐν
4465	τέτταρσι γίνεται ἐλαχίστοις ημα34. 1193b37. τὸ ἀνάλογον
4466	ȣ̓ μόνον ἐστὶ μοναδικȣ͂ ἀριθμȣ͂, ἀλλ᾽ ὅλως ἀριθμȣ͂ Ηε6.
4467	1131a30. γραμμαὶ ἀνάλογόν εἰσιν μγ5. 376a24, 29. ἀπο-
4468	δȣ͂ναι τὸ ἀνάλογον μβ5. 363a11. Ηθ15. 1262 (τῷ Bk).
4469	τὸ ἀνάλογον ἐναλλάξ (de proportionibus convertendis) Αγ5.
4470	74a18. δ17. 99a19. τὸ ἀνάλογον ἐν τῇ λέξει τί Ργ7.
4471	1408a12, 11, b4. τὸ δίκαιον ἀνάλογόν τι Ηε6. 1131a29.
4472	ταὐτό, ἕν, ἴσον, ἰσάζεσθαι, ὅμοιον τῷ ἀνάλογον ψγ7. 431
4473	a22. Μθ6. 1048b7 Bz. λ4. 1070b17. 5. 1071a4, 26. ν6..
4474	1093b18. Ζιγ7. 516b14. Ηη6. 1148b10Fr. ηεη10. 1243
4475	b31, 29. ημα34. 1193b37. διαφέρειν κατὰ τὸ μᾶλλον ϗ̀
4476	ἧττον, dist διαφέρειν τῷ ἀνάλογον Ζμα4. 644a21, b11.
4477	εἰκάζειν τῷ ἀνάλογον, ἢ μεταφορὰ ἡ ἐκ τȣ͂ ἀνάλογον, ἡ
4478	ἀνάλογον μεταφορά Ργ4. 1406b31, 1407a14. 6. 1408a8.
4479	10. 1411a1sqq. 11. 1412b34. πο21. 1457b9. τὸ ἀνάλογον
4480	συνορᾶν, dist ὅρον ζητεῖν Μθ6. 1048a37 Bz. ἐν ἑκάστῃ κα-
4481	τηγορία ἐστὶ τὸ ἀνάλογον Μν6. 1093b19. η2. 1043a5. τὸ
4482	αὐτὸ ϗ̀ τὸ ἀνάλογον Μν2. 1089b4. ὁ δημαγωγὸς ϗ̀ ὁ κόλαξ
4483	οἱ αὐτοὶ ϗ̀ ἀνάλογον Πδ4. 1292a21. ἐκ τȣ͂ ἀνάλογον τγ1.
4484	116b27. Ργ4. 1407a14. ἐν τῷ ἀνάλογον Ργ4. 1406b31.
4485	κατὰ τὸ ἀνάλογον Αδ14. 98a20. Ζμβ7. 652b24. παρὰ τὸ
4486	ἀνάλογον Πε2. 1302b3. 3. 1303b34 (cf παρὰ τὴν συμμε-
4487	τρίαν 8. 1308b12). φοβεῖσθαι διὰ τὸ μὴ ἀνάλογον ἔχειν τὸ
4488	θερμὸν τῇ καρδίᾳ Ζμγ4. 667a17. — frequens voc ἀνάλογον
4489	usus (ὥσπερ εἴρηται πολλάκις Ζγβ5. 741b16) in definiendis
4490	partibus animalium, veluti τοῖς μὲν ἐναίμοις ἡ καρδία, τοῖς
4491	δ᾽ ἀναίμοις τὸ ἀνάλογον τῇ καρδίᾳ, τὸ ἀνάλογον τῷ στήθει,
4492	ταῖς σαρξί, ταῖς θριξί sim Ζια1. 487a5, 9. β10. 510b32.
4493	12. 503b31. γ2. 511b4, 5, 6. 16. 519b28. θ2. 589b18.
4494	Ζγα19. 727b4. β1. 735a26. 6. 742b37, 743a10. 6. 745
4495	b10. ε3. 782a17 al (c gen τὸ ἀνάλογον τȣ́των Ζια2. 489
4496	a22). vel omisso dativo τὸ (τὰ) ἀνάλογον Ζια3. 489a14.
4497	4. 489a29. γ10. 517b3. θ1. 588b3. Ζγα19. 726b2, 4.
4498	20. 728a20, b1, 729a22 al. ἀνάλογον ὡς τοῖς ἄρρεσιν ἡ γονὴ
4499	ȣ̔τω τοῖς θήλεσι τὰ καταμήνια Ζγα19. 727a3. explicatur
4500	τὸ ἀνάλογον: τὸ τὴν αὐτὴν ἔχον δύναμιν, τὸ παραπλησίαν
4501	ἔχον φύσιν Ζμα5. 645b6. Ζιγ16. 519b26 (cf ὅμοιον, ὁμοι-
4502	ότης Ζιε22. 554a14. δ11. 537b23. ἡ ἀνάλογον ὁμοιότης
4503	Ζμα4. 644b11). dist ὅμοιον: τῷ τȣ͂ ἄνθρώπȣ στήθει ἀνά-
4504	λογον, ἀλλ ȣ̓χ ὅμοιον Ζιβ1. 497b33. — ἀνάλογον κινεῖσθαι,
4505	αὐξάνεσθαι, ὑπερέχεσθαι, συμβαίνειν, γίγνεσθαι, ὑπάρχειν
4506	Οα6. 274a5. Πε3. 1302b35 (cf συμμετρία b36). Ηθ7.
4507	1158a35. Ρβ23. 1399a33. μα11. 347b14. 14. 351b4.
4508	πζ5. 886b35. ἀνάλογον ἔχειν μα2. 339a18. β5. 362b32.
4509	Ζιθ1. 588b3. Ζγγ40. 760a12. Πβ10. 1271b40. 11. 1272
4510	b37 (syn παραπλήσια b37). η1. 1323b18. 14. 1333a27.
4511	Ρα7. 1363b26. πο4. 1448b38. κύων ἀνάλογον ἀποδίδωσι
4512	τὴν αὔξησιν Ζιβ1. 501a3. ἀνάλογον (adverb) εἶναί τινι, πρός
4513	τι, vel absol Πδ4. 1292a18. 14. 1298a32. ε4. 1303b30.
4514	1. 1301b27. Φη5. 250a4. Οα7. 275a9. inde ἀνάλογον
4515	(perinde atque ὡσαύτως) sine verbo praedicati loco ponitur,
4516	veluti ϗ̀ τῶν σπȣδαιοτέρων ἀνάλογον αἱ ἐπιστῆμαι διὰ ταῦτα
4517	simΡα7. 1364b11 (cf ἀνάλογον ἔχειν 1363b26). Ηβ1. 1103
4518	b9. 8. 1108b26. θ14. 1162a15. Οα6. 273b3. Ρα7. 1364
4519	b11. — (ἀνάλογον an ἀνὰ λόγον Wz ad Αα46. 51b24.
4520	Ideler ἀνὰ λόγον scribit μα2. 339a18. 14. 351b4. β5. 362
4521	b32. γ2. 372a5. 4. 375a4. δ12. 390a6, ubi Bk ἀνάλογον
4522	exhibet. cf ἀνὰ λόγον Αγ24. 85a38, 39).
4523	ἀναλȣ͂ν 1d ἀναλισκειν, τῶν ἀναλωμάτων τῶν νῦν ἀναλȣμέ-
4524	νων οβ1346a23.
4525	ἀναλύειν. ἕν τι ὑπόκειται, εἰς ἢ ἀναλύονται ἔσχατον μα3.
4526	339b2. ἀναλύεσθαι εἰς ὕλην, εἰς ἄλληλα, εἰς τὰ πρῶτα sim
4527	Οα3. 270a24. γ1. 300a11. Ζγα19. 726b26. — ἀναλύȣσι
4528	τὰ βομβύκια Ζιε19. 551b14. τὸ ἔντερον ἀναλυόμενον Ζιβ17.
4529	509a17. Ζμγ14. 675a33. — ἀναλύονται αἱ κοιλίαι Ζγα20.
4530	728a15(cf λύειν). — ἐπ' ἀρχὴν ἀναλύειν τȣ̀ς λόγȣς τȣ̀ς τῶν
4531	ἐναντίων Μκ6. 1063b18. (τὰ σχήματα τῶν κατηγοριῶν)
4532	ἀναλύεται ȣ̓́τ' εἰς ἄλληλα ȣ̓́τ᾽ εἰς ἕν τι Μδ28. 1024b15.
4533	ἀναλύειν τȣ̀ς συλλογισμȣ̀ς εἰς τὰ προειρημένα σχήματα, syn
4534	ἀνάγειν Αα32. 47a4. 44. 50a30, b3. 45. 50b30, 33, 51a2,
4535	2628, b4 (coll 50b6, 51b3). ἀναλύειν τȣ̀ς λεχθέντας τρό-
4536	πȣς εἰς τὸν τȣ͂ ἐλέγχȣ διορισμόν, syn ἀνάγειν τι6. 168a19.
4537	18. ἀναλύειν (non addita praep εἰς) Αγ12. 78a7. — ἀνα-
4538	λύειν τα διαγράμματα, opp συνθεῖναι τι16. 175a28. ζητεῖν
4539	ϗ̀ ἀναλύειν ὥσπερ διάγραμμα Ηγ5. 1112b20. cf Ζeller I
4540	2p 131, 5.
4541	ἀνάλυσις. ὑπὸ τῆς παρὰ φύσιν ἀναλύσεως Ζγα18. 724b28.
4542	ἄνεμοι γινόμενοι κατὰ ῥῆξιν νέφȣς ϗ̀ ἀνάλυσιν τȣ͂ πάχȣς
4543	κ4. 394b17. — logice (cf ἀναλύειν, ἀναγωγή), ȣ̓ γίνεται,
4544	ȣ̓κ ἔσται ἀνάλυσις Αα38. 49a19. 45. 51a18, 32. ἐν τῇ ἀνα-
4545	λύσει ȣ̓ δυνατόν Αγ32. 88b18. ἐν τῇ ἀναλύσει τῆ περὶ τὰ
4546	σχήματα (i e Αα31) εἴρηται Αδ5. 91b13. τὰς ἀναλύσεις
4547	ȣ̔́τω ποιητέον Αα12. 50a8. Πλάτων μέχρι ἐπιπέδων ποιεῖται
4548	τὴν ἀνάλυσιν Γβ1. 329a23. τὸ ἔσχατον ἐν τῇ ἀναλύσει
4549	πρῶτον ἐν τῇ γενέσει Ηγ5. 1112b23 (syn εὕρεσις b19).
4550	ἀναλυτικός. ἡ ῥητορικὴ σύγκειται ἔκ τε τῆς ἀναλυτικῆς ἐπι-
4551	στήμης ϗ̀ τῆς περὶ τα ἤθη πολιτικῆς Ρα4. 1359b10. δι
4552	ἀπαιδευσίαν τῶν ἀναλυτικῶν ταῦτο δρῶσιν Μγ3. 1005b4.
4553	τὰ ἀναλυτικά citantur: εἴρηται, διώρισται ἐν τοῖς ἀναλυτικοῖς,
4554	δῆλον ἡμῖν ἐκ τῶν ἀναλυτικῶν, cf Ἀριστοτέλης II Analy-
4555	tica. — ἀναλυτικῶς, opp λογικῶς Αγ22. 84a8 (Wz ad
4556	82b35).
4557	ματα περιαιρετέον οβ1345b26. opp πρόσοδοι οβ 1346a11,16.
4558	ἀναμάρτητοι ὄντες οἱ ἐπιεικεῖς Πζ4. 1319a3. αἱ ἡμαρτη-
4559	μέναι ϗ̀ παρεκβεβηκυῖαι πολιτεῖαι ὑστεραι τῶν ἀναμαρτή-
4560	των Πγ1. 1275b2. ποιεῖν ἀναμάρτητον τὴν προαίρεσιν ϗ̀ τὸ
4561	τέλος ὀρθόν ηεβ11. 1227b12. — νέοις πρὸς τὸ ἀναμάρτητον
4562	ἡ φιλία βοηθεῖ Ηθ1. 1155a13.
4563	ἀναμάχεσθαι, renovare pugnam Ρα12. 1372b10. πιη12.
4564	916b23. — compensare ἀναμάχεται ἡ φύσις τῷ πλήθει τὴν
4565	φθοράν Ζγγ4. 755a31.
4566	a11. διὰ σφοδρότητα ȣ̓κ ἀναμένȣσι τὸν λόγον Ηη8. 1150b27.
4567	ἀναμεταξύ. ȣ̓δέν ἐστιν ἀναμεταξύ Φη2. 243a15 (syn ȣ̓δέν
4568	ἐστι μεταξύ 244a6, b2, cf ἀνὰ μέσον s v μέσος).
4569	ἀναμετρεῖν. μέγεθός τι ὃ ἀναμετρήσει τὸ ὅλον Φδ12. 221
4570	a3 (syn καταμετρεῖν a2). ζ7. 238a22, b11.
4571	ἀναμηρυκᾶσθαι. φασὶν αὐτὸν (τὸν ὦτον) τὴν τροφὴν ἀνα-
4572	μηρυκᾶσθαι f 275. 1527b20.
4573	ἀναμιγνύναι. ȣ̓ δεῖ ἐφεξῆς λέγειν τὰ ἐνθυμήματα, ἀλλ
4574	ἀναμιγνύναι Ργ17. 1418a6. ὅπως ὅτι μάλιστα ἀναμιχθῶσι
4575	πάντες ἀλλήλοις Πζ4. 1319b25. ἂν ἀναμιχθῶσιν ἀλλήλοις
4576	οἱ ἵπποι Ζιζ18. 572b11.
4577	Ἀναξανδρίδης, versus eius afferuntur Ηη11. 1152a22 (fr
4578	inc 16), Ργ10. 1411a18 (fr inc 17), Ργ11. 1412b16 (fr
4579	inc 18). ἐν τῇ Ἀναξανδρίδȣ γεροντομανία, ἐν τῷ προλόγῳ
4580	τῶν εὐσεβῶν Ργ12. 1413b24 (Γεροντομανία fr 2). eidem
4581	poetae tribuendum censet verba τὴν ἀξίαν δεῖ (ἔδει ci Mke)
4582	γαμεῖν τὸν ἄξιον Ργ11. 1412b27 Meineke fr inc 18
4583	ἀναξηραίνειν. ἡ πάλη συνεχὴς ἀναξηραίνει πβ7. 867a11. —
4584	ἀναξηραίνεται ὕδωρ, οἶνος, ἰκμάς μβ2. 355b26, 32. δ10.
4585	388b6. Ζγε3. 782b3. ἀναξηραινομένων τῶν χυμῶν πα12.
4586	860b24. ἀναξηραίνεται τὰ φρέατα θ54. 834a35. τῆς μή-
4587	τρας ἀνεξηραμμένης ἤδη ϗ̀ κατεψυγμένης f 259. 1525b32.
4588	Ἀναξιλάȣ τυραννὶς ἐν Ρηγίῳ Πε12. 1316a38. Ἀναξίλας
4589	ὁ Ἐηγῖνος f 527. 1565a6.
4590	Ἀναξίμανδρος. ipsa ius vrba adhibentur:. ϗ̀ περιέχειν
4591	ἅπαντα ϗ̀ κυβερνᾶν·, ὥς φασιν ὅσοι μὴ ποιȣ͂σι παρὰ τὸ
4592	ἄπειρον ἄλλας αἰτίας, οἷον νȣ͂ν ἢ φιλίαν· ϗ̀ τȣτ᾽ εἶναι τὸ
4593	θεῖον· ιἀθάνατον γάρ ϗ̀ ἀνώλεθρον. ὥς φησιν ὁ Ἀναξίμαν-
4594	δρος Φγ4. 203b11-14. (Anaximander resp ὁ δὲ τὸ ἄπειρον
4595	sim Μι2. 1053b16. 1. 1052b10. Γβ5. 332a25). Eμπε-
4596	δοκλέȣς τὸ μῖγμα ϗ̀ Ἀναξιμάνδρȣ Μλ2. 1069b22 (μῖγμα
4597	quomodo intelligendum sit cf Ογ3. 302a16, Ζeller I 160,
4598	5). Anax resp οἱ περὶ φύσεως ὑποτιθέασιν ἑτέραν τινὰ φύσιν
4599	τῷ ἀπείρ Φγ4. 203a16. Anax resp τὸ ἄπειρον σῶμα τὸ
4600	παρὰ τὰ στοιχεῖα· οἱ ποιȣ͂ντες μίαν ὕλην παρὰ τὰ εἰρημένα
4601	στοιχεῖα sim Φγ5. 204b23, 25, 205a5. Γβ1. 329a9, 12.
4602	οἱ δ' ἐκ τȣ͂ ἑνὸς ἐνȣσας τὰς ἐναντιότητας ἐκκρίνεσθαι, ὥσπερ
4603	Ἀναξίμανδρός φησι Φα4. 187a21. Anax videtur resp ἄπειροι
4604	κόσμοι Φθ1. 250b18. cf Schol 424b44. Ζeller I 173 sq.
4605	οἰ διὰ τὴν ὁμοιότητά φασιν αὐτὴν (τὴν γῆν) μένειν, ὥσπερ
4606	Ἀναξίμανδρος Οβ13. 295b12. Anax resp ὥσπερ φασί τινες,
4607	ἀπελθόντος τȣ͂ πλείστȣ ὑγρȣ͂ διὰ τὸν ἥλιον τὸ λειφθὲν εἶναι
4608	θάλατταν μβ3. 357b19 Ideler, cf 2. 355a22, 354b33. 1.
4609	353b6 Alex. — ab interpretibus Aristotelis (veluti Alex
4610	Aphr ad Metaph 34, 2. 45, 20 Bz) ad Anaximandrum re-
4611	fertur ea ἀρχή, quam Arist describit ὕδατος μὲν λεπτότε-
4612	ρον, ἀέρος δὲ πυκνότερον Ογ3. 303b12. Φγ3. 203a18. 5.
4613	205a27. Γβ5. 332a21. ΜΑ8. 989a14, vel ἀέρος λεπτό-
4614	τερον, πυρὸς δὲ πυκνότερον ΜΑ7. 988a30. Φα4. 187a14.
4615	Γβ1. 328b35. 5. 332a21. falso haec ad Anaximandrum
4616	referri apparet coll Φα4. 187a12, 20. Ζeller I 163sqρ 
4617	Ἀναξίμανδρος ὕδωρ φάμενος εἶναι τὸ πᾶν ξ2. 975b22.
4618	Ἀναξιμένης ἀέρα τὴν ἀρχὴν τίθησι ΜΑ3. 984a5. ξ2. 975
4619	b24. resp ΜΑ7. 988a30. 8. 989a13. β1. 996a9. ι2. 1053
4620	b16. Φα2. 184b17. 4. 187a13 (cf θ9. 265b30). Ογ5. 303
4621	b11. Γβ1. 328b34. 5. 332a8,b10. naximenem psῴisse
4622	τὸν ἀέρα ἄπειρον colligi potest ex Φγ4. 203a18. 6. 206b26.
4623	Ογ5. 303b11. Ἀναξιμένης τὸ πλάτος αἴτιον εἶναί φησι τȣ͂
4624	μένειν τὴν γῆν Οβ13. 294b13. Anaximenes quam dixerit
4625	σεισμȣ͂ causam μβ7. 365a18, b6.
4626	ἀνάξιος. καταδυλȣ͂σθαι τȣ̀ς ἀναξίȣς Πη14. 1333b40. — λυ-
4627	πεῖσθαι ἐπὶ ταῖς ἀναξίαις εὐπραγίαις, κακοπραγίαις Ργ9.
4628	1386b10, 12. — ἀναξίως εύπραγεῖν, κακοπραγεῖν Ρβ9.
4629	1386b13, 26, 1387a9. ρ35. 1440a35.
4630	ἀναἑώύειν. ἀιαξιομένης τῆὲς γῆς ζ15. 569b7. cf?θς9. b93
4631	a22.
4632	ἀνάπαιστος. στάσιμον, μέλος χορȣ τὸ ἄνευ ἀναπαίστȣ ϗ
4633	τροχαίȣ πο12. 1452b23.
4634	ἀνάπαλιν e qualipet conversione in contrarium usurpatur.
4635	1. locali sensu, ἀπὸ τῶν ἀθλοθετῶν ἐπὶ τὸ πέρας ἢ ἀνά-
4636	παλιν Ηα2. 1095b1. ἀνάπαλιν στραφῆναι Οβ2. 285a8,b30.
4637	cf ἀνάπαλιν μεταβάλλειν Πε12. 1316a23. — 2. de inversis
4638	rationis alicuius terminis, τὴν ἀναλογίαν ἢν τὰ βάρη ἔχει
4639	οἱ χρόνοι ἀνάπαλιν ἕξȣσιν Οα6. 273b32. huc fere referri
4640	possunt Φβ2. 194a9. Ζγδ3. 769a3. Ηβ1. 1103a30.
4641	γ1. 1110a22. 4. 1111b14. 15. 1119a31. δ13. 1127a22.
4642	ε9. 1134a5. θ15. 1163a14. ι7. 1168a18. 11. 1171b20.
4643	Πα5. 1254b9. τζ6. 145b12. 4. 141b9, 142a4. de con-
4644	verso τȣ͂ αἰτίȣ et τȣ αἰτιατȣ͂ ordine ψα1. 402b21. Φβ9.
4645	200a19. Ρα7. 1364a14. de inversa propositionum syllo-
4646	gismi ratione, ἀνάπαλιν τεθέντος τȣ͂ στερητικȣ͂, ἀνάπαλιν
4647	τεθείσης τῆς καταφατικῆς Αα17. 37b11. 19. 38b5. γ16.
4648	80a37 (i e negatione vel affrmatione in altera propositione
4649	syllogismi posita, cf μετατιθέναι γ16. 80b6. ἀνάπαλιν ἔχȣ-
4650	σιν αἱ προτάσεις β9. 60a31). ἀνάπαλιν τιθέναι τὸ μέσον
4651	(i e τȣ͂ μέσȣ et τȣ͂ ἄκρȣ alterius locum inter se commu-
4652	tare) Αγ13. 78b7. ἀνάπαλιν λαμβάνειν τὴν πρότασιν, ἀνά-
4653	παλιν τῇ κατηγορί τὴν πρότασιν λαβεῖν (i e μεταλλαγὴ
4654	τῶν τῆς προτάσεως ὅρων) Αβ5. 58a35, 26, 57b19, 24. cf
4655	α28. 44a4. ἀνάπαλιν ἡ ἀκολȣθησις (i e μεταλλαγέντων τῶν
4656	ὅρων), opp ἐπὶ ταὐτά τβ8. 113b21, 19, 16, 28, 34. —
4657	3. ἀνάπαλιν i q ἡ εἰς ἀντίφασιν μετάληψις, cf ἀντιστρέ-
4658	φειν 2. Αγ16. 79b35. τβ7. 112b33. — 4. omnino fere
4659	i q ἐναντίως: γιγνόμενα εὖ, ἀνάπαλιν συμβαίνοντα Ηα11.
4660	1100b28. cf Φθ1. 251a33. Ρβ23. 1399b15. ρ26. 1435
4661	b15. — interdum ἀνάπαλιν elliptice ita usurpatur, ut uni-
4662	versale quoddam verbum γίγνεται, συμβαίνει, ποιεῖ al omit-
4663	tatur, ἐπὶ δὲ τῶν φοβερῶν ἀνάπαλιν Ηγ15. 1119a27. cf ε7.
4664	1131b20. θ16. 1163a33. ἡ δὲ κραγγὼν τὸ ἀνάπαλιν Ζιδ 2.
4665	525b21.
4666	ἀναπάλλειν. τῶν σεισμῶν οἱ ἀναπάλλοντες κ4. 396a9.
4667	396a9.
4668	ἀναπαύειν. ἡ ὁμοιότης ȣ̓κ ἀναπαύει τὰ μέρη πε1. 880b22.
4669	— ἀναπαύεσθαι περιεσταλμένον δεῖ τὸν πυρέττοντα πα55.
4670	866a25.
4671	455b18. 3. 458a32. Πθ3. 1337b38. τῇ ψυχῇ ἐστὶν ἀνά-
4672	παυσις ἡ περὶ τὸν ὕπνον γενομένη τȣ͂ σώματος ἄνεσις Οβ1.
4673	284.a33. υ2. 455b21. ἡ παιδιὰ χάριν ἀναπαύσεώς ἐστιν
4674	Πθ3. 1337b39. 5. 1339b15,a16. Ηδ14. 1128b3. η8. 1150
4675	ἀνάπαυσις ἐν τῷ βίω Ηδ14. 1127b33. πορίζειν αὑτοῖς ἀνα-
4676	παύσεις μεθ᾽ ἡδονῆς Ηθ11. 1160a24. coni ῥαθυμίαι, ἀμέ-
4677	λειαι Ρα11. 1370a15. τὴν ἀνάπαυσιν ἔχειν περὶ τȣς θεȣ́ς
4678	Πη9. 1329a32. — ποιεῖσθαι ἀνάπαυσιν τῶν δρόμων Ζιζ29.
4679	ἀναπείθειν c inf Πε4. 1303b25.
4680	ἀναπείρειν. ἀναπαρῆναι ἐπὶ τὸν ὀβελίσκον θ63. 835a18.
4681	ἀναπέμπειν πῦρ, φλόγα πυρός θ105. 840a1. 114. 841a21.
4682	— ἀνέπεμπον (οἱ διαιτηταὶ) ἐπὶ τȣ̀ς δικαστάς f 414. 1547a37.
4683	16. 933a29. κϛ30. 943b6. πελάγη ἀναπεπταμένα πκϛ40.
4684	945a1. ὄμματα ἀναπεπταμένα πλα8. 958a39. 15.958b37.
4685	ἀναπέτεσθαι εἰς τὸ ὕψος Ζμβ13. 657b27, εἰς τὸ πέλαγος
4686	Ζιι12. 615b2. ἀναπετόμεναι ὅταν σοβήσῃ τις Ζιε30. 556
4687	b14. ἀναπέτονται ϗ̀ ἄδȣσι Ζιθ17. 601a9. ἀναπτᾶσα ἡ πέρ-
4688	διξ Ζιι8. 613b20.
4689	ἀναπηδᾶν. ἄρκτοι ἐπὶ τὰ δένδρα ἀναπηδῶσιν Ζι6. 611b34.
4690	ὕδωρ ἀναπηδᾷ Ζιθ11. 596b18. θ138. 844b11. 127. 842
4691	b16.
4692	ἀναπηνίζεσθαι. τὰ βομβύκια ἀναλύȣσιν ἀναπηνιζόμεναι
